origin,h,country,category,table,date,days,lo80,hi80,lo95,hi95,shadow,recipe,hold_mase
2015-08,1,china,EB5_TEA,FAD,2015-09-01,14104,14069,14139,14031,14178,True,theta,0.02
2015-08,2,china,EB5_TEA,FAD,2015-10-01,14130,14080,14179,14025,14234,True,theta,0.02
2015-08,3,china,EB5_TEA,FAD,2015-11-01,14155,14094,14216,14027,14283,True,theta,0.02
2015-08,4,china,EB5_TEA,FAD,2015-12-01,14180,14110,14250,14032,14328,True,theta,0.02
2015-08,5,china,EB5_TEA,FAD,2016-01-01,14205,14127,14284,14040,14370,True,theta,0.02
2015-08,6,china,EB5_TEA,FAD,2016-02-01,14230,14145,14316,14050,14411,True,theta,0.02
2015-08,7,china,EB5_TEA,FAD,2016-03-01,14256,14163,14348,14060,14451,True,theta,0.02
2015-08,8,china,EB5_TEA,FAD,2016-04-01,14281,14182,14380,14072,14490,True,theta,0.02
2015-08,9,china,EB5_TEA,FAD,2016-05-01,14306,14201,14411,14085,14527,True,theta,0.02
2015-08,10,china,EB5_TEA,FAD,2016-06-01,14331,14220,14442,14098,14565,True,theta,0.02
2015-08,11,china,EB5_TEA,FAD,2016-07-01,14356,14240,14473,14112,14601,True,theta,0.02
2015-08,12,china,EB5_TEA,FAD,2016-08-01,14382,14260,14503,14126,14637,True,theta,0.02
2021-11,1,china,EB5_NONRC,DFF,2021-12-01,14958,14856,15060,14744,15172,True,ets,0.1219
2021-11,2,china,EB5_NONRC,DFF,2022-01-01,14958,14814,15102,14655,15261,True,ets,0.1219
2021-11,3,china,EB5_NONRC,DFF,2022-02-01,14958,14782,15134,14587,15329,True,ets,0.1219
2021-11,4,china,EB5_NONRC,DFF,2022-03-01,14958,14755,15161,14530,15386,True,ets,0.1219
2021-11,5,china,EB5_NONRC,DFF,2022-04-01,14958,14731,15185,14479,15437,True,ets,0.1219
2021-11,6,china,EB5_NONRC,DFF,2022-05-01,14958,14709,15207,14434,15482,True,ets,0.1219
2021-11,7,china,EB5_NONRC,DFF,2022-06-01,14958,14689,15227,14392,15524,True,ets,0.1219
2021-11,8,china,EB5_NONRC,DFF,2022-07-01,14958,14671,15245,14353,15563,True,ets,0.1219
2021-11,9,china,EB5_NONRC,DFF,2022-08-01,14958,14653,15263,14316,15600,True,ets,0.1219
2021-11,10,china,EB5_NONRC,DFF,2022-09-01,14958,14637,15279,14281,15635,True,ets,0.1219
2021-11,11,china,EB5_NONRC,DFF,2022-10-01,14958,14621,15295,14248,15668,True,ets,0.1219
2021-11,12,china,EB5_NONRC,DFF,2022-11-01,14958,14606,15310,14217,15699,True,ets,0.1219
2022-04,1,china,EB5_RC,DFF,2022-05-01,14958,14958,14958,14958,14958,True,ets,0.0
2022-04,2,china,EB5_RC,DFF,2022-06-01,14958,14958,14958,14958,14958,True,ets,0.0
2022-04,3,china,EB5_RC,DFF,2022-07-01,14958,14958,14958,14958,14958,True,ets,0.0
2022-04,4,china,EB5_RC,DFF,2022-08-01,14958,14958,14958,14958,14958,True,ets,0.0
2022-04,5,china,EB5_RC,DFF,2022-09-01,14958,14958,14958,14958,14958,True,ets,0.0
2022-04,6,china,EB5_RC,DFF,2022-10-01,14958,14958,14958,14958,14958,True,ets,0.0
2022-04,7,china,EB5_RC,DFF,2022-11-01,14958,14958,14958,14958,14958,True,ets,0.0
2022-04,8,china,EB5_RC,DFF,2022-12-01,14958,14958,14958,14958,14958,True,ets,0.0
2022-04,9,china,EB5_RC,DFF,2023-01-01,14958,14958,14958,14958,14958,True,ets,0.0
2022-04,10,china,EB5_RC,DFF,2023-02-01,14958,14958,14958,14958,14958,True,ets,0.0
2022-04,11,china,EB5_RC,DFF,2023-03-01,14958,14958,14958,14958,14958,True,ets,0.0
2022-04,12,china,EB5_RC,DFF,2023-04-01,14958,14958,14958,14958,14958,True,ets,0.0
2023-09,1,all_chargeability,EB1,FAD,2023-10-01,17769,17758,17780,17747,17791,True,theta,0.0619
2023-09,2,all_chargeability,EB1,FAD,2023-11-01,17790,17775,17805,17759,17822,True,theta,0.0619
2023-09,3,all_chargeability,EB1,FAD,2023-12-01,17811,17793,17830,17773,17850,True,theta,0.0619
2023-09,4,all_chargeability,EB1,FAD,2024-01-01,17832,17811,17854,17788,17877,True,theta,0.0619
2023-09,5,all_chargeability,EB1,FAD,2024-02-01,17854,17830,17877,17804,17903,True,theta,0.0619
2023-09,6,all_chargeability,EB1,FAD,2024-03-01,17875,17849,17901,17820,17929,True,theta,0.0619
2023-09,7,all_chargeability,EB1,FAD,2024-04-01,17896,17868,17924,17837,17955,True,theta,0.0619
2023-09,8,all_chargeability,EB1,FAD,2024-05-01,17917,17887,17947,17854,17980,True,theta,0.0619
2023-09,9,all_chargeability,EB1,FAD,2024-06-01,17938,17906,17970,17871,18005,True,theta,0.0619
2023-09,10,all_chargeability,EB1,FAD,2024-07-01,17959,17926,17992,17888,18030,True,theta,0.0619
2023-09,11,all_chargeability,EB1,FAD,2024-08-01,17980,17945,18015,17906,18054,True,theta,0.0619
2023-09,12,all_chargeability,EB1,FAD,2024-09-01,18001,17964,18038,17924,18078,True,theta,0.0619
2023-09,1,mexico,EB1,FAD,2023-10-01,17769,17758,17780,17747,17791,True,theta,0.0619
2023-09,2,mexico,EB1,FAD,2023-11-01,17790,17775,17805,17759,17822,True,theta,0.0619
2023-09,3,mexico,EB1,FAD,2023-12-01,17811,17793,17830,17773,17850,True,theta,0.0619
2023-09,4,mexico,EB1,FAD,2024-01-01,17832,17811,17854,17788,17877,True,theta,0.0619
2023-09,5,mexico,EB1,FAD,2024-02-01,17854,17830,17877,17804,17903,True,theta,0.0619
2023-09,6,mexico,EB1,FAD,2024-03-01,17875,17849,17901,17820,17929,True,theta,0.0619
2023-09,7,mexico,EB1,FAD,2024-04-01,17896,17868,17924,17837,17955,True,theta,0.0619
2023-09,8,mexico,EB1,FAD,2024-05-01,17917,17887,17947,17854,17980,True,theta,0.0619
2023-09,9,mexico,EB1,FAD,2024-06-01,17938,17906,17970,17871,18005,True,theta,0.0619
2023-09,10,mexico,EB1,FAD,2024-07-01,17959,17926,17992,17888,18030,True,theta,0.0619
2023-09,11,mexico,EB1,FAD,2024-08-01,17980,17945,18015,17906,18054,True,theta,0.0619
2023-09,12,mexico,EB1,FAD,2024-09-01,18001,17964,18038,17924,18078,True,theta,0.0619
2023-09,1,philippines,EB1,FAD,2023-10-01,17769,17758,17780,17747,17791,True,theta,0.0619
2023-09,2,philippines,EB1,FAD,2023-11-01,17790,17775,17805,17759,17822,True,theta,0.0619
2023-09,3,philippines,EB1,FAD,2023-12-01,17811,17793,17830,17773,17850,True,theta,0.0619
2023-09,4,philippines,EB1,FAD,2024-01-01,17832,17811,17854,17788,17877,True,theta,0.0619
2023-09,5,philippines,EB1,FAD,2024-02-01,17854,17830,17877,17804,17903,True,theta,0.0619
2023-09,6,philippines,EB1,FAD,2024-03-01,17875,17849,17901,17820,17929,True,theta,0.0619
2023-09,7,philippines,EB1,FAD,2024-04-01,17896,17868,17924,17837,17955,True,theta,0.0619
2023-09,8,philippines,EB1,FAD,2024-05-01,17917,17887,17947,17854,17980,True,theta,0.0619
2023-09,9,philippines,EB1,FAD,2024-06-01,17938,17906,17970,17871,18005,True,theta,0.0619
2023-09,10,philippines,EB1,FAD,2024-07-01,17959,17926,17992,17888,18030,True,theta,0.0619
2023-09,11,philippines,EB1,FAD,2024-08-01,17980,17945,18015,17906,18054,True,theta,0.0619
2023-09,12,philippines,EB1,FAD,2024-09-01,18001,17964,18038,17924,18078,True,theta,0.0619
2026-03,1,all_chargeability,EB2,FAD,2026-04-01,18205,18120,18289,18027,18382,True,theta,0.0853
2026-03,2,all_chargeability,EB2,FAD,2026-05-01,18224,18105,18343,17973,18475,True,theta,0.0853
2026-03,3,all_chargeability,EB2,FAD,2026-06-01,18244,18098,18390,17936,18551,True,theta,0.0853
2026-03,4,all_chargeability,EB2,FAD,2026-07-01,18264,18095,18432,17908,18619,True,theta,0.0853
2026-03,5,all_chargeability,EB2,FAD,2026-08-01,18283,18095,18472,17886,18680,True,theta,0.0853
2026-03,6,all_chargeability,EB2,FAD,2026-09-01,18303,18097,18509,17868,18738,True,theta,0.0853
2026-03,7,all_chargeability,EB2,FAD,2026-10-01,18323,18100,18546,17853,18793,True,theta,0.0853
2026-03,8,all_chargeability,EB2,FAD,2026-11-01,18342,18104,18581,17840,18845,True,theta,0.0853
2026-03,9,all_chargeability,EB2,FAD,2026-12-01,18362,18109,18615,17829,18895,True,theta,0.0853
2026-03,10,all_chargeability,EB2,FAD,2027-01-01,18382,18115,18648,17820,18944,True,theta,0.0853
2026-03,11,all_chargeability,EB2,FAD,2027-02-01,18402,18122,18681,17813,18991,True,theta,0.0853
2026-03,12,all_chargeability,EB2,FAD,2027-03-01,18422,18130,18713,17806,19037,True,theta,0.0853
2026-03,1,all_chargeability,EB3,DFF,2026-04-01,17928,17879,17976,17826,18029,True,ets,0.0511
2026-03,2,all_chargeability,EB3,DFF,2026-05-01,17958,17890,18026,17814,18102,True,ets,0.0511
2026-03,3,all_chargeability,EB3,DFF,2026-06-01,17988,17904,18071,17812,18164,True,ets,0.0511
2026-03,4,all_chargeability,EB3,DFF,2026-07-01,18018,17921,18114,17815,18221,True,ets,0.0511
2026-03,5,all_chargeability,EB3,DFF,2026-08-01,18048,17940,18156,17821,18275,True,ets,0.0511
2026-03,6,all_chargeability,EB3,DFF,2026-09-01,18078,17960,18196,17829,18327,True,ets,0.0511
2026-03,7,all_chargeability,EB3,DFF,2026-10-01,18108,17980,18236,17839,18377,True,ets,0.0511
2026-03,8,all_chargeability,EB3,DFF,2026-11-01,18138,18002,18275,17851,18426,True,ets,0.0511
2026-03,9,all_chargeability,EB3,DFF,2026-12-01,18168,18023,18313,17863,18473,True,ets,0.0511
2026-03,10,all_chargeability,EB3,DFF,2027-01-01,18198,18046,18351,17877,18520,True,ets,0.0511
2026-03,11,all_chargeability,EB3,DFF,2027-02-01,18228,18068,18388,17891,18565,True,ets,0.0511
2026-03,12,all_chargeability,EB3,DFF,2027-03-01,18258,18091,18425,17906,18611,True,ets,0.0511
2026-03,1,all_chargeability,F2A,DFF,2026-04-01,18712,18618,18806,18514,18910,True,ets,0.086
2026-03,2,all_chargeability,F2A,DFF,2026-05-01,18744,18612,18877,18465,19024,True,ets,0.086
2026-03,3,all_chargeability,F2A,DFF,2026-06-01,18776,18614,18939,18434,19119,True,ets,0.086
2026-03,4,all_chargeability,F2A,DFF,2026-07-01,18808,18621,18996,18413,19204,True,ets,0.086
2026-03,5,all_chargeability,F2A,DFF,2026-08-01,18840,18631,19050,18399,19282,True,ets,0.086
2026-03,6,all_chargeability,F2A,DFF,2026-09-01,18873,18643,19102,18388,19357,True,ets,0.086
2026-03,7,all_chargeability,F2A,DFF,2026-10-01,18905,18657,19153,18382,19427,True,ets,0.086
2026-03,8,all_chargeability,F2A,DFF,2026-11-01,18937,18672,19202,18378,19496,True,ets,0.086
2026-03,9,all_chargeability,F2A,DFF,2026-12-01,18969,18688,19250,18376,19562,True,ets,0.086
2026-03,10,all_chargeability,F2A,DFF,2027-01-01,19001,18704,19297,18376,19626,True,ets,0.086
2026-03,11,all_chargeability,F2A,DFF,2027-02-01,19033,18722,19344,18378,19688,True,ets,0.086
2026-03,12,all_chargeability,F2A,DFF,2027-03-01,19065,18740,19390,18381,19750,True,ets,0.086
2026-03,1,china,F2A,DFF,2026-04-01,18712,18618,18806,18514,18910,True,ets,0.086
2026-03,2,china,F2A,DFF,2026-05-01,18744,18612,18877,18465,19024,True,ets,0.086
2026-03,3,china,F2A,DFF,2026-06-01,18776,18614,18939,18434,19119,True,ets,0.086
2026-03,4,china,F2A,DFF,2026-07-01,18808,18621,18996,18413,19204,True,ets,0.086
2026-03,5,china,F2A,DFF,2026-08-01,18840,18631,19050,18399,19282,True,ets,0.086
2026-03,6,china,F2A,DFF,2026-09-01,18873,18643,19102,18388,19357,True,ets,0.086
2026-03,7,china,F2A,DFF,2026-10-01,18905,18657,19153,18382,19427,True,ets,0.086
2026-03,8,china,F2A,DFF,2026-11-01,18937,18672,19202,18378,19496,True,ets,0.086
2026-03,9,china,F2A,DFF,2026-12-01,18969,18688,19250,18376,19562,True,ets,0.086
2026-03,10,china,F2A,DFF,2027-01-01,19001,18704,19297,18376,19626,True,ets,0.086
2026-03,11,china,F2A,DFF,2027-02-01,19033,18722,19344,18378,19688,True,ets,0.086
2026-03,12,china,F2A,DFF,2027-03-01,19065,18740,19390,18381,19750,True,ets,0.086
2026-03,1,india,F2A,DFF,2026-04-01,18712,18618,18806,18514,18910,True,ets,0.086
2026-03,2,india,F2A,DFF,2026-05-01,18744,18612,18877,18465,19024,True,ets,0.086
2026-03,3,india,F2A,DFF,2026-06-01,18776,18614,18939,18434,19119,True,ets,0.086
2026-03,4,india,F2A,DFF,2026-07-01,18808,18621,18996,18413,19204,True,ets,0.086
2026-03,5,india,F2A,DFF,2026-08-01,18840,18631,19050,18399,19282,True,ets,0.086
2026-03,6,india,F2A,DFF,2026-09-01,18873,18643,19102,18388,19357,True,ets,0.086
2026-03,7,india,F2A,DFF,2026-10-01,18905,18657,19153,18382,19427,True,ets,0.086
2026-03,8,india,F2A,DFF,2026-11-01,18937,18672,19202,18378,19496,True,ets,0.086
2026-03,9,india,F2A,DFF,2026-12-01,18969,18688,19250,18376,19562,True,ets,0.086
2026-03,10,india,F2A,DFF,2027-01-01,19001,18704,19297,18376,19626,True,ets,0.086
2026-03,11,india,F2A,DFF,2027-02-01,19033,18722,19344,18378,19688,True,ets,0.086
2026-03,12,india,F2A,DFF,2027-03-01,19065,18740,19390,18381,19750,True,ets,0.086
2026-03,1,mexico,EB2,FAD,2026-04-01,18205,18120,18289,18027,18382,True,theta,0.0853
2026-03,2,mexico,EB2,FAD,2026-05-01,18224,18105,18343,17973,18475,True,theta,0.0853
2026-03,3,mexico,EB2,FAD,2026-06-01,18244,18098,18390,17936,18551,True,theta,0.0853
2026-03,4,mexico,EB2,FAD,2026-07-01,18264,18095,18432,17908,18619,True,theta,0.0853
2026-03,5,mexico,EB2,FAD,2026-08-01,18283,18095,18472,17886,18680,True,theta,0.0853
2026-03,6,mexico,EB2,FAD,2026-09-01,18303,18097,18509,17868,18738,True,theta,0.0853
2026-03,7,mexico,EB2,FAD,2026-10-01,18323,18100,18546,17853,18793,True,theta,0.0853
2026-03,8,mexico,EB2,FAD,2026-11-01,18342,18104,18581,17840,18845,True,theta,0.0853
2026-03,9,mexico,EB2,FAD,2026-12-01,18362,18109,18615,17829,18895,True,theta,0.0853
2026-03,10,mexico,EB2,FAD,2027-01-01,18382,18115,18648,17820,18944,True,theta,0.0853
2026-03,11,mexico,EB2,FAD,2027-02-01,18402,18122,18681,17813,18991,True,theta,0.0853
2026-03,12,mexico,EB2,FAD,2027-03-01,18422,18130,18713,17806,19037,True,theta,0.0853
2026-03,1,mexico,EB3,DFF,2026-04-01,17927,17879,17976,17826,18029,True,ets,0.0515
2026-03,2,mexico,EB3,DFF,2026-05-01,17956,17888,18025,17813,18100,True,ets,0.0515
2026-03,3,mexico,EB3,DFF,2026-06-01,17986,17902,18069,17809,18162,True,ets,0.0515
2026-03,4,mexico,EB3,DFF,2026-07-01,18015,17918,18111,17811,18218,True,ets,0.0515
2026-03,5,mexico,EB3,DFF,2026-08-01,18044,17936,18152,17816,18271,True,ets,0.0515
2026-03,6,mexico,EB3,DFF,2026-09-01,18073,17955,18191,17824,18322,True,ets,0.0515
2026-03,7,mexico,EB3,DFF,2026-10-01,18102,17974,18230,17833,18371,True,ets,0.0515
2026-03,8,mexico,EB3,DFF,2026-11-01,18131,17995,18268,17843,18419,True,ets,0.0515
2026-03,9,mexico,EB3,DFF,2026-12-01,18160,18015,18305,17855,18466,True,ets,0.0515
2026-03,10,mexico,EB3,DFF,2027-01-01,18189,18037,18342,17868,18511,True,ets,0.0515
2026-03,11,mexico,EB3,DFF,2027-02-01,18218,18058,18379,17881,18556,True,ets,0.0515
2026-03,12,mexico,EB3,DFF,2027-03-01,18248,18080,18415,17895,18600,True,ets,0.0515
2026-03,1,mexico,F2A,DFF,2026-04-01,18712,18618,18806,18514,18910,True,ets,0.086
2026-03,2,mexico,F2A,DFF,2026-05-01,18744,18612,18877,18465,19024,True,ets,0.086
2026-03,3,mexico,F2A,DFF,2026-06-01,18776,18614,18939,18434,19119,True,ets,0.086
2026-03,4,mexico,F2A,DFF,2026-07-01,18808,18621,18996,18413,19204,True,ets,0.086
2026-03,5,mexico,F2A,DFF,2026-08-01,18840,18631,19050,18399,19282,True,ets,0.086
2026-03,6,mexico,F2A,DFF,2026-09-01,18873,18643,19102,18388,19357,True,ets,0.086
2026-03,7,mexico,F2A,DFF,2026-10-01,18905,18657,19153,18382,19427,True,ets,0.086
2026-03,8,mexico,F2A,DFF,2026-11-01,18937,18672,19202,18378,19496,True,ets,0.086
2026-03,9,mexico,F2A,DFF,2026-12-01,18969,18688,19250,18376,19562,True,ets,0.086
2026-03,10,mexico,F2A,DFF,2027-01-01,19001,18704,19297,18376,19626,True,ets,0.086
2026-03,11,mexico,F2A,DFF,2027-02-01,19033,18722,19344,18378,19688,True,ets,0.086
2026-03,12,mexico,F2A,DFF,2027-03-01,19065,18740,19390,18381,19750,True,ets,0.086
2026-03,1,philippines,EB2,FAD,2026-04-01,18205,18120,18289,18027,18382,True,theta,0.0853
2026-03,2,philippines,EB2,FAD,2026-05-01,18224,18105,18343,17973,18475,True,theta,0.0853
2026-03,3,philippines,EB2,FAD,2026-06-01,18244,18098,18390,17936,18551,True,theta,0.0853
2026-03,4,philippines,EB2,FAD,2026-07-01,18264,18095,18432,17908,18619,True,theta,0.0853
2026-03,5,philippines,EB2,FAD,2026-08-01,18283,18095,18472,17886,18680,True,theta,0.0853
2026-03,6,philippines,EB2,FAD,2026-09-01,18303,18097,18509,17868,18738,True,theta,0.0853
2026-03,7,philippines,EB2,FAD,2026-10-01,18323,18100,18546,17853,18793,True,theta,0.0853
2026-03,8,philippines,EB2,FAD,2026-11-01,18342,18104,18581,17840,18845,True,theta,0.0853
2026-03,9,philippines,EB2,FAD,2026-12-01,18362,18109,18615,17829,18895,True,theta,0.0853
2026-03,10,philippines,EB2,FAD,2027-01-01,18382,18115,18648,17820,18944,True,theta,0.0853
2026-03,11,philippines,EB2,FAD,2027-02-01,18402,18122,18681,17813,18991,True,theta,0.0853
2026-03,12,philippines,EB2,FAD,2027-03-01,18422,18130,18713,17806,19037,True,theta,0.0853
2026-03,1,philippines,F2A,DFF,2026-04-01,18712,18618,18806,18514,18910,True,ets,0.086
2026-03,2,philippines,F2A,DFF,2026-05-01,18744,18612,18877,18465,19024,True,ets,0.086
2026-03,3,philippines,F2A,DFF,2026-06-01,18776,18614,18939,18434,19119,True,ets,0.086
2026-03,4,philippines,F2A,DFF,2026-07-01,18808,18621,18996,18413,19204,True,ets,0.086
2026-03,5,philippines,F2A,DFF,2026-08-01,18840,18631,19050,18399,19282,True,ets,0.086
2026-03,6,philippines,F2A,DFF,2026-09-01,18873,18643,19102,18388,19357,True,ets,0.086
2026-03,7,philippines,F2A,DFF,2026-10-01,18905,18657,19153,18382,19427,True,ets,0.086
2026-03,8,philippines,F2A,DFF,2026-11-01,18937,18672,19202,18378,19496,True,ets,0.086
2026-03,9,philippines,F2A,DFF,2026-12-01,18969,18688,19250,18376,19562,True,ets,0.086
2026-03,10,philippines,F2A,DFF,2027-01-01,19001,18704,19297,18376,19626,True,ets,0.086
2026-03,11,philippines,F2A,DFF,2027-02-01,19033,18722,19344,18378,19688,True,ets,0.086
2026-03,12,philippines,F2A,DFF,2027-03-01,19065,18740,19390,18381,19750,True,ets,0.086
2026-06,1,india,EB2,FAD,2026-07-01,14123,13973,14273,13806,14440,True,theta,0.08
2026-06,2,india,EB2,FAD,2026-08-01,14123,13910,14336,13675,14571,True,theta,0.08
2026-06,3,india,EB2,FAD,2026-09-01,14123,13863,14383,13574,14672,True,theta,0.08
2026-06,4,india,EB2,FAD,2026-10-01,14123,13822,14424,13489,14757,True,theta,0.08
2026-06,5,india,EB2,FAD,2026-11-01,14123,13787,14459,13414,14832,True,theta,0.08
2026-06,6,india,EB2,FAD,2026-12-01,14123,13755,14491,13347,14899,True,theta,0.08
2026-06,7,india,EB2,FAD,2027-01-01,14123,13725,14521,13284,14962,True,theta,0.08
2026-06,8,india,EB2,FAD,2027-02-01,14123,13698,14548,13226,15020,True,theta,0.08
2026-06,9,india,EB2,FAD,2027-03-01,14123,13672,14574,13172,15074,True,theta,0.08
2026-06,10,india,EB2,FAD,2027-04-01,14123,13647,14599,13121,15125,True,theta,0.08
2026-06,11,india,EB2,FAD,2027-05-01,14123,13624,14622,13072,15174,True,theta,0.08
2026-06,12,india,EB2,FAD,2027-06-01,14123,13602,14644,13025,15221,True,theta,0.08
2026-07,1,all_chargeability,EB3,FAD,2026-08-01,18143,17821,18465,17465,18821,True,theta,0.14
2026-07,2,all_chargeability,EB3,FAD,2026-09-01,18176,17722,18631,17217,19136,True,theta,0.14
2026-07,3,all_chargeability,EB3,FAD,2026-10-01,18210,17653,18767,17035,19384,True,theta,0.14
2026-07,4,all_chargeability,EB3,FAD,2026-11-01,18243,17600,18887,16887,19599,True,theta,0.14
2026-07,5,all_chargeability,EB3,FAD,2026-12-01,18277,17557,18996,16760,19793,True,theta,0.14
2026-07,6,all_chargeability,EB3,FAD,2027-01-01,18310,17522,19098,16649,19971,True,theta,0.14
2026-07,7,all_chargeability,EB3,FAD,2027-02-01,18344,17493,19195,16550,20138,True,theta,0.14
2026-07,8,all_chargeability,EB3,FAD,2027-03-01,18377,17467,19287,16459,20295,True,theta,0.14
2026-07,9,all_chargeability,EB3,FAD,2027-04-01,18411,17446,19376,16377,20445,True,theta,0.14
2026-07,10,all_chargeability,EB3,FAD,2027-05-01,18445,17427,19462,16300,20589,True,theta,0.14
2026-07,11,all_chargeability,EB3,FAD,2027-06-01,18479,17412,19546,16229,20728,True,theta,0.14
2026-07,12,all_chargeability,EB3,FAD,2027-07-01,18512,17398,19627,16163,20862,True,theta,0.14
2026-07,1,all_chargeability,EB3_OW,DFF,2026-08-01,17399,17302,17495,17196,17602,True,ets,0.0582
2026-07,2,all_chargeability,EB3_OW,DFF,2026-09-01,17418,17282,17555,17131,17706,True,ets,0.0582
2026-07,3,all_chargeability,EB3_OW,DFF,2026-10-01,17438,17271,17605,17087,17790,True,ets,0.0582
2026-07,4,all_chargeability,EB3_OW,DFF,2026-11-01,17458,17265,17651,17052,17864,True,ets,0.0582
2026-07,5,all_chargeability,EB3_OW,DFF,2026-12-01,17478,17262,17693,17024,17932,True,ets,0.0582
2026-07,6,all_chargeability,EB3_OW,DFF,2027-01-01,17497,17262,17733,17000,17995,True,ets,0.0582
2026-07,7,all_chargeability,EB3_OW,DFF,2027-02-01,17517,17262,17772,16980,18054,True,ets,0.0582
2026-07,8,all_chargeability,EB3_OW,DFF,2027-03-01,17537,17264,17809,16963,18111,True,ets,0.0582
2026-07,9,all_chargeability,EB3_OW,DFF,2027-04-01,17557,17268,17846,16948,18166,True,ets,0.0582
2026-07,10,all_chargeability,EB3_OW,DFF,2027-05-01,17576,17272,17881,16934,18218,True,ets,0.0582
2026-07,11,all_chargeability,EB3_OW,DFF,2027-06-01,17596,17277,17915,16923,18269,True,ets,0.0582
2026-07,12,all_chargeability,EB3_OW,DFF,2027-07-01,17616,17282,17949,16913,18319,True,ets,0.0582
2026-07,1,all_chargeability,EB3_OW,FAD,2026-08-01,17226,17174,17278,17116,17336,True,theta,0.0414
2026-07,2,all_chargeability,EB3_OW,FAD,2026-09-01,17226,17152,17300,17070,17382,True,theta,0.0414
2026-07,3,all_chargeability,EB3_OW,FAD,2026-10-01,17226,17136,17316,17035,17417,True,theta,0.0414
2026-07,4,all_chargeability,EB3_OW,FAD,2026-11-01,17226,17122,17330,17006,17446,True,theta,0.0414
2026-07,5,all_chargeability,EB3_OW,FAD,2026-12-01,17226,17109,17343,16980,17472,True,theta,0.0414
2026-07,6,all_chargeability,EB3_OW,FAD,2027-01-01,17226,17098,17354,16957,17495,True,theta,0.0414
2026-07,7,all_chargeability,EB3_OW,FAD,2027-02-01,17226,17088,17364,16935,17517,True,theta,0.0414
2026-07,8,all_chargeability,EB3_OW,FAD,2027-03-01,17226,17078,17374,16915,17537,True,theta,0.0414
2026-07,9,all_chargeability,EB3_OW,FAD,2027-04-01,17226,17069,17383,16896,17556,True,theta,0.0414
2026-07,10,all_chargeability,EB3_OW,FAD,2027-05-01,17226,17061,17391,16878,17574,True,theta,0.0414
2026-07,11,all_chargeability,EB3_OW,FAD,2027-06-01,17226,17053,17399,16861,17591,True,theta,0.0414
2026-07,12,all_chargeability,EB3_OW,FAD,2027-07-01,17226,17045,17407,16845,17607,True,theta,0.0414
2026-07,1,all_chargeability,EB4,FAD,2026-08-01,17440,17186,17695,16904,17977,True,theta,0.1623
2026-07,2,all_chargeability,EB4,FAD,2026-09-01,17457,17097,17817,16699,18215,True,theta,0.1623
2026-07,3,all_chargeability,EB4,FAD,2026-10-01,17473,17033,17914,16544,18402,True,theta,0.1623
2026-07,4,all_chargeability,EB4,FAD,2026-11-01,17490,16981,17998,16417,18562,True,theta,0.1623
2026-07,5,all_chargeability,EB4,FAD,2026-12-01,17506,16937,18075,16307,18705,True,theta,0.1623
2026-07,6,all_chargeability,EB4,FAD,2027-01-01,17522,16899,18145,16209,18836,True,theta,0.1623
2026-07,7,all_chargeability,EB4,FAD,2027-02-01,17539,16866,18212,16120,18957,True,theta,0.1623
2026-07,8,all_chargeability,EB4,FAD,2027-03-01,17555,16836,18275,16038,19072,True,theta,0.1623
2026-07,9,all_chargeability,EB4,FAD,2027-04-01,17571,16808,18334,15963,19180,True,theta,0.1623
2026-07,10,all_chargeability,EB4,FAD,2027-05-01,17588,16783,18392,15892,19283,True,theta,0.1623
2026-07,11,all_chargeability,EB4,FAD,2027-06-01,17604,16760,18448,15826,19382,True,theta,0.1623
2026-07,12,all_chargeability,EB4,FAD,2027-07-01,17620,16739,18502,15763,19478,True,theta,0.1623
2026-07,1,all_chargeability,EB4_RW,FAD,2026-08-01,17440,17186,17695,16904,17977,True,theta,0.1564
2026-07,2,all_chargeability,EB4_RW,FAD,2026-09-01,17457,17097,17817,16699,18215,True,theta,0.1564
2026-07,3,all_chargeability,EB4_RW,FAD,2026-10-01,17473,17033,17914,16544,18402,True,theta,0.1564
2026-07,4,all_chargeability,EB4_RW,FAD,2026-11-01,17490,16981,17998,16417,18562,True,theta,0.1564
2026-07,5,all_chargeability,EB4_RW,FAD,2026-12-01,17506,16937,18075,16307,18705,True,theta,0.1564
2026-07,6,all_chargeability,EB4_RW,FAD,2027-01-01,17522,16899,18145,16209,18836,True,theta,0.1564
2026-07,7,all_chargeability,EB4_RW,FAD,2027-02-01,17539,16866,18212,16120,18957,True,theta,0.1564
2026-07,8,all_chargeability,EB4_RW,FAD,2027-03-01,17555,16836,18274,16038,19072,True,theta,0.1564
2026-07,9,all_chargeability,EB4_RW,FAD,2027-04-01,17571,16808,18334,15963,19180,True,theta,0.1564
2026-07,10,all_chargeability,EB4_RW,FAD,2027-05-01,17588,16783,18392,15892,19283,True,theta,0.1564
2026-07,11,all_chargeability,EB4_RW,FAD,2027-06-01,17604,16760,18448,15826,19382,True,theta,0.1564
2026-07,12,all_chargeability,EB4_RW,FAD,2027-07-01,17620,16739,18501,15763,19478,True,theta,0.1564
2026-07,1,all_chargeability,F1,DFF,2026-08-01,16098,16009,16188,15910,16287,True,ets,0.0983
2026-07,2,all_chargeability,F1,DFF,2026-09-01,16126,15999,16252,15859,16392,True,ets,0.0983
2026-07,3,all_chargeability,F1,DFF,2026-10-01,16153,15998,16308,15827,16479,True,ets,0.0983
2026-07,4,all_chargeability,F1,DFF,2026-11-01,16181,16002,16359,15804,16557,True,ets,0.0983
2026-07,5,all_chargeability,F1,DFF,2026-12-01,16208,16008,16408,15787,16629,True,ets,0.0983
2026-07,6,all_chargeability,F1,DFF,2027-01-01,16235,16016,16454,15774,16697,True,ets,0.0983
2026-07,7,all_chargeability,F1,DFF,2027-02-01,16263,16026,16499,15764,16761,True,ets,0.0983
2026-07,8,all_chargeability,F1,DFF,2027-03-01,16290,16037,16543,15757,16823,True,ets,0.0983
2026-07,9,all_chargeability,F1,DFF,2027-04-01,16317,16049,16586,15752,16883,True,ets,0.0983
2026-07,10,all_chargeability,F1,DFF,2027-05-01,16345,16062,16627,15749,16941,True,ets,0.0983
2026-07,11,all_chargeability,F1,DFF,2027-06-01,16372,16076,16669,15747,16997,True,ets,0.0983
2026-07,12,all_chargeability,F1,DFF,2027-07-01,16400,16090,16709,15747,17052,True,ets,0.0983
2026-07,1,all_chargeability,F1,FAD,2026-08-01,15754,15679,15828,15596,15911,True,theta,0.1179
2026-07,2,all_chargeability,F1,FAD,2026-09-01,15770,15665,15876,15548,15993,True,theta,0.1179
2026-07,3,all_chargeability,F1,FAD,2026-10-01,15787,15657,15916,15514,16059,True,theta,0.1179
2026-07,4,all_chargeability,F1,FAD,2026-11-01,15803,15654,15953,15489,16118,True,theta,0.1179
2026-07,5,all_chargeability,F1,FAD,2026-12-01,15820,15653,15987,15468,16172,True,theta,0.1179
2026-07,6,all_chargeability,F1,FAD,2027-01-01,15837,15654,16019,15451,16222,True,theta,0.1179
2026-07,7,all_chargeability,F1,FAD,2027-02-01,15853,15656,16051,15437,16270,True,theta,0.1179
2026-07,8,all_chargeability,F1,FAD,2027-03-01,15870,15658,16081,15424,16315,True,theta,0.1179
2026-07,9,all_chargeability,F1,FAD,2027-04-01,15886,15662,16110,15414,16359,True,theta,0.1179
2026-07,10,all_chargeability,F1,FAD,2027-05-01,15903,15667,16139,15405,16401,True,theta,0.1179
2026-07,11,all_chargeability,F1,FAD,2027-06-01,15919,15672,16167,15397,16442,True,theta,0.1179
2026-07,12,all_chargeability,F1,FAD,2027-07-01,15936,15677,16195,15391,16481,True,theta,0.1179
2026-07,1,all_chargeability,F2A,FAD,2026-08-01,18286,18051,18521,17791,18781,True,theta,0.1331
2026-07,2,all_chargeability,F2A,FAD,2026-09-01,18309,17977,18641,17609,19009,True,theta,0.1331
2026-07,3,all_chargeability,F2A,FAD,2026-10-01,18332,17925,18738,17474,19189,True,theta,0.1331
2026-07,4,all_chargeability,F2A,FAD,2026-11-01,18354,17885,18824,17364,19345,True,theta,0.1331
2026-07,5,all_chargeability,F2A,FAD,2026-12-01,18377,17852,18902,17270,19484,True,theta,0.1331
2026-07,6,all_chargeability,F2A,FAD,2027-01-01,18400,17825,18975,17187,19613,True,theta,0.1331
2026-07,7,all_chargeability,F2A,FAD,2027-02-01,18423,17802,19044,17113,19733,True,theta,0.1331
2026-07,8,all_chargeability,F2A,FAD,2027-03-01,18446,17781,19110,17045,19846,True,theta,0.1331
2026-07,9,all_chargeability,F2A,FAD,2027-04-01,18469,17764,19173,16983,19954,True,theta,0.1331
2026-07,10,all_chargeability,F2A,FAD,2027-05-01,18491,17749,19234,16926,20057,True,theta,0.1331
2026-07,11,all_chargeability,F2A,FAD,2027-06-01,18514,17735,19293,16872,20156,True,theta,0.1331
2026-07,12,all_chargeability,F2A,FAD,2027-07-01,18537,17724,19351,16822,20252,True,theta,0.1331
2026-07,1,all_chargeability,F2B,DFF,2026-08-01,15886,15826,15947,15758,16014,True,ets,0.1183
2026-07,2,all_chargeability,F2B,DFF,2026-09-01,15909,15823,15995,15728,16090,True,ets,0.1183
2026-07,3,all_chargeability,F2B,DFF,2026-10-01,15931,15826,16036,15709,16153,True,ets,0.1183
2026-07,4,all_chargeability,F2B,DFF,2026-11-01,15953,15832,16075,15697,16209,True,ets,0.1183
2026-07,5,all_chargeability,F2B,DFF,2026-12-01,15976,15840,16111,15690,16262,True,ets,0.1183
2026-07,6,all_chargeability,F2B,DFF,2027-01-01,15998,15849,16147,15685,16311,True,ets,0.1183
2026-07,7,all_chargeability,F2B,DFF,2027-02-01,16020,15860,16181,15682,16359,True,ets,0.1183
2026-07,8,all_chargeability,F2B,DFF,2027-03-01,16043,15871,16214,15681,16405,True,ets,0.1183
2026-07,9,all_chargeability,F2B,DFF,2027-04-01,16065,15883,16247,15681,16449,True,ets,0.1183
2026-07,10,all_chargeability,F2B,DFF,2027-05-01,16087,15895,16279,15683,16492,True,ets,0.1183
2026-07,11,all_chargeability,F2B,DFF,2027-06-01,16110,15908,16311,15685,16534,True,ets,0.1183
2026-07,12,all_chargeability,F2B,DFF,2027-07-01,16132,15922,16342,15689,16575,True,ets,0.1183
2026-07,1,all_chargeability,F2B,FAD,2026-08-01,15687,15616,15759,15536,15838,True,theta,0.0769
2026-07,2,all_chargeability,F2B,FAD,2026-09-01,15708,15607,15810,15495,15922,True,theta,0.0769
2026-07,3,all_chargeability,F2B,FAD,2026-10-01,15730,15605,15854,15468,15991,True,theta,0.0769
2026-07,4,all_chargeability,F2B,FAD,2026-11-01,15751,15607,15894,15449,16053,True,theta,0.0769
2026-07,5,all_chargeability,F2B,FAD,2026-12-01,15772,15612,15932,15434,16110,True,theta,0.0769
2026-07,6,all_chargeability,F2B,FAD,2027-01-01,15793,15617,15968,15423,16163,True,theta,0.0769
2026-07,7,all_chargeability,F2B,FAD,2027-02-01,15814,15624,16004,15414,16214,True,theta,0.0769
2026-07,8,all_chargeability,F2B,FAD,2027-03-01,15835,15632,16038,15408,16262,True,theta,0.0769
2026-07,9,all_chargeability,F2B,FAD,2027-04-01,15856,15641,16071,15403,16309,True,theta,0.0769
2026-07,10,all_chargeability,F2B,FAD,2027-05-01,15877,15651,16104,15400,16355,True,theta,0.0769
2026-07,11,all_chargeability,F2B,FAD,2027-06-01,15898,15661,16136,15397,16399,True,theta,0.0769
2026-07,12,all_chargeability,F2B,FAD,2027-07-01,15919,15671,16167,15396,16442,True,theta,0.0769
2026-07,1,all_chargeability,F3,DFF,2026-08-01,13878,13758,13998,13625,14131,True,ets,0.2465
2026-07,2,all_chargeability,F3,DFF,2026-09-01,13900,13730,14069,13541,14258,True,ets,0.2465
2026-07,3,all_chargeability,F3,DFF,2026-10-01,13921,13713,14129,13483,14360,True,ets,0.2465
2026-07,4,all_chargeability,F3,DFF,2026-11-01,13943,13703,14183,13437,14449,True,ets,0.2465
2026-07,5,all_chargeability,F3,DFF,2026-12-01,13965,13696,14233,13399,14531,True,ets,0.2465
2026-07,6,all_chargeability,F3,DFF,2027-01-01,13987,13692,14281,13366,14607,True,ets,0.2465
2026-07,7,all_chargeability,F3,DFF,2027-02-01,14008,13691,14326,13338,14678,True,ets,0.2465
2026-07,8,all_chargeability,F3,DFF,2027-03-01,14030,13690,14370,13314,14746,True,ets,0.2465
2026-07,9,all_chargeability,F3,DFF,2027-04-01,14052,13692,14412,13292,14811,True,ets,0.2465
2026-07,10,all_chargeability,F3,DFF,2027-05-01,14074,13694,14454,13273,14874,True,ets,0.2465
2026-07,11,all_chargeability,F3,DFF,2027-06-01,14095,13697,14494,13256,14935,True,ets,0.2465
2026-07,12,all_chargeability,F3,DFF,2027-07-01,14117,13701,14533,13240,14994,True,ets,0.2465
2026-07,1,all_chargeability,F3,FAD,2026-08-01,13632,13508,13756,13370,13893,True,theta,0.1481
2026-07,2,all_chargeability,F3,FAD,2026-09-01,13644,13469,13820,13275,14014,True,theta,0.1481
2026-07,3,all_chargeability,F3,FAD,2026-10-01,13657,13442,13872,13204,14110,True,theta,0.1481
2026-07,4,all_chargeability,F3,FAD,2026-11-01,13670,13422,13918,13147,14193,True,theta,0.1481
2026-07,5,all_chargeability,F3,FAD,2026-12-01,13683,13405,13960,13098,14267,True,theta,0.1481
2026-07,6,all_chargeability,F3,FAD,2027-01-01,13695,13392,13999,13055,14336,True,theta,0.1481
2026-07,7,all_chargeability,F3,FAD,2027-02-01,13708,13380,14036,13016,14400,True,theta,0.1481
2026-07,8,all_chargeability,F3,FAD,2027-03-01,13721,13370,14072,12981,14460,True,theta,0.1481
2026-07,9,all_chargeability,F3,FAD,2027-04-01,13734,13362,14106,12949,14518,True,theta,0.1481
2026-07,10,all_chargeability,F3,FAD,2027-05-01,13746,13354,14139,12920,14573,True,theta,0.1481
2026-07,11,all_chargeability,F3,FAD,2027-06-01,13759,13348,14171,12892,14626,True,theta,0.1481
2026-07,12,all_chargeability,F3,FAD,2027-07-01,13772,13342,14202,12866,14678,True,theta,0.1481
2026-07,1,all_chargeability,F4,DFF,2026-08-01,12898,12854,12942,12806,12990,True,ets,0.1696
2026-07,2,all_chargeability,F4,DFF,2026-09-01,12953,12891,13015,12822,13084,True,ets,0.1696
2026-07,3,all_chargeability,F4,DFF,2026-10-01,13008,12932,13084,12848,13168,True,ets,0.1696
2026-07,4,all_chargeability,F4,DFF,2026-11-01,13063,12975,13151,12878,13248,True,ets,0.1696
2026-07,5,all_chargeability,F4,DFF,2026-12-01,13118,13020,13216,12911,13325,True,ets,0.1696
2026-07,6,all_chargeability,F4,DFF,2027-01-01,13173,13066,13281,12947,13400,True,ets,0.1696
2026-07,7,all_chargeability,F4,DFF,2027-02-01,13228,13112,13344,12984,13473,True,ets,0.1696
2026-07,8,all_chargeability,F4,DFF,2027-03-01,13283,13159,13407,13022,13545,True,ets,0.1696
2026-07,9,all_chargeability,F4,DFF,2027-04-01,13338,13207,13470,13061,13615,True,ets,0.1696
2026-07,10,all_chargeability,F4,DFF,2027-05-01,13393,13255,13532,13101,13685,True,ets,0.1696
2026-07,11,all_chargeability,F4,DFF,2027-06-01,13448,13303,13594,13142,13755,True,ets,0.1696
2026-07,12,all_chargeability,F4,DFF,2027-07-01,13503,13351,13655,13183,13823,True,ets,0.1696
2026-07,1,all_chargeability,F4,FAD,2026-08-01,12427,12362,12491,12291,12562,True,theta,0.1003
2026-07,2,all_chargeability,F4,FAD,2026-09-01,12441,12350,12532,12249,12633,True,theta,0.1003
2026-07,3,all_chargeability,F4,FAD,2026-10-01,12456,12344,12567,12221,12691,True,theta,0.1003
2026-07,4,all_chargeability,F4,FAD,2026-11-01,12470,12342,12599,12199,12742,True,theta,0.1003
2026-07,5,all_chargeability,F4,FAD,2026-12-01,12485,12341,12629,12181,12788,True,theta,0.1003
2026-07,6,all_chargeability,F4,FAD,2027-01-01,12499,12342,12657,12167,12832,True,theta,0.1003
2026-07,7,all_chargeability,F4,FAD,2027-02-01,12514,12344,12684,12155,12873,True,theta,0.1003
2026-07,8,all_chargeability,F4,FAD,2027-03-01,12528,12346,12710,12145,12912,True,theta,0.1003
2026-07,9,all_chargeability,F4,FAD,2027-04-01,12543,12350,12736,12136,12950,True,theta,0.1003
2026-07,10,all_chargeability,F4,FAD,2027-05-01,12557,12354,12761,12128,12986,True,theta,0.1003
2026-07,11,all_chargeability,F4,FAD,2027-06-01,12572,12358,12785,12122,13022,True,theta,0.1003
2026-07,12,all_chargeability,F4,FAD,2027-07-01,12586,12363,12809,12117,13056,True,theta,0.1003
2026-07,1,china,EB1,DFF,2026-08-01,17891,17839,17943,17781,18001,True,ets,0.0861
2026-07,2,china,EB1,DFF,2026-09-01,17915,17841,17989,17759,18071,True,ets,0.0861
2026-07,3,china,EB1,DFF,2026-10-01,17939,17849,18030,17748,18131,True,ets,0.0861
2026-07,4,china,EB1,DFF,2026-11-01,17964,17859,18068,17743,18184,True,ets,0.0861
2026-07,5,china,EB1,DFF,2026-12-01,17988,17871,18105,17741,18235,True,ets,0.0861
2026-07,6,china,EB1,DFF,2027-01-01,18012,17884,18140,17742,18283,True,ets,0.0861
2026-07,7,china,EB1,DFF,2027-02-01,18036,17898,18175,17744,18328,True,ets,0.0861
2026-07,8,china,EB1,DFF,2027-03-01,18061,17913,18209,17748,18373,True,ets,0.0861
2026-07,9,china,EB1,DFF,2027-04-01,18085,17928,18242,17754,18416,True,ets,0.0861
2026-07,10,china,EB1,DFF,2027-05-01,18109,17944,18275,17760,18458,True,ets,0.0861
2026-07,11,china,EB1,DFF,2027-06-01,18133,17960,18307,17767,18499,True,ets,0.0861
2026-07,12,china,EB1,DFF,2027-07-01,18158,17976,18339,17775,18540,True,ets,0.0861
2026-07,1,china,EB1,FAD,2026-08-01,17699,17680,17719,17659,17740,True,theta,0.0504
2026-07,2,china,EB1,FAD,2026-09-01,17718,17691,17746,17661,17776,True,theta,0.0504
2026-07,3,china,EB1,FAD,2026-10-01,17737,17704,17771,17667,17808,True,theta,0.0504
2026-07,4,china,EB1,FAD,2026-11-01,17756,17718,17795,17675,17838,True,theta,0.0504
2026-07,5,china,EB1,FAD,2026-12-01,17775,17732,17819,17684,17866,True,theta,0.0504
2026-07,6,china,EB1,FAD,2027-01-01,17794,17747,17842,17695,17894,True,theta,0.0504
2026-07,7,china,EB1,FAD,2027-02-01,17814,17762,17865,17706,17921,True,theta,0.0504
2026-07,8,china,EB1,FAD,2027-03-01,17833,17778,17887,17718,17948,True,theta,0.0504
2026-07,9,china,EB1,FAD,2027-04-01,17852,17794,17910,17730,17974,True,theta,0.0504
2026-07,10,china,EB1,FAD,2027-05-01,17871,17810,17932,17742,18000,True,theta,0.0504
2026-07,11,china,EB1,FAD,2027-06-01,17890,17826,17954,17755,18025,True,theta,0.0504
2026-07,12,china,EB1,FAD,2027-07-01,17909,17843,17976,17768,18050,True,theta,0.0504
2026-07,1,china,EB2,DFF,2026-08-01,17192,17046,17339,16883,17502,True,ets,0.1139
2026-07,2,china,EB2,DFF,2026-09-01,17218,17010,17426,16780,17656,True,ets,0.1139
2026-07,3,china,EB2,DFF,2026-10-01,17243,16989,17498,16707,17779,True,ets,0.1139
2026-07,4,china,EB2,DFF,2026-11-01,17269,16975,17563,16650,17888,True,ets,0.1139
2026-07,5,china,EB2,DFF,2026-12-01,17294,16966,17623,16602,17986,True,ets,0.1139
2026-07,6,china,EB2,DFF,2027-01-01,17320,16960,17679,16562,18078,True,ets,0.1139
2026-07,7,china,EB2,DFF,2027-02-01,17345,16957,17734,16527,18164,True,ets,0.1139
2026-07,8,china,EB2,DFF,2027-03-01,17371,16956,17786,16496,18246,True,ets,0.1139
2026-07,9,china,EB2,DFF,2027-04-01,17396,16956,17837,16468,18325,True,ets,0.1139
2026-07,10,china,EB2,DFF,2027-05-01,17422,16958,17886,16443,18400,True,ets,0.1139
2026-07,11,china,EB2,DFF,2027-06-01,17447,16960,17934,16421,18474,True,ets,0.1139
2026-07,12,china,EB2,DFF,2027-07-01,17473,16964,17981,16401,18545,True,ets,0.1139
2026-07,1,china,EB2,FAD,2026-08-01,17076,17017,17134,16953,17198,True,theta,0.0607
2026-07,2,china,EB2,FAD,2026-09-01,17095,17013,17177,16922,17269,True,theta,0.0607
2026-07,3,china,EB2,FAD,2026-10-01,17115,17014,17215,16902,17327,True,theta,0.0607
2026-07,4,china,EB2,FAD,2026-11-01,17134,17018,17250,16889,17379,True,theta,0.0607
2026-07,5,china,EB2,FAD,2026-12-01,17153,17023,17283,16879,17428,True,theta,0.0607
2026-07,6,china,EB2,FAD,2027-01-01,17173,17030,17315,16872,17473,True,theta,0.0607
2026-07,7,china,EB2,FAD,2027-02-01,17192,17038,17346,16868,17517,True,theta,0.0607
2026-07,8,china,EB2,FAD,2027-03-01,17211,17047,17376,16865,17558,True,theta,0.0607
2026-07,9,china,EB2,FAD,2027-04-01,17231,17056,17405,16863,17599,True,theta,0.0607
2026-07,10,china,EB2,FAD,2027-05-01,17250,17066,17434,16862,17638,True,theta,0.0607
2026-07,11,china,EB2,FAD,2027-06-01,17270,17077,17463,16863,17676,True,theta,0.0607
2026-07,12,china,EB2,FAD,2027-07-01,17289,17087,17490,16864,17714,True,theta,0.0607
2026-07,1,china,EB3,DFF,2026-08-01,17190,17023,17358,16838,17543,True,ets,0.1301
2026-07,2,china,EB3,DFF,2026-09-01,17214,16977,17450,16715,17713,True,ets,0.1301
2026-07,3,china,EB3,DFF,2026-10-01,17237,16947,17527,16626,17848,True,ets,0.1301
2026-07,4,china,EB3,DFF,2026-11-01,17260,16926,17595,16555,17966,True,ets,0.1301
2026-07,5,china,EB3,DFF,2026-12-01,17284,16910,17658,16495,18073,True,ets,0.1301
2026-07,6,china,EB3,DFF,2027-01-01,17307,16897,17717,16443,18171,True,ets,0.1301
2026-07,7,china,EB3,DFF,2027-02-01,17331,16888,17773,16397,18264,True,ets,0.1301
2026-07,8,china,EB3,DFF,2027-03-01,17354,16880,17827,16356,18352,True,ets,0.1301
2026-07,9,china,EB3,DFF,2027-04-01,17377,16875,17879,16319,18436,True,ets,0.1301
2026-07,10,china,EB3,DFF,2027-05-01,17401,16871,17930,16285,18516,True,ets,0.1301
2026-07,11,china,EB3,DFF,2027-06-01,17424,16869,17979,16254,18594,True,ets,0.1301
2026-07,12,china,EB3,DFF,2027-07-01,17447,16868,18027,16225,18670,True,ets,0.1301
2026-07,1,china,EB3,FAD,2026-08-01,17178,17091,17265,16995,17361,True,theta,0.0704
2026-07,2,china,EB3,FAD,2026-09-01,17200,17077,17323,16941,17459,True,theta,0.0704
2026-07,3,china,EB3,FAD,2026-10-01,17222,17071,17373,16904,17539,True,theta,0.0704
2026-07,4,china,EB3,FAD,2026-11-01,17244,17070,17418,16877,17611,True,theta,0.0704
2026-07,5,china,EB3,FAD,2026-12-01,17266,17071,17460,16856,17676,True,theta,0.0704
2026-07,6,china,EB3,FAD,2027-01-01,17288,17075,17501,16838,17737,True,theta,0.0704
2026-07,7,china,EB3,FAD,2027-02-01,17309,17079,17540,16824,17795,True,theta,0.0704
2026-07,8,china,EB3,FAD,2027-03-01,17331,17085,17577,16813,17850,True,theta,0.0704
2026-07,9,china,EB3,FAD,2027-04-01,17353,17092,17614,16803,17903,True,theta,0.0704
2026-07,10,china,EB3,FAD,2027-05-01,17375,17100,17650,16795,17955,True,theta,0.0704
2026-07,11,china,EB3,FAD,2027-06-01,17397,17108,17685,16789,18005,True,theta,0.0704
2026-07,12,china,EB3,FAD,2027-07-01,17419,17117,17720,16784,18054,True,theta,0.0704
2026-07,1,china,EB3_OW,DFF,2026-08-01,16380,16207,16554,16015,16745,True,ets,0.0676
2026-07,2,china,EB3_OW,DFF,2026-09-01,16416,16172,16661,15900,16933,True,ets,0.0676
2026-07,3,china,EB3_OW,DFF,2026-10-01,16453,16153,16753,15820,17085,True,ets,0.0676
2026-07,4,china,EB3_OW,DFF,2026-11-01,16489,16142,16835,15759,17219,True,ets,0.0676
2026-07,5,china,EB3_OW,DFF,2026-12-01,16525,16138,16912,15709,17341,True,ets,0.0676
2026-07,6,china,EB3_OW,DFF,2027-01-01,16561,16137,16985,15667,17455,True,ets,0.0676
2026-07,7,china,EB3_OW,DFF,2027-02-01,16597,16139,17055,15631,17563,True,ets,0.0676
2026-07,8,china,EB3_OW,DFF,2027-03-01,16633,16143,17123,15601,17665,True,ets,0.0676
2026-07,9,china,EB3_OW,DFF,2027-04-01,16669,16150,17189,15574,17764,True,ets,0.0676
2026-07,10,china,EB3_OW,DFF,2027-05-01,16705,16158,17253,15551,17860,True,ets,0.0676
2026-07,11,china,EB3_OW,DFF,2027-06-01,16741,16167,17316,15531,17952,True,ets,0.0676
2026-07,12,china,EB3_OW,DFF,2027-07-01,16777,16178,17377,15513,18042,True,ets,0.0676
2026-07,1,china,EB3_OW,FAD,2026-08-01,16161,15995,16327,15811,16511,True,theta,0.0693
2026-07,2,china,EB3_OW,FAD,2026-09-01,16161,15926,16396,15666,16656,True,theta,0.0693
2026-07,3,china,EB3_OW,FAD,2026-10-01,16161,15873,16449,15554,16768,True,theta,0.0693
2026-07,4,china,EB3_OW,FAD,2026-11-01,16161,15829,16493,15461,16861,True,theta,0.0693
2026-07,5,china,EB3_OW,FAD,2026-12-01,16161,15789,16533,15378,16944,True,theta,0.0693
2026-07,6,china,EB3_OW,FAD,2027-01-01,16161,15754,16568,15303,17019,True,theta,0.0693
2026-07,7,china,EB3_OW,FAD,2027-02-01,16161,15721,16601,15234,17088,True,theta,0.0693
2026-07,8,china,EB3_OW,FAD,2027-03-01,16161,15691,16631,15170,17152,True,theta,0.0693
2026-07,9,china,EB3_OW,FAD,2027-04-01,16161,15663,16659,15110,17212,True,theta,0.0693
2026-07,10,china,EB3_OW,FAD,2027-05-01,16161,15636,16686,15053,17269,True,theta,0.0693
2026-07,11,china,EB3_OW,FAD,2027-06-01,16161,15610,16712,14999,17323,True,theta,0.0693
2026-07,12,china,EB3_OW,FAD,2027-07-01,16161,15585,16737,14948,17374,True,theta,0.0693
2026-07,1,china,EB4,FAD,2026-08-01,17440,17186,17695,16904,17977,True,theta,0.1623
2026-07,2,china,EB4,FAD,2026-09-01,17457,17097,17817,16699,18215,True,theta,0.1623
2026-07,3,china,EB4,FAD,2026-10-01,17473,17033,17914,16544,18402,True,theta,0.1623
2026-07,4,china,EB4,FAD,2026-11-01,17490,16981,17998,16417,18562,True,theta,0.1623
2026-07,5,china,EB4,FAD,2026-12-01,17506,16937,18075,16307,18705,True,theta,0.1623
2026-07,6,china,EB4,FAD,2027-01-01,17522,16899,18145,16209,18836,True,theta,0.1623
2026-07,7,china,EB4,FAD,2027-02-01,17539,16866,18212,16120,18957,True,theta,0.1623
2026-07,8,china,EB4,FAD,2027-03-01,17555,16836,18275,16038,19072,True,theta,0.1623
2026-07,9,china,EB4,FAD,2027-04-01,17571,16808,18334,15963,19180,True,theta,0.1623
2026-07,10,china,EB4,FAD,2027-05-01,17588,16783,18392,15892,19283,True,theta,0.1623
2026-07,11,china,EB4,FAD,2027-06-01,17604,16760,18448,15826,19382,True,theta,0.1623
2026-07,12,china,EB4,FAD,2027-07-01,17620,16739,18502,15763,19478,True,theta,0.1623
2026-07,1,china,EB4_RW,FAD,2026-08-01,17440,17186,17695,16904,17977,True,theta,0.1564
2026-07,2,china,EB4_RW,FAD,2026-09-01,17457,17097,17817,16699,18215,True,theta,0.1564
2026-07,3,china,EB4_RW,FAD,2026-10-01,17473,17033,17914,16544,18402,True,theta,0.1564
2026-07,4,china,EB4_RW,FAD,2026-11-01,17490,16981,17998,16417,18562,True,theta,0.1564
2026-07,5,china,EB4_RW,FAD,2026-12-01,17506,16937,18075,16307,18705,True,theta,0.1564
2026-07,6,china,EB4_RW,FAD,2027-01-01,17522,16899,18145,16209,18836,True,theta,0.1564
2026-07,7,china,EB4_RW,FAD,2027-02-01,17539,16866,18212,16120,18957,True,theta,0.1564
2026-07,8,china,EB4_RW,FAD,2027-03-01,17555,16836,18274,16038,19072,True,theta,0.1564
2026-07,9,china,EB4_RW,FAD,2027-04-01,17571,16808,18334,15963,19180,True,theta,0.1564
2026-07,10,china,EB4_RW,FAD,2027-05-01,17588,16783,18392,15892,19283,True,theta,0.1564
2026-07,11,china,EB4_RW,FAD,2027-06-01,17604,16760,18448,15826,19382,True,theta,0.1564
2026-07,12,china,EB4_RW,FAD,2027-07-01,17620,16739,18501,15763,19478,True,theta,0.1564
2026-07,1,china,F1,DFF,2026-08-01,16098,16009,16188,15910,16287,True,ets,0.0983
2026-07,2,china,F1,DFF,2026-09-01,16126,15999,16252,15859,16392,True,ets,0.0983
2026-07,3,china,F1,DFF,2026-10-01,16153,15998,16308,15827,16479,True,ets,0.0983
2026-07,4,china,F1,DFF,2026-11-01,16181,16002,16359,15804,16557,True,ets,0.0983
2026-07,5,china,F1,DFF,2026-12-01,16208,16008,16408,15787,16629,True,ets,0.0983
2026-07,6,china,F1,DFF,2027-01-01,16235,16016,16454,15774,16697,True,ets,0.0983
2026-07,7,china,F1,DFF,2027-02-01,16263,16026,16499,15764,16761,True,ets,0.0983
2026-07,8,china,F1,DFF,2027-03-01,16290,16037,16543,15757,16823,True,ets,0.0983
2026-07,9,china,F1,DFF,2027-04-01,16317,16049,16586,15752,16883,True,ets,0.0983
2026-07,10,china,F1,DFF,2027-05-01,16345,16062,16627,15749,16941,True,ets,0.0983
2026-07,11,china,F1,DFF,2027-06-01,16372,16076,16669,15747,16997,True,ets,0.0983
2026-07,12,china,F1,DFF,2027-07-01,16400,16090,16709,15747,17052,True,ets,0.0983
2026-07,1,china,F1,FAD,2026-08-01,15754,15680,15829,15598,15911,True,theta,0.1198
2026-07,2,china,F1,FAD,2026-09-01,15772,15666,15877,15550,15993,True,theta,0.1198
2026-07,3,china,F1,FAD,2026-10-01,15789,15660,15918,15517,16060,True,theta,0.1198
2026-07,4,china,F1,FAD,2026-11-01,15806,15657,15955,15493,16120,True,theta,0.1198
2026-07,5,china,F1,FAD,2026-12-01,15823,15657,15990,15473,16174,True,theta,0.1198
2026-07,6,china,F1,FAD,2027-01-01,15841,15659,16023,15457,16225,True,theta,0.1198
2026-07,7,china,F1,FAD,2027-02-01,15858,15661,16055,15443,16273,True,theta,0.1198
2026-07,8,china,F1,FAD,2027-03-01,15875,15665,16086,15432,16319,True,theta,0.1198
2026-07,9,china,F1,FAD,2027-04-01,15893,15670,16116,15423,16363,True,theta,0.1198
2026-07,10,china,F1,FAD,2027-05-01,15910,15675,16145,15414,16405,True,theta,0.1198
2026-07,11,china,F1,FAD,2027-06-01,15927,15681,16174,15407,16447,True,theta,0.1198
2026-07,12,china,F1,FAD,2027-07-01,15944,15687,16202,15402,16487,True,theta,0.1198
2026-07,1,china,F2A,FAD,2026-08-01,18285,18050,18521,17790,18781,True,theta,0.1346
2026-07,2,china,F2A,FAD,2026-09-01,18308,17975,18640,17607,19009,True,theta,0.1346
2026-07,3,china,F2A,FAD,2026-10-01,18330,17923,18738,17472,19189,True,theta,0.1346
2026-07,4,china,F2A,FAD,2026-11-01,18353,17882,18823,17361,19344,True,theta,0.1346
2026-07,5,china,F2A,FAD,2026-12-01,18375,17849,18901,17267,19483,True,theta,0.1346
2026-07,6,china,F2A,FAD,2027-01-01,18397,17821,18973,17183,19611,True,theta,0.1346
2026-07,7,china,F2A,FAD,2027-02-01,18420,17798,19042,17108,19731,True,theta,0.1346
2026-07,8,china,F2A,FAD,2027-03-01,18442,17777,19107,17040,19844,True,theta,0.1346
2026-07,9,china,F2A,FAD,2027-04-01,18464,17759,19170,16977,19951,True,theta,0.1346
2026-07,10,china,F2A,FAD,2027-05-01,18487,17743,19230,16919,20054,True,theta,0.1346
2026-07,11,china,F2A,FAD,2027-06-01,18509,17729,19289,16865,20153,True,theta,0.1346
2026-07,12,china,F2A,FAD,2027-07-01,18531,17717,19346,16814,20248,True,theta,0.1346
2026-07,1,china,F2B,DFF,2026-08-01,15886,15826,15947,15758,16014,True,ets,0.1183
2026-07,2,china,F2B,DFF,2026-09-01,15909,15823,15995,15728,16090,True,ets,0.1183
2026-07,3,china,F2B,DFF,2026-10-01,15931,15826,16036,15709,16153,True,ets,0.1183
2026-07,4,china,F2B,DFF,2026-11-01,15953,15832,16075,15697,16209,True,ets,0.1183
2026-07,5,china,F2B,DFF,2026-12-01,15976,15840,16111,15690,16262,True,ets,0.1183
2026-07,6,china,F2B,DFF,2027-01-01,15998,15849,16147,15685,16311,True,ets,0.1183
2026-07,7,china,F2B,DFF,2027-02-01,16020,15860,16181,15682,16359,True,ets,0.1183
2026-07,8,china,F2B,DFF,2027-03-01,16043,15871,16214,15681,16405,True,ets,0.1183
2026-07,9,china,F2B,DFF,2027-04-01,16065,15883,16247,15681,16449,True,ets,0.1183
2026-07,10,china,F2B,DFF,2027-05-01,16087,15895,16279,15683,16492,True,ets,0.1183
2026-07,11,china,F2B,DFF,2027-06-01,16110,15908,16311,15685,16534,True,ets,0.1183
2026-07,12,china,F2B,DFF,2027-07-01,16132,15922,16342,15689,16575,True,ets,0.1183
2026-07,1,china,F2B,FAD,2026-08-01,15687,15616,15759,15536,15838,True,theta,0.0732
2026-07,2,china,F2B,FAD,2026-09-01,15708,15607,15810,15495,15922,True,theta,0.0732
2026-07,3,china,F2B,FAD,2026-10-01,15730,15606,15854,15468,15991,True,theta,0.0732
2026-07,4,china,F2B,FAD,2026-11-01,15751,15608,15894,15449,16053,True,theta,0.0732
2026-07,5,china,F2B,FAD,2026-12-01,15772,15612,15932,15434,16110,True,theta,0.0732
2026-07,6,china,F2B,FAD,2027-01-01,15793,15618,15969,15423,16163,True,theta,0.0732
2026-07,7,china,F2B,FAD,2027-02-01,15814,15625,16004,15415,16214,True,theta,0.0732
2026-07,8,china,F2B,FAD,2027-03-01,15835,15633,16038,15408,16262,True,theta,0.0732
2026-07,9,china,F2B,FAD,2027-04-01,15856,15642,16071,15403,16309,True,theta,0.0732
2026-07,10,china,F2B,FAD,2027-05-01,15878,15651,16104,15400,16355,True,theta,0.0732
2026-07,11,china,F2B,FAD,2027-06-01,15899,15661,16136,15398,16399,True,theta,0.0732
2026-07,12,china,F2B,FAD,2027-07-01,15920,15672,16168,15397,16443,True,theta,0.0732
2026-07,1,china,F3,DFF,2026-08-01,13878,13758,13998,13625,14131,True,ets,0.2465
2026-07,2,china,F3,DFF,2026-09-01,13900,13730,14069,13541,14258,True,ets,0.2465
2026-07,3,china,F3,DFF,2026-10-01,13921,13713,14129,13483,14360,True,ets,0.2465
2026-07,4,china,F3,DFF,2026-11-01,13943,13703,14183,13437,14449,True,ets,0.2465
2026-07,5,china,F3,DFF,2026-12-01,13965,13696,14233,13399,14531,True,ets,0.2465
2026-07,6,china,F3,DFF,2027-01-01,13987,13692,14281,13366,14607,True,ets,0.2465
2026-07,7,china,F3,DFF,2027-02-01,14008,13691,14326,13338,14678,True,ets,0.2465
2026-07,8,china,F3,DFF,2027-03-01,14030,13690,14370,13314,14746,True,ets,0.2465
2026-07,9,china,F3,DFF,2027-04-01,14052,13692,14412,13292,14811,True,ets,0.2465
2026-07,10,china,F3,DFF,2027-05-01,14074,13694,14454,13273,14874,True,ets,0.2465
2026-07,11,china,F3,DFF,2027-06-01,14095,13697,14494,13256,14935,True,ets,0.2465
2026-07,12,china,F3,DFF,2027-07-01,14117,13701,14533,13240,14994,True,ets,0.2465
2026-07,1,china,F3,FAD,2026-08-01,13632,13508,13756,13371,13893,True,theta,0.1442
2026-07,2,china,F3,FAD,2026-09-01,13645,13470,13820,13275,14014,True,theta,0.1442
2026-07,3,china,F3,FAD,2026-10-01,13658,13443,13873,13205,14110,True,theta,0.1442
2026-07,4,china,F3,FAD,2026-11-01,13671,13423,13919,13148,14193,True,theta,0.1442
2026-07,5,china,F3,FAD,2026-12-01,13684,13407,13961,13100,14268,True,theta,0.1442
2026-07,6,china,F3,FAD,2027-01-01,13697,13393,14000,13057,14337,True,theta,0.1442
2026-07,7,china,F3,FAD,2027-02-01,13710,13382,14038,13019,14401,True,theta,0.1442
2026-07,8,china,F3,FAD,2027-03-01,13723,13372,14073,12984,14462,True,theta,0.1442
2026-07,9,china,F3,FAD,2027-04-01,13736,13364,14108,12952,14520,True,theta,0.1442
2026-07,10,china,F3,FAD,2027-05-01,13749,13357,14141,12923,14575,True,theta,0.1442
2026-07,11,china,F3,FAD,2027-06-01,13762,13351,14173,12895,14628,True,theta,0.1442
2026-07,12,china,F3,FAD,2027-07-01,13775,13345,14204,12870,14680,True,theta,0.1442
2026-07,1,china,F4,DFF,2026-08-01,12898,12854,12942,12806,12990,True,ets,0.1696
2026-07,2,china,F4,DFF,2026-09-01,12953,12891,13015,12822,13084,True,ets,0.1696
2026-07,3,china,F4,DFF,2026-10-01,13008,12932,13084,12848,13168,True,ets,0.1696
2026-07,4,china,F4,DFF,2026-11-01,13063,12975,13151,12878,13248,True,ets,0.1696
2026-07,5,china,F4,DFF,2026-12-01,13118,13020,13216,12911,13325,True,ets,0.1696
2026-07,6,china,F4,DFF,2027-01-01,13173,13066,13281,12947,13400,True,ets,0.1696
2026-07,7,china,F4,DFF,2027-02-01,13228,13112,13344,12984,13473,True,ets,0.1696
2026-07,8,china,F4,DFF,2027-03-01,13283,13159,13407,13022,13545,True,ets,0.1696
2026-07,9,china,F4,DFF,2027-04-01,13338,13207,13470,13061,13615,True,ets,0.1696
2026-07,10,china,F4,DFF,2027-05-01,13393,13255,13532,13101,13685,True,ets,0.1696
2026-07,11,china,F4,DFF,2027-06-01,13448,13303,13594,13142,13755,True,ets,0.1696
2026-07,12,china,F4,DFF,2027-07-01,13503,13351,13655,13183,13823,True,ets,0.1696
2026-07,1,china,F4,FAD,2026-08-01,12425,12360,12490,12288,12562,True,theta,0.1026
2026-07,2,china,F4,FAD,2026-09-01,12439,12347,12531,12245,12632,True,theta,0.1026
2026-07,3,china,F4,FAD,2026-10-01,12452,12340,12565,12215,12689,True,theta,0.1026
2026-07,4,china,F4,FAD,2026-11-01,12466,12336,12596,12192,12740,True,theta,0.1026
2026-07,5,china,F4,FAD,2026-12-01,12479,12334,12625,12173,12785,True,theta,0.1026
2026-07,6,china,F4,FAD,2027-01-01,12493,12334,12652,12158,12828,True,theta,0.1026
2026-07,7,china,F4,FAD,2027-02-01,12506,12335,12678,12144,12869,True,theta,0.1026
2026-07,8,china,F4,FAD,2027-03-01,12520,12336,12704,12133,12907,True,theta,0.1026
2026-07,9,china,F4,FAD,2027-04-01,12533,12339,12728,12123,12944,True,theta,0.1026
2026-07,10,china,F4,FAD,2027-05-01,12547,12341,12752,12114,12980,True,theta,0.1026
2026-07,11,china,F4,FAD,2027-06-01,12560,12345,12776,12106,13014,True,theta,0.1026
2026-07,12,china,F4,FAD,2027-07-01,12574,12349,12799,12100,13048,True,theta,0.1026
2026-07,1,india,EB1,DFF,2026-08-01,17866,17693,18039,17501,18231,True,ets,0.0532
2026-07,2,india,EB1,DFF,2026-09-01,17866,17621,18111,17350,18382,True,ets,0.0532
2026-07,3,india,EB1,DFF,2026-10-01,17866,17566,18166,17234,18498,True,ets,0.0532
2026-07,4,india,EB1,DFF,2026-11-01,17866,17520,18212,17136,18596,True,ets,0.0532
2026-07,5,india,EB1,DFF,2026-12-01,17866,17479,18253,17050,18682,True,ets,0.0532
2026-07,6,india,EB1,DFF,2027-01-01,17866,17442,18290,16972,18760,True,ets,0.0532
2026-07,7,india,EB1,DFF,2027-02-01,17866,17408,18324,16900,18832,True,ets,0.0532
2026-07,8,india,EB1,DFF,2027-03-01,17866,17376,18356,16834,18898,True,ets,0.0532
2026-07,9,india,EB1,DFF,2027-04-01,17866,17347,18385,16771,18961,True,ets,0.0532
2026-07,10,india,EB1,DFF,2027-05-01,17866,17318,18414,16712,19020,True,ets,0.0532
2026-07,11,india,EB1,DFF,2027-06-01,17866,17292,18440,16655,19077,True,ets,0.0532
2026-07,12,india,EB1,DFF,2027-07-01,17866,17266,18466,16602,19130,True,ets,0.0532
2026-07,1,india,EB1,FAD,2026-08-01,17471,17326,17617,17166,17777,True,theta,0.0758
2026-07,2,india,EB1,FAD,2026-09-01,17489,17284,17694,17056,17921,True,theta,0.0758
2026-07,3,india,EB1,FAD,2026-10-01,17506,17255,17758,16977,18036,True,theta,0.0758
2026-07,4,india,EB1,FAD,2026-11-01,17524,17234,17814,16912,18136,True,theta,0.0758
2026-07,5,india,EB1,FAD,2026-12-01,17542,17217,17866,16858,18225,True,theta,0.0758
2026-07,6,india,EB1,FAD,2027-01-01,17559,17204,17914,16810,18308,True,theta,0.0758
2026-07,7,india,EB1,FAD,2027-02-01,17577,17193,17960,16768,18386,True,theta,0.0758
2026-07,8,india,EB1,FAD,2027-03-01,17594,17184,18005,16729,18459,True,theta,0.0758
2026-07,9,india,EB1,FAD,2027-04-01,17612,17177,18047,16694,18529,True,theta,0.0758
2026-07,10,india,EB1,FAD,2027-05-01,17629,17171,18088,16662,18596,True,theta,0.0758
2026-07,11,india,EB1,FAD,2027-06-01,17647,17166,18128,16633,18661,True,theta,0.0758
2026-07,12,india,EB1,FAD,2027-07-01,17665,17162,18167,16605,18724,True,theta,0.0758
2026-07,1,india,EB2,DFF,2026-08-01,14624,14465,14783,14289,14959,True,ets,0.1156
2026-07,2,india,EB2,DFF,2026-09-01,14624,14399,14849,14150,15098,True,ets,0.1156
2026-07,3,india,EB2,DFF,2026-10-01,14624,14349,14899,14044,15204,True,ets,0.1156
2026-07,4,india,EB2,DFF,2026-11-01,14624,14306,14942,13954,15294,True,ets,0.1156
2026-07,5,india,EB2,DFF,2026-12-01,14624,14269,14979,13875,15373,True,ets,0.1156
2026-07,6,india,EB2,DFF,2027-01-01,14624,14235,15013,13803,15445,True,ets,0.1156
2026-07,7,india,EB2,DFF,2027-02-01,14624,14204,15044,13738,15510,True,ets,0.1156
2026-07,8,india,EB2,DFF,2027-03-01,14624,14174,15074,13676,15572,True,ets,0.1156
2026-07,9,india,EB2,DFF,2027-04-01,14624,14147,15101,13619,15629,True,ets,0.1156
2026-07,10,india,EB2,DFF,2027-05-01,14624,14121,15127,13565,15683,True,ets,0.1156
2026-07,11,india,EB2,DFF,2027-06-01,14624,14097,15151,13513,15735,True,ets,0.1156
2026-07,12,india,EB2,DFF,2027-07-01,14624,14073,15175,13464,15784,True,ets,0.1156
2026-07,1,india,EB3,DFF,2026-08-01,14624,14419,14829,14191,15057,True,ets,0.0647
2026-07,2,india,EB3,DFF,2026-09-01,14624,14333,14915,14012,15236,True,ets,0.0647
2026-07,3,india,EB3,DFF,2026-10-01,14624,14268,14980,13874,15374,True,ets,0.0647
2026-07,4,india,EB3,DFF,2026-11-01,14624,14213,15035,13758,15490,True,ets,0.0647
2026-07,5,india,EB3,DFF,2026-12-01,14624,14165,15083,13656,15592,True,ets,0.0647
2026-07,6,india,EB3,DFF,2027-01-01,14624,14121,15127,13563,15685,True,ets,0.0647
2026-07,7,india,EB3,DFF,2027-02-01,14624,14081,15167,13478,15770,True,ets,0.0647
2026-07,8,india,EB3,DFF,2027-03-01,14624,14043,15205,13399,15849,True,ets,0.0647
2026-07,9,india,EB3,DFF,2027-04-01,14624,14008,15240,13325,15923,True,ets,0.0647
2026-07,10,india,EB3,DFF,2027-05-01,14624,13974,15274,13255,15993,True,ets,0.0647
2026-07,11,india,EB3,DFF,2027-06-01,14624,13943,15305,13188,16060,True,ets,0.0647
2026-07,12,india,EB3,DFF,2027-07-01,14624,13912,15336,13124,16124,True,ets,0.0647
2026-07,1,india,EB3,FAD,2026-08-01,14257,14222,14293,14183,14332,True,theta,0.0551
2026-07,2,india,EB3,FAD,2026-09-01,14272,14221,14322,14166,14377,True,theta,0.0551
2026-07,3,india,EB3,FAD,2026-10-01,14286,14224,14347,14156,14415,True,theta,0.0551
2026-07,4,india,EB3,FAD,2026-11-01,14300,14229,14371,14150,14449,True,theta,0.0551
2026-07,5,india,EB3,FAD,2026-12-01,14314,14235,14393,14147,14481,True,theta,0.0551
2026-07,6,india,EB3,FAD,2027-01-01,14328,14241,14415,14145,14511,True,theta,0.0551
2026-07,7,india,EB3,FAD,2027-02-01,14342,14248,14436,14144,14540,True,theta,0.0551
2026-07,8,india,EB3,FAD,2027-03-01,14356,14256,14457,14145,14568,True,theta,0.0551
2026-07,9,india,EB3,FAD,2027-04-01,14371,14264,14477,14146,14595,True,theta,0.0551
2026-07,10,india,EB3,FAD,2027-05-01,14385,14272,14497,14148,14621,True,theta,0.0551
2026-07,11,india,EB3,FAD,2027-06-01,14399,14281,14516,14151,14647,True,theta,0.0551
2026-07,12,india,EB3,FAD,2027-07-01,14413,14290,14536,14154,14672,True,theta,0.0551
2026-07,1,india,EB3_OW,DFF,2026-08-01,14624,14419,14829,14191,15057,True,ets,0.0647
2026-07,2,india,EB3_OW,DFF,2026-09-01,14624,14333,14915,14012,15236,True,ets,0.0647
2026-07,3,india,EB3_OW,DFF,2026-10-01,14624,14268,14980,13874,15374,True,ets,0.0647
2026-07,4,india,EB3_OW,DFF,2026-11-01,14624,14213,15035,13758,15490,True,ets,0.0647
2026-07,5,india,EB3_OW,DFF,2026-12-01,14624,14165,15083,13656,15592,True,ets,0.0647
2026-07,6,india,EB3_OW,DFF,2027-01-01,14624,14121,15127,13563,15685,True,ets,0.0647
2026-07,7,india,EB3_OW,DFF,2027-02-01,14624,14081,15167,13478,15770,True,ets,0.0647
2026-07,8,india,EB3_OW,DFF,2027-03-01,14624,14043,15205,13399,15849,True,ets,0.0647
2026-07,9,india,EB3_OW,DFF,2027-04-01,14624,14008,15240,13325,15923,True,ets,0.0647
2026-07,10,india,EB3_OW,DFF,2027-05-01,14624,13974,15274,13255,15993,True,ets,0.0647
2026-07,11,india,EB3_OW,DFF,2027-06-01,14624,13943,15305,13188,16060,True,ets,0.0647
2026-07,12,india,EB3_OW,DFF,2027-07-01,14624,13912,15336,13124,16124,True,ets,0.0647
2026-07,1,india,EB3_OW,FAD,2026-08-01,14258,14222,14293,14183,14332,True,theta,0.0494
2026-07,2,india,EB3_OW,FAD,2026-09-01,14272,14222,14322,14166,14378,True,theta,0.0494
2026-07,3,india,EB3_OW,FAD,2026-10-01,14286,14224,14348,14156,14416,True,theta,0.0494
2026-07,4,india,EB3_OW,FAD,2026-11-01,14300,14229,14371,14150,14450,True,theta,0.0494
2026-07,5,india,EB3_OW,FAD,2026-12-01,14314,14235,14394,14147,14482,True,theta,0.0494
2026-07,6,india,EB3_OW,FAD,2027-01-01,14329,14242,14416,14145,14512,True,theta,0.0494
2026-07,7,india,EB3_OW,FAD,2027-02-01,14343,14249,14437,14145,14541,True,theta,0.0494
2026-07,8,india,EB3_OW,FAD,2027-03-01,14357,14256,14457,14145,14569,True,theta,0.0494
2026-07,9,india,EB3_OW,FAD,2027-04-01,14371,14265,14478,14146,14596,True,theta,0.0494
2026-07,10,india,EB3_OW,FAD,2027-05-01,14385,14273,14498,14148,14622,True,theta,0.0494
2026-07,11,india,EB3_OW,FAD,2027-06-01,14399,14282,14517,14151,14648,True,theta,0.0494
2026-07,12,india,EB3_OW,FAD,2027-07-01,14414,14291,14537,14154,14673,True,theta,0.0494
2026-07,1,india,EB4,FAD,2026-08-01,17442,17187,17697,16905,17979,True,theta,0.1625
2026-07,2,india,EB4,FAD,2026-09-01,17460,17100,17820,16700,18220,True,theta,0.1625
2026-07,3,india,EB4,FAD,2026-10-01,17478,17037,17919,16548,18409,True,theta,0.1625
2026-07,4,india,EB4,FAD,2026-11-01,17496,16986,18006,16422,18571,True,theta,0.1625
2026-07,5,india,EB4,FAD,2026-12-01,17514,16944,18084,16313,18715,True,theta,0.1625
2026-07,6,india,EB4,FAD,2027-01-01,17532,16908,18157,16216,18848,True,theta,0.1625
2026-07,7,india,EB4,FAD,2027-02-01,17550,16876,18225,16129,18972,True,theta,0.1625
2026-07,8,india,EB4,FAD,2027-03-01,17569,16848,18289,16049,19088,True,theta,0.1625
2026-07,9,india,EB4,FAD,2027-04-01,17587,16822,18351,15975,19198,True,theta,0.1625
2026-07,10,india,EB4,FAD,2027-05-01,17605,16799,18411,15906,19304,True,theta,0.1625
2026-07,11,india,EB4,FAD,2027-06-01,17623,16778,18468,15841,19405,True,theta,0.1625
2026-07,12,india,EB4,FAD,2027-07-01,17641,16758,18524,15780,19502,True,theta,0.1625
2026-07,1,india,EB4_RW,FAD,2026-08-01,17442,17187,17697,16905,17979,True,theta,0.1561
2026-07,2,india,EB4_RW,FAD,2026-09-01,17460,17100,17820,16700,18220,True,theta,0.1561
2026-07,3,india,EB4_RW,FAD,2026-10-01,17478,17037,17919,16548,18409,True,theta,0.1561
2026-07,4,india,EB4_RW,FAD,2026-11-01,17496,16986,18006,16422,18571,True,theta,0.1561
2026-07,5,india,EB4_RW,FAD,2026-12-01,17514,16944,18084,16313,18715,True,theta,0.1561
2026-07,6,india,EB4_RW,FAD,2027-01-01,17532,16908,18157,16216,18848,True,theta,0.1561
2026-07,7,india,EB4_RW,FAD,2027-02-01,17550,16876,18225,16129,18972,True,theta,0.1561
2026-07,8,india,EB4_RW,FAD,2027-03-01,17569,16848,18289,16049,19088,True,theta,0.1561
2026-07,9,india,EB4_RW,FAD,2027-04-01,17587,16822,18351,15975,19198,True,theta,0.1561
2026-07,10,india,EB4_RW,FAD,2027-05-01,17605,16799,18411,15906,19304,True,theta,0.1561
2026-07,11,india,EB4_RW,FAD,2027-06-01,17623,16778,18468,15841,19405,True,theta,0.1561
2026-07,12,india,EB4_RW,FAD,2027-07-01,17641,16758,18524,15780,19502,True,theta,0.1561
2026-07,1,india,F1,DFF,2026-08-01,16098,16009,16188,15910,16287,True,ets,0.0983
2026-07,2,india,F1,DFF,2026-09-01,16126,15999,16252,15859,16392,True,ets,0.0983
2026-07,3,india,F1,DFF,2026-10-01,16153,15998,16308,15827,16479,True,ets,0.0983
2026-07,4,india,F1,DFF,2026-11-01,16181,16002,16359,15804,16557,True,ets,0.0983
2026-07,5,india,F1,DFF,2026-12-01,16208,16008,16408,15787,16629,True,ets,0.0983
2026-07,6,india,F1,DFF,2027-01-01,16235,16016,16454,15774,16697,True,ets,0.0983
2026-07,7,india,F1,DFF,2027-02-01,16263,16026,16499,15764,16761,True,ets,0.0983
2026-07,8,india,F1,DFF,2027-03-01,16290,16037,16543,15757,16823,True,ets,0.0983
2026-07,9,india,F1,DFF,2027-04-01,16317,16049,16586,15752,16883,True,ets,0.0983
2026-07,10,india,F1,DFF,2027-05-01,16345,16062,16627,15749,16941,True,ets,0.0983
2026-07,11,india,F1,DFF,2027-06-01,16372,16076,16669,15747,16997,True,ets,0.0983
2026-07,12,india,F1,DFF,2027-07-01,16400,16090,16709,15747,17052,True,ets,0.0983
2026-07,1,india,F1,FAD,2026-08-01,15754,15679,15828,15597,15911,True,theta,0.1103
2026-07,2,india,F1,FAD,2026-09-01,15771,15665,15876,15548,15993,True,theta,0.1103
2026-07,3,india,F1,FAD,2026-10-01,15787,15658,15917,15515,16060,True,theta,0.1103
2026-07,4,india,F1,FAD,2026-11-01,15804,15655,15953,15490,16119,True,theta,0.1103
2026-07,5,india,F1,FAD,2026-12-01,15821,15654,15988,15469,16172,True,theta,0.1103
2026-07,6,india,F1,FAD,2027-01-01,15838,15655,16020,15453,16223,True,theta,0.1103
2026-07,7,india,F1,FAD,2027-02-01,15855,15657,16052,15439,16270,True,theta,0.1103
2026-07,8,india,F1,FAD,2027-03-01,15871,15660,16082,15427,16316,True,theta,0.1103
2026-07,9,india,F1,FAD,2027-04-01,15888,15664,16112,15416,16360,True,theta,0.1103
2026-07,10,india,F1,FAD,2027-05-01,15905,15669,16141,15408,16402,True,theta,0.1103
2026-07,11,india,F1,FAD,2027-06-01,15922,15674,16169,15400,16443,True,theta,0.1103
2026-07,12,india,F1,FAD,2027-07-01,15938,15680,16197,15394,16483,True,theta,0.1103
2026-07,1,india,F2A,FAD,2026-08-01,18286,18051,18521,17791,18781,True,theta,0.1331
2026-07,2,india,F2A,FAD,2026-09-01,18309,17977,18641,17608,19009,True,theta,0.1331
2026-07,3,india,F2A,FAD,2026-10-01,18332,17925,18738,17474,19189,True,theta,0.1331
2026-07,4,india,F2A,FAD,2026-11-01,18354,17885,18824,17364,19345,True,theta,0.1331
2026-07,5,india,F2A,FAD,2026-12-01,18377,17852,18902,17270,19484,True,theta,0.1331
2026-07,6,india,F2A,FAD,2027-01-01,18400,17825,18975,17187,19613,True,theta,0.1331
2026-07,7,india,F2A,FAD,2027-02-01,18423,17801,19044,17113,19733,True,theta,0.1331
2026-07,8,india,F2A,FAD,2027-03-01,18446,17781,19110,17045,19846,True,theta,0.1331
2026-07,9,india,F2A,FAD,2027-04-01,18469,17764,19173,16983,19954,True,theta,0.1331
2026-07,10,india,F2A,FAD,2027-05-01,18491,17749,19234,16926,20057,True,theta,0.1331
2026-07,11,india,F2A,FAD,2027-06-01,18514,17735,19293,16872,20156,True,theta,0.1331
2026-07,12,india,F2A,FAD,2027-07-01,18537,17723,19351,16822,20252,True,theta,0.1331
2026-07,1,india,F2B,DFF,2026-08-01,15886,15826,15947,15758,16014,True,ets,0.1183
2026-07,2,india,F2B,DFF,2026-09-01,15909,15823,15995,15728,16090,True,ets,0.1183
2026-07,3,india,F2B,DFF,2026-10-01,15931,15826,16036,15709,16153,True,ets,0.1183
2026-07,4,india,F2B,DFF,2026-11-01,15953,15832,16075,15697,16209,True,ets,0.1183
2026-07,5,india,F2B,DFF,2026-12-01,15976,15840,16111,15690,16262,True,ets,0.1183
2026-07,6,india,F2B,DFF,2027-01-01,15998,15849,16147,15685,16311,True,ets,0.1183
2026-07,7,india,F2B,DFF,2027-02-01,16020,15860,16181,15682,16359,True,ets,0.1183
2026-07,8,india,F2B,DFF,2027-03-01,16043,15871,16214,15681,16405,True,ets,0.1183
2026-07,9,india,F2B,DFF,2027-04-01,16065,15883,16247,15681,16449,True,ets,0.1183
2026-07,10,india,F2B,DFF,2027-05-01,16087,15895,16279,15683,16492,True,ets,0.1183
2026-07,11,india,F2B,DFF,2027-06-01,16110,15908,16311,15685,16534,True,ets,0.1183
2026-07,12,india,F2B,DFF,2027-07-01,16132,15922,16342,15689,16575,True,ets,0.1183
2026-07,1,india,F2B,FAD,2026-08-01,15687,15616,15759,15536,15838,True,theta,0.0769
2026-07,2,india,F2B,FAD,2026-09-01,15708,15607,15810,15495,15922,True,theta,0.0769
2026-07,3,india,F2B,FAD,2026-10-01,15729,15605,15854,15468,15991,True,theta,0.0769
2026-07,4,india,F2B,FAD,2026-11-01,15751,15607,15894,15449,16053,True,theta,0.0769
2026-07,5,india,F2B,FAD,2026-12-01,15772,15611,15932,15434,16109,True,theta,0.0769
2026-07,6,india,F2B,FAD,2027-01-01,15793,15617,15968,15423,16163,True,theta,0.0769
2026-07,7,india,F2B,FAD,2027-02-01,15814,15624,16004,15414,16214,True,theta,0.0769
2026-07,8,india,F2B,FAD,2027-03-01,15835,15632,16038,15408,16262,True,theta,0.0769
2026-07,9,india,F2B,FAD,2027-04-01,15856,15641,16071,15403,16309,True,theta,0.0769
2026-07,10,india,F2B,FAD,2027-05-01,15877,15651,16104,15399,16355,True,theta,0.0769
2026-07,11,india,F2B,FAD,2027-06-01,15898,15660,16136,15397,16399,True,theta,0.0769
2026-07,12,india,F2B,FAD,2027-07-01,15919,15671,16167,15396,16442,True,theta,0.0769
2026-07,1,india,F3,DFF,2026-08-01,13878,13758,13998,13625,14131,True,ets,0.2465
2026-07,2,india,F3,DFF,2026-09-01,13900,13730,14069,13541,14258,True,ets,0.2465
2026-07,3,india,F3,DFF,2026-10-01,13921,13713,14129,13483,14360,True,ets,0.2465
2026-07,4,india,F3,DFF,2026-11-01,13943,13703,14183,13437,14449,True,ets,0.2465
2026-07,5,india,F3,DFF,2026-12-01,13965,13696,14233,13399,14531,True,ets,0.2465
2026-07,6,india,F3,DFF,2027-01-01,13987,13692,14281,13366,14607,True,ets,0.2465
2026-07,7,india,F3,DFF,2027-02-01,14008,13691,14326,13338,14678,True,ets,0.2465
2026-07,8,india,F3,DFF,2027-03-01,14030,13690,14370,13314,14746,True,ets,0.2465
2026-07,9,india,F3,DFF,2027-04-01,14052,13692,14412,13292,14811,True,ets,0.2465
2026-07,10,india,F3,DFF,2027-05-01,14074,13694,14454,13273,14874,True,ets,0.2465
2026-07,11,india,F3,DFF,2027-06-01,14095,13697,14494,13256,14935,True,ets,0.2465
2026-07,12,india,F3,DFF,2027-07-01,14117,13701,14533,13240,14994,True,ets,0.2465
2026-07,1,india,F3,FAD,2026-08-01,13632,13508,13756,13370,13893,True,theta,0.148
2026-07,2,india,F3,FAD,2026-09-01,13645,13469,13820,13275,14014,True,theta,0.148
2026-07,3,india,F3,FAD,2026-10-01,13657,13442,13872,13204,14110,True,theta,0.148
2026-07,4,india,F3,FAD,2026-11-01,13670,13422,13918,13147,14193,True,theta,0.148
2026-07,5,india,F3,FAD,2026-12-01,13683,13405,13960,13098,14267,True,theta,0.148
2026-07,6,india,F3,FAD,2027-01-01,13696,13392,13999,13055,14336,True,theta,0.148
2026-07,7,india,F3,FAD,2027-02-01,13708,13380,14036,13017,14400,True,theta,0.148
2026-07,8,india,F3,FAD,2027-03-01,13721,13370,14072,12982,14461,True,theta,0.148
2026-07,9,india,F3,FAD,2027-04-01,13734,13362,14106,12949,14518,True,theta,0.148
2026-07,10,india,F3,FAD,2027-05-01,13747,13354,14139,12920,14573,True,theta,0.148
2026-07,11,india,F3,FAD,2027-06-01,13759,13348,14171,12892,14626,True,theta,0.148
2026-07,12,india,F3,FAD,2027-07-01,13772,13342,14202,12866,14678,True,theta,0.148
2026-07,1,india,F4,DFF,2026-08-01,11679,11654,11704,11627,11732,True,ets,0.1377
2026-07,2,india,F4,DFF,2026-09-01,11687,11652,11723,11613,11762,True,ets,0.1377
2026-07,3,india,F4,DFF,2026-10-01,11695,11652,11739,11605,11786,True,ets,0.1377
2026-07,4,india,F4,DFF,2026-11-01,11704,11654,11753,11599,11809,True,ets,0.1377
2026-07,5,india,F4,DFF,2026-12-01,11712,11656,11767,11594,11829,True,ets,0.1377
2026-07,6,india,F4,DFF,2027-01-01,11720,11659,11781,11591,11848,True,ets,0.1377
2026-07,7,india,F4,DFF,2027-02-01,11728,11662,11794,11589,11867,True,ets,0.1377
2026-07,8,india,F4,DFF,2027-03-01,11736,11666,11806,11588,11884,True,ets,0.1377
2026-07,9,india,F4,DFF,2027-04-01,11744,11670,11819,11587,11902,True,ets,0.1377
2026-07,10,india,F4,DFF,2027-05-01,11752,11674,11831,11586,11918,True,ets,0.1377
2026-07,11,india,F4,DFF,2027-06-01,11760,11678,11843,11587,11934,True,ets,0.1377
2026-07,12,india,F4,DFF,2027-07-01,11769,11682,11855,11587,11950,True,ets,0.1377
2026-07,1,india,F4,FAD,2026-08-01,11641,11592,11689,11538,11743,True,theta,0.0589
2026-07,2,india,F4,FAD,2026-09-01,11654,11585,11723,11509,11799,True,theta,0.0589
2026-07,3,india,F4,FAD,2026-10-01,11667,11583,11752,11490,11845,True,theta,0.0589
2026-07,4,india,F4,FAD,2026-11-01,11681,11583,11778,11476,11886,True,theta,0.0589
2026-07,5,india,F4,FAD,2026-12-01,11694,11585,11803,11465,11923,True,theta,0.0589
2026-07,6,india,F4,FAD,2027-01-01,11707,11588,11826,11456,11958,True,theta,0.0589
2026-07,7,india,F4,FAD,2027-02-01,11720,11592,11849,11449,11992,True,theta,0.0589
2026-07,8,india,F4,FAD,2027-03-01,11734,11596,11871,11444,12024,True,theta,0.0589
2026-07,9,india,F4,FAD,2027-04-01,11747,11601,11893,11440,12054,True,theta,0.0589
2026-07,10,india,F4,FAD,2027-05-01,11760,11607,11914,11436,12084,True,theta,0.0589
2026-07,11,india,F4,FAD,2027-06-01,11774,11612,11935,11434,12113,True,theta,0.0589
2026-07,12,india,F4,FAD,2027-07-01,11787,11618,11955,11432,12142,True,theta,0.0589
2026-07,1,mexico,EB3,FAD,2026-08-01,18146,17824,18468,17467,18824,True,theta,0.1581
2026-07,2,mexico,EB3,FAD,2026-09-01,18182,17727,18637,17222,19142,True,theta,0.1581
2026-07,3,mexico,EB3,FAD,2026-10-01,18218,17661,18776,17043,19393,True,theta,0.1581
2026-07,4,mexico,EB3,FAD,2026-11-01,18254,17610,18898,16897,19611,True,theta,0.1581
2026-07,5,mexico,EB3,FAD,2026-12-01,18290,17571,19010,16773,19808,True,theta,0.1581
2026-07,6,mexico,EB3,FAD,2027-01-01,18327,17538,19115,16665,19989,True,theta,0.1581
2026-07,7,mexico,EB3,FAD,2027-02-01,18363,17512,19215,16568,20158,True,theta,0.1581
2026-07,8,mexico,EB3,FAD,2027-03-01,18400,17489,19310,16481,20319,True,theta,0.1581
2026-07,9,mexico,EB3,FAD,2027-04-01,18436,17470,19402,16401,20472,True,theta,0.1581
2026-07,10,mexico,EB3,FAD,2027-05-01,18473,17455,19491,16327,20618,True,theta,0.1581
2026-07,11,mexico,EB3,FAD,2027-06-01,18509,17442,19577,16259,20760,True,theta,0.1581
2026-07,12,mexico,EB3,FAD,2027-07-01,18546,17431,19661,16196,20897,True,theta,0.1581
2026-07,1,mexico,EB3_OW,DFF,2026-08-01,17399,17302,17495,17196,17602,True,ets,0.0583
2026-07,2,mexico,EB3_OW,DFF,2026-09-01,17418,17282,17554,17131,17705,True,ets,0.0583
2026-07,3,mexico,EB3_OW,DFF,2026-10-01,17438,17271,17605,17086,17789,True,ets,0.0583
2026-07,4,mexico,EB3_OW,DFF,2026-11-01,17457,17265,17650,17051,17863,True,ets,0.0583
2026-07,5,mexico,EB3_OW,DFF,2026-12-01,17477,17262,17692,17023,17931,True,ets,0.0583
2026-07,6,mexico,EB3_OW,DFF,2027-01-01,17496,17261,17732,16999,17994,True,ets,0.0583
2026-07,7,mexico,EB3_OW,DFF,2027-02-01,17516,17261,17771,16979,18053,True,ets,0.0583
2026-07,8,mexico,EB3_OW,DFF,2027-03-01,17536,17263,17808,16961,18110,True,ets,0.0583
2026-07,9,mexico,EB3_OW,DFF,2027-04-01,17555,17266,17844,16946,18164,True,ets,0.0583
2026-07,10,mexico,EB3_OW,DFF,2027-05-01,17575,17270,17879,16933,18217,True,ets,0.0583
2026-07,11,mexico,EB3_OW,DFF,2027-06-01,17594,17275,17914,16921,18268,True,ets,0.0583
2026-07,12,mexico,EB3_OW,DFF,2027-07-01,17614,17280,17948,16911,18317,True,ets,0.0583
2026-07,1,mexico,EB3_OW,FAD,2026-08-01,17226,17174,17278,17116,17336,True,theta,0.0415
2026-07,2,mexico,EB3_OW,FAD,2026-09-01,17226,17152,17300,17070,17382,True,theta,0.0415
2026-07,3,mexico,EB3_OW,FAD,2026-10-01,17226,17136,17316,17035,17417,True,theta,0.0415
2026-07,4,mexico,EB3_OW,FAD,2026-11-01,17226,17122,17330,17006,17446,True,theta,0.0415
2026-07,5,mexico,EB3_OW,FAD,2026-12-01,17226,17109,17343,16980,17472,True,theta,0.0415
2026-07,6,mexico,EB3_OW,FAD,2027-01-01,17226,17098,17354,16957,17495,True,theta,0.0415
2026-07,7,mexico,EB3_OW,FAD,2027-02-01,17226,17088,17364,16935,17517,True,theta,0.0415
2026-07,8,mexico,EB3_OW,FAD,2027-03-01,17226,17078,17374,16915,17537,True,theta,0.0415
2026-07,9,mexico,EB3_OW,FAD,2027-04-01,17226,17069,17383,16896,17556,True,theta,0.0415
2026-07,10,mexico,EB3_OW,FAD,2027-05-01,17226,17061,17391,16878,17574,True,theta,0.0415
2026-07,11,mexico,EB3_OW,FAD,2027-06-01,17226,17053,17399,16861,17591,True,theta,0.0415
2026-07,12,mexico,EB3_OW,FAD,2027-07-01,17226,17045,17407,16845,17607,True,theta,0.0415
2026-07,1,mexico,EB4,FAD,2026-08-01,17442,17187,17696,16905,17978,True,theta,0.1928
2026-07,2,mexico,EB4,FAD,2026-09-01,17459,17099,17819,16700,18218,True,theta,0.1928
2026-07,3,mexico,EB4,FAD,2026-10-01,17477,17036,17918,16547,18407,True,theta,0.1928
2026-07,4,mexico,EB4,FAD,2026-11-01,17495,16985,18004,16421,18568,True,theta,0.1928
2026-07,5,mexico,EB4,FAD,2026-12-01,17512,16943,18082,16312,18712,True,theta,0.1928
2026-07,6,mexico,EB4,FAD,2027-01-01,17530,16906,18154,16215,18845,True,theta,0.1928
2026-07,7,mexico,EB4,FAD,2027-02-01,17548,16874,18221,16128,18968,True,theta,0.1928
2026-07,8,mexico,EB4,FAD,2027-03-01,17565,16845,18286,16047,19084,True,theta,0.1928
2026-07,9,mexico,EB4,FAD,2027-04-01,17583,16819,18347,15973,19193,True,theta,0.1928
2026-07,10,mexico,EB4,FAD,2027-05-01,17601,16796,18406,15904,19298,True,theta,0.1928
2026-07,11,mexico,EB4,FAD,2027-06-01,17619,16774,18463,15839,19399,True,theta,0.1928
2026-07,12,mexico,EB4,FAD,2027-07-01,17637,16755,18519,15777,19496,True,theta,0.1928
2026-07,1,mexico,EB4_RW,FAD,2026-08-01,17442,17187,17696,16905,17978,True,theta,0.186
2026-07,2,mexico,EB4_RW,FAD,2026-09-01,17459,17099,17819,16700,18218,True,theta,0.186
2026-07,3,mexico,EB4_RW,FAD,2026-10-01,17477,17036,17918,16547,18407,True,theta,0.186
2026-07,4,mexico,EB4_RW,FAD,2026-11-01,17495,16985,18004,16421,18568,True,theta,0.186
2026-07,5,mexico,EB4_RW,FAD,2026-12-01,17512,16943,18082,16312,18712,True,theta,0.186
2026-07,6,mexico,EB4_RW,FAD,2027-01-01,17530,16906,18154,16215,18845,True,theta,0.186
2026-07,7,mexico,EB4_RW,FAD,2027-02-01,17548,16874,18221,16128,18968,True,theta,0.186
2026-07,8,mexico,EB4_RW,FAD,2027-03-01,17565,16845,18286,16047,19083,True,theta,0.186
2026-07,9,mexico,EB4_RW,FAD,2027-04-01,17583,16819,18347,15973,19193,True,theta,0.186
2026-07,10,mexico,EB4_RW,FAD,2027-05-01,17601,16796,18406,15904,19298,True,theta,0.186
2026-07,11,mexico,EB4_RW,FAD,2027-06-01,17619,16774,18463,15839,19399,True,theta,0.186
2026-07,12,mexico,EB4_RW,FAD,2027-07-01,17636,16754,18518,15777,19496,True,theta,0.186
2026-07,1,mexico,F1,DFF,2026-08-01,12365,12294,12436,12216,12514,True,ets,0.1337
2026-07,2,mexico,F1,DFF,2026-09-01,12403,12303,12503,12192,12613,True,ets,0.1337
2026-07,3,mexico,F1,DFF,2026-10-01,12441,12319,12563,12183,12699,True,ets,0.1337
2026-07,4,mexico,F1,DFF,2026-11-01,12479,12338,12620,12181,12777,True,ets,0.1337
2026-07,5,mexico,F1,DFF,2026-12-01,12517,12359,12675,12184,12850,True,ets,0.1337
2026-07,6,mexico,F1,DFF,2027-01-01,12555,12382,12728,12190,12919,True,ets,0.1337
2026-07,7,mexico,F1,DFF,2027-02-01,12593,12406,12780,12199,12987,True,ets,0.1337
2026-07,8,mexico,F1,DFF,2027-03-01,12631,12431,12830,12210,13052,True,ets,0.1337
2026-07,9,mexico,F1,DFF,2027-04-01,12669,12457,12880,12222,13115,True,ets,0.1337
2026-07,10,mexico,F1,DFF,2027-05-01,12707,12483,12930,12236,13177,True,ets,0.1337
2026-07,11,mexico,F1,DFF,2027-06-01,12744,12510,12979,12251,13238,True,ets,0.1337
2026-07,12,mexico,F1,DFF,2027-07-01,12782,12538,13027,12267,13298,True,ets,0.1337
2026-07,1,mexico,F1,FAD,2026-08-01,12006,11683,12330,11324,12688,True,theta,0.2372
2026-07,2,mexico,F1,FAD,2026-09-01,12013,11556,12471,11049,12978,True,theta,0.2372
2026-07,3,mexico,F1,FAD,2026-10-01,12021,11461,12581,10840,13202,True,theta,0.2372
2026-07,4,mexico,F1,FAD,2026-11-01,12028,11381,12675,10664,13392,True,theta,0.2372
2026-07,5,mexico,F1,FAD,2026-12-01,12035,11312,12758,10511,13560,True,theta,0.2372
2026-07,6,mexico,F1,FAD,2027-01-01,12042,11250,12835,10372,13713,True,theta,0.2372
2026-07,7,mexico,F1,FAD,2027-02-01,12050,11194,12905,10246,13854,True,theta,0.2372
2026-07,8,mexico,F1,FAD,2027-03-01,12057,11142,12972,10129,13985,True,theta,0.2372
2026-07,9,mexico,F1,FAD,2027-04-01,12064,11094,13035,10019,14110,True,theta,0.2372
2026-07,10,mexico,F1,FAD,2027-05-01,12071,11049,13094,9915,14227,True,theta,0.2372
2026-07,11,mexico,F1,FAD,2027-06-01,12079,11006,13151,9817,14340,True,theta,0.2372
2026-07,12,mexico,F1,FAD,2027-07-01,12086,10965,13206,9724,14448,True,theta,0.2372
2026-07,1,mexico,F2A,FAD,2026-08-01,17921,17759,18083,17580,18262,True,theta,0.1136
2026-07,2,mexico,F2A,FAD,2026-09-01,17945,17716,18174,17463,18428,True,theta,0.1136
2026-07,3,mexico,F2A,FAD,2026-10-01,17969,17689,18250,17378,18560,True,theta,0.1136
2026-07,4,mexico,F2A,FAD,2026-11-01,17993,17670,18317,17311,18676,True,theta,0.1136
2026-07,5,mexico,F2A,FAD,2026-12-01,18017,17655,18379,17254,18780,True,theta,0.1136
2026-07,6,mexico,F2A,FAD,2027-01-01,18041,17645,18438,17206,18877,True,theta,0.1136
2026-07,7,mexico,F2A,FAD,2027-02-01,18065,17637,18494,17163,18968,True,theta,0.1136
2026-07,8,mexico,F2A,FAD,2027-03-01,18090,17632,18547,17124,19055,True,theta,0.1136
2026-07,9,mexico,F2A,FAD,2027-04-01,18113,17628,18599,17090,19137,True,theta,0.1136
2026-07,10,mexico,F2A,FAD,2027-05-01,18137,17626,18649,17058,19216,True,theta,0.1136
2026-07,11,mexico,F2A,FAD,2027-06-01,18161,17625,18698,17030,19293,True,theta,0.1136
2026-07,12,mexico,F2A,FAD,2027-07-01,18185,17625,18746,17003,19367,True,theta,0.1136
2026-07,1,mexico,F2B,DFF,2026-08-01,12978,12821,13135,12648,13309,True,ets,0.2181
2026-07,2,mexico,F2B,DFF,2026-09-01,13038,12816,13259,12570,13505,True,ets,0.2181
2026-07,3,mexico,F2B,DFF,2026-10-01,13097,12825,13369,12524,13670,True,ets,0.2181
2026-07,4,mexico,F2B,DFF,2026-11-01,13156,12843,13470,12495,13817,True,ets,0.2181
2026-07,5,mexico,F2B,DFF,2026-12-01,13216,12865,13566,12476,13955,True,ets,0.2181
2026-07,6,mexico,F2B,DFF,2027-01-01,13275,12891,13659,12465,14085,True,ets,0.2181
2026-07,7,mexico,F2B,DFF,2027-02-01,13334,12920,13749,12460,14209,True,ets,0.2181
2026-07,8,mexico,F2B,DFF,2027-03-01,13394,12950,13837,12459,14329,True,ets,0.2181
2026-07,9,mexico,F2B,DFF,2027-04-01,13453,12983,13924,12462,14445,True,ets,0.2181
2026-07,10,mexico,F2B,DFF,2027-05-01,13513,13017,14009,12467,14558,True,ets,0.2181
2026-07,11,mexico,F2B,DFF,2027-06-01,13572,13052,14092,12476,14668,True,ets,0.2181
2026-07,12,mexico,F2B,DFF,2027-07-01,13631,13088,14175,12486,14777,True,ets,0.2181
2026-07,1,mexico,F2B,FAD,2026-08-01,12476,12308,12644,12121,12831,True,theta,0.3455
2026-07,2,mexico,F2B,FAD,2026-09-01,12488,12250,12726,11986,12989,True,theta,0.3455
2026-07,3,mexico,F2B,FAD,2026-10-01,12500,12208,12791,11886,13114,True,theta,0.3455
2026-07,4,mexico,F2B,FAD,2026-11-01,12512,12175,12848,11803,13221,True,theta,0.3455
2026-07,5,mexico,F2B,FAD,2026-12-01,12524,12148,12900,11731,13317,True,theta,0.3455
2026-07,6,mexico,F2B,FAD,2027-01-01,12536,12124,12948,11667,13405,True,theta,0.3455
2026-07,7,mexico,F2B,FAD,2027-02-01,12548,12103,12993,11610,13486,True,theta,0.3455
2026-07,8,mexico,F2B,FAD,2027-03-01,12560,12084,13036,11557,13563,True,theta,0.3455
2026-07,9,mexico,F2B,FAD,2027-04-01,12572,12068,13077,11508,13636,True,theta,0.3455
2026-07,10,mexico,F2B,FAD,2027-05-01,12584,12052,13116,11463,13706,True,theta,0.3455
2026-07,11,mexico,F2B,FAD,2027-06-01,12597,12039,13155,11420,13773,True,theta,0.3455
2026-07,12,mexico,F2B,FAD,2027-07-01,12609,12026,13192,11380,13837,True,theta,0.3455
2026-07,1,mexico,F3,DFF,2026-08-01,9693,9685,9701,9677,9709,True,ets,0.007
2026-07,2,mexico,F3,DFF,2026-09-01,9694,9683,9704,9671,9716,True,ets,0.007
2026-07,3,mexico,F3,DFF,2026-10-01,9694,9681,9707,9667,9722,True,ets,0.007
2026-07,4,mexico,F3,DFF,2026-11-01,9695,9680,9710,9663,9727,True,ets,0.007
2026-07,5,mexico,F3,DFF,2026-12-01,9695,9678,9712,9659,9731,True,ets,0.007
2026-07,6,mexico,F3,DFF,2027-01-01,9696,9677,9714,9656,9735,True,ets,0.007
2026-07,7,mexico,F3,DFF,2027-02-01,9696,9676,9716,9653,9738,True,ets,0.007
2026-07,8,mexico,F3,DFF,2027-03-01,9696,9675,9717,9651,9741,True,ets,0.007
2026-07,9,mexico,F3,DFF,2027-04-01,9696,9673,9719,9648,9744,True,ets,0.007
2026-07,10,mexico,F3,DFF,2027-05-01,9696,9672,9720,9646,9747,True,ets,0.007
2026-07,11,mexico,F3,DFF,2027-06-01,9696,9671,9722,9643,9749,True,ets,0.007
2026-07,12,mexico,F3,DFF,2027-07-01,9696,9670,9723,9641,9752,True,ets,0.007
2026-07,1,mexico,F3,FAD,2026-08-01,9655,9576,9734,9488,9822,True,theta,0.0685
2026-07,2,mexico,F3,FAD,2026-09-01,9662,9550,9774,9425,9899,True,theta,0.0685
2026-07,3,mexico,F3,FAD,2026-10-01,9669,9532,9807,9379,9959,True,theta,0.0685
2026-07,4,mexico,F3,FAD,2026-11-01,9676,9517,9835,9342,10011,True,theta,0.0685
2026-07,5,mexico,F3,FAD,2026-12-01,9683,9506,9861,9309,10057,True,theta,0.0685
2026-07,6,mexico,F3,FAD,2027-01-01,9690,9496,9885,9280,10100,True,theta,0.0685
2026-07,7,mexico,F3,FAD,2027-02-01,9697,9487,9907,9255,10140,True,theta,0.0685
2026-07,8,mexico,F3,FAD,2027-03-01,9704,9480,9929,9231,10178,True,theta,0.0685
2026-07,9,mexico,F3,FAD,2027-04-01,9711,9473,9949,9209,10213,True,theta,0.0685
2026-07,10,mexico,F3,FAD,2027-05-01,9718,9467,9969,9189,10247,True,theta,0.0685
2026-07,11,mexico,F3,FAD,2027-06-01,9725,9462,9989,9170,10280,True,theta,0.0685
2026-07,12,mexico,F3,FAD,2027-07-01,9732,9457,10007,9153,10312,True,theta,0.0685
2026-07,1,mexico,F4,DFF,2026-08-01,9616,9615,9617,9615,9617,True,ets,0.0009
2026-07,2,mexico,F4,DFF,2026-09-01,9616,9615,9617,9614,9618,True,ets,0.0009
2026-07,3,mexico,F4,DFF,2026-10-01,9616,9615,9617,9614,9618,True,ets,0.0009
2026-07,4,mexico,F4,DFF,2026-11-01,9616,9615,9617,9614,9618,True,ets,0.0009
2026-07,5,mexico,F4,DFF,2026-12-01,9616,9615,9617,9613,9619,True,ets,0.0009
2026-07,6,mexico,F4,DFF,2027-01-01,9616,9615,9617,9613,9619,True,ets,0.0009
2026-07,7,mexico,F4,DFF,2027-02-01,9616,9615,9617,9613,9619,True,ets,0.0009
2026-07,8,mexico,F4,DFF,2027-03-01,9616,9614,9618,9613,9619,True,ets,0.0009
2026-07,9,mexico,F4,DFF,2027-04-01,9616,9614,9618,9612,9620,True,ets,0.0009
2026-07,10,mexico,F4,DFF,2027-05-01,9616,9614,9618,9612,9620,True,ets,0.0009
2026-07,11,mexico,F4,DFF,2027-06-01,9616,9614,9618,9612,9620,True,ets,0.0009
2026-07,12,mexico,F4,DFF,2027-07-01,9616,9614,9618,9612,9620,True,ets,0.0009
2026-07,1,mexico,F4,FAD,2026-08-01,9603,9595,9610,9587,9618,True,theta,0.0315
2026-07,2,mexico,F4,FAD,2026-09-01,9611,9601,9621,9589,9633,True,theta,0.0315
2026-07,3,mexico,F4,FAD,2026-10-01,9619,9607,9632,9593,9646,True,theta,0.0315
2026-07,4,mexico,F4,FAD,2026-11-01,9628,9613,9642,9597,9658,True,theta,0.0315
2026-07,5,mexico,F4,FAD,2026-12-01,9636,9620,9652,9602,9670,True,theta,0.0315
2026-07,6,mexico,F4,FAD,2027-01-01,9644,9627,9662,9607,9682,True,theta,0.0315
2026-07,7,mexico,F4,FAD,2027-02-01,9653,9634,9672,9612,9693,True,theta,0.0315
2026-07,8,mexico,F4,FAD,2027-03-01,9661,9641,9682,9618,9705,True,theta,0.0315
2026-07,9,mexico,F4,FAD,2027-04-01,9670,9648,9691,9623,9716,True,theta,0.0315
2026-07,10,mexico,F4,FAD,2027-05-01,9678,9655,9701,9629,9726,True,theta,0.0315
2026-07,11,mexico,F4,FAD,2027-06-01,9686,9662,9710,9635,9737,True,theta,0.0315
2026-07,12,mexico,F4,FAD,2027-07-01,9695,9669,9720,9641,9748,True,theta,0.0315
2026-07,1,philippines,EB3,DFF,2026-08-01,17910,17870,17949,17827,17993,True,ets,0.04
2026-07,2,philippines,EB3,DFF,2026-09-01,17922,17866,17978,17804,18040,True,ets,0.04
2026-07,3,philippines,EB3,DFF,2026-10-01,17934,17865,18002,17789,18078,True,ets,0.04
2026-07,4,philippines,EB3,DFF,2026-11-01,17945,17866,18024,17779,18112,True,ets,0.04
2026-07,5,philippines,EB3,DFF,2026-12-01,17957,17868,18045,17770,18143,True,ets,0.04
2026-07,6,philippines,EB3,DFF,2027-01-01,17968,17871,18065,17764,18172,True,ets,0.04
2026-07,7,philippines,EB3,DFF,2027-02-01,17979,17874,18083,17759,18199,True,ets,0.04
2026-07,8,philippines,EB3,DFF,2027-03-01,17990,17878,18102,17754,18225,True,ets,0.04
2026-07,9,philippines,EB3,DFF,2027-04-01,18001,17882,18119,17751,18250,True,ets,0.04
2026-07,10,philippines,EB3,DFF,2027-05-01,18011,17886,18136,17748,18274,True,ets,0.04
2026-07,11,philippines,EB3,DFF,2027-06-01,18022,17891,18153,17745,18298,True,ets,0.04
2026-07,12,philippines,EB3,DFF,2027-07-01,18032,17895,18169,17743,18320,True,ets,0.04
2026-07,1,philippines,EB3,FAD,2026-08-01,17776,17454,18099,17096,18457,True,theta,0.0932
2026-07,2,philippines,EB3,FAD,2026-09-01,17809,17352,18265,16847,18771,True,theta,0.0932
2026-07,3,philippines,EB3,FAD,2026-10-01,17841,17282,18400,16663,19020,True,theta,0.0932
2026-07,4,philippines,EB3,FAD,2026-11-01,17874,17229,18519,16513,19235,True,theta,0.0932
2026-07,5,philippines,EB3,FAD,2026-12-01,17907,17185,18628,16385,19428,True,theta,0.0932
2026-07,6,philippines,EB3,FAD,2027-01-01,17939,17149,18730,16273,19606,True,theta,0.0932
2026-07,7,philippines,EB3,FAD,2027-02-01,17972,17118,18826,16172,19772,True,theta,0.0932
2026-07,8,philippines,EB3,FAD,2027-03-01,18005,17092,18918,16081,19929,True,theta,0.0932
2026-07,9,philippines,EB3,FAD,2027-04-01,18038,17070,19006,15997,20079,True,theta,0.0932
2026-07,10,philippines,EB3,FAD,2027-05-01,18071,17050,19091,15920,20222,True,theta,0.0932
2026-07,11,philippines,EB3,FAD,2027-06-01,18104,17033,19174,15848,20360,True,theta,0.0932
2026-07,12,philippines,EB3,FAD,2027-07-01,18137,17019,19255,15780,20494,True,theta,0.0932
2026-07,1,philippines,EB3_OW,DFF,2026-08-01,17387,17215,17559,17025,17750,True,ets,0.0574
2026-07,2,philippines,EB3_OW,DFF,2026-09-01,17395,17152,17638,16882,17908,True,ets,0.0574
2026-07,3,philippines,EB3_OW,DFF,2026-10-01,17403,17105,17701,16775,18031,True,ets,0.0574
2026-07,4,philippines,EB3_OW,DFF,2026-11-01,17411,17067,17755,16685,18136,True,ets,0.0574
2026-07,5,philippines,EB3_OW,DFF,2026-12-01,17418,17033,17803,16607,18229,True,ets,0.0574
2026-07,6,philippines,EB3_OW,DFF,2027-01-01,17425,17004,17847,16537,18314,True,ets,0.0574
2026-07,7,philippines,EB3_OW,DFF,2027-02-01,17433,16978,17888,16473,18392,True,ets,0.0574
2026-07,8,philippines,EB3_OW,DFF,2027-03-01,17440,16953,17926,16414,18465,True,ets,0.0574
2026-07,9,philippines,EB3_OW,DFF,2027-04-01,17447,16931,17963,16359,18534,True,ets,0.0574
2026-07,10,philippines,EB3_OW,DFF,2027-05-01,17453,16909,17997,16307,18600,True,ets,0.0574
2026-07,11,philippines,EB3_OW,DFF,2027-06-01,17460,16890,18031,16258,18663,True,ets,0.0574
2026-07,12,philippines,EB3_OW,DFF,2027-07-01,17467,16871,18062,16211,18723,True,ets,0.0574
2026-07,1,philippines,EB3_OW,FAD,2026-08-01,17154,17062,17247,16959,17349,True,theta,0.0414
2026-07,2,philippines,EB3_OW,FAD,2026-09-01,17173,17042,17304,16897,17448,True,theta,0.0414
2026-07,3,philippines,EB3_OW,FAD,2026-10-01,17191,17031,17351,16853,17529,True,theta,0.0414
2026-07,4,philippines,EB3_OW,FAD,2026-11-01,17210,17025,17394,16820,17599,True,theta,0.0414
2026-07,5,philippines,EB3_OW,FAD,2026-12-01,17228,17021,17435,16792,17664,True,theta,0.0414
2026-07,6,philippines,EB3_OW,FAD,2027-01-01,17246,17020,17473,16769,17724,True,theta,0.0414
2026-07,7,philippines,EB3_OW,FAD,2027-02-01,17265,17020,17509,16749,17780,True,theta,0.0414
2026-07,8,philippines,EB3_OW,FAD,2027-03-01,17283,17021,17545,16732,17834,True,theta,0.0414
2026-07,9,philippines,EB3_OW,FAD,2027-04-01,17301,17024,17579,16717,17886,True,theta,0.0414
2026-07,10,philippines,EB3_OW,FAD,2027-05-01,17320,17027,17612,16703,17936,True,theta,0.0414
2026-07,11,philippines,EB3_OW,FAD,2027-06-01,17338,17031,17645,16692,17985,True,theta,0.0414
2026-07,12,philippines,EB3_OW,FAD,2027-07-01,17357,17036,17677,16681,18032,True,theta,0.0414
2026-07,1,philippines,EB4,FAD,2026-08-01,17440,17186,17695,16904,17977,True,theta,0.1623
2026-07,2,philippines,EB4,FAD,2026-09-01,17457,17097,17817,16699,18215,True,theta,0.1623
2026-07,3,philippines,EB4,FAD,2026-10-01,17473,17033,17914,16544,18402,True,theta,0.1623
2026-07,4,philippines,EB4,FAD,2026-11-01,17490,16981,17998,16417,18562,True,theta,0.1623
2026-07,5,philippines,EB4,FAD,2026-12-01,17506,16937,18075,16307,18705,True,theta,0.1623
2026-07,6,philippines,EB4,FAD,2027-01-01,17522,16899,18145,16209,18836,True,theta,0.1623
2026-07,7,philippines,EB4,FAD,2027-02-01,17539,16866,18212,16120,18957,True,theta,0.1623
2026-07,8,philippines,EB4,FAD,2027-03-01,17555,16836,18275,16038,19072,True,theta,0.1623
2026-07,9,philippines,EB4,FAD,2027-04-01,17571,16808,18334,15963,19180,True,theta,0.1623
2026-07,10,philippines,EB4,FAD,2027-05-01,17588,16783,18392,15892,19283,True,theta,0.1623
2026-07,11,philippines,EB4,FAD,2027-06-01,17604,16760,18448,15826,19382,True,theta,0.1623
2026-07,12,philippines,EB4,FAD,2027-07-01,17620,16739,18502,15763,19478,True,theta,0.1623
2026-07,1,philippines,EB4_RW,FAD,2026-08-01,17440,17186,17695,16904,17977,True,theta,0.1564
2026-07,2,philippines,EB4_RW,FAD,2026-09-01,17457,17097,17817,16699,18215,True,theta,0.1564
2026-07,3,philippines,EB4_RW,FAD,2026-10-01,17473,17033,17914,16544,18402,True,theta,0.1564
2026-07,4,philippines,EB4_RW,FAD,2026-11-01,17490,16981,17998,16417,18562,True,theta,0.1564
2026-07,5,philippines,EB4_RW,FAD,2026-12-01,17506,16937,18075,16307,18705,True,theta,0.1564
2026-07,6,philippines,EB4_RW,FAD,2027-01-01,17522,16899,18145,16209,18836,True,theta,0.1564
2026-07,7,philippines,EB4_RW,FAD,2027-02-01,17539,16866,18212,16120,18957,True,theta,0.1564
2026-07,8,philippines,EB4_RW,FAD,2027-03-01,17555,16836,18274,16038,19072,True,theta,0.1564
2026-07,9,philippines,EB4_RW,FAD,2027-04-01,17571,16808,18334,15963,19180,True,theta,0.1564
2026-07,10,philippines,EB4_RW,FAD,2027-05-01,17588,16783,18392,15892,19283,True,theta,0.1564
2026-07,11,philippines,EB4_RW,FAD,2027-06-01,17604,16760,18448,15826,19382,True,theta,0.1564
2026-07,12,philippines,EB4_RW,FAD,2027-07-01,17620,16739,18501,15763,19478,True,theta,0.1564
2026-07,1,philippines,F1,DFF,2026-08-01,14721,14721,14721,14721,14721,True,ets,0.0
2026-07,2,philippines,F1,DFF,2026-09-01,14721,14721,14721,14721,14721,True,ets,0.0
2026-07,3,philippines,F1,DFF,2026-10-01,14721,14721,14721,14721,14721,True,ets,0.0
2026-07,4,philippines,F1,DFF,2026-11-01,14721,14721,14721,14721,14721,True,ets,0.0
2026-07,5,philippines,F1,DFF,2026-12-01,14721,14721,14721,14721,14721,True,ets,0.0
2026-07,6,philippines,F1,DFF,2027-01-01,14721,14721,14721,14721,14721,True,ets,0.0
2026-07,7,philippines,F1,DFF,2027-02-01,14721,14721,14721,14721,14721,True,ets,0.0
2026-07,8,philippines,F1,DFF,2027-03-01,14721,14721,14721,14721,14721,True,ets,0.0
2026-07,9,philippines,F1,DFF,2027-04-01,14721,14721,14721,14721,14721,True,ets,0.0
2026-07,10,philippines,F1,DFF,2027-05-01,14721,14721,14721,14721,14721,True,ets,0.0
2026-07,11,philippines,F1,DFF,2027-06-01,14721,14721,14721,14721,14721,True,ets,0.0
2026-07,12,philippines,F1,DFF,2027-07-01,14721,14721,14721,14721,14721,True,ets,0.0
2026-07,1,philippines,F1,FAD,2026-08-01,14018,13939,14097,13851,14185,True,theta,0.0683
2026-07,2,philippines,F1,FAD,2026-09-01,14036,13924,14148,13800,14272,True,theta,0.0683
2026-07,3,philippines,F1,FAD,2026-10-01,14054,13916,14191,13765,14343,True,theta,0.0683
2026-07,4,philippines,F1,FAD,2026-11-01,14071,13913,14230,13738,14405,True,theta,0.0683
2026-07,5,philippines,F1,FAD,2026-12-01,14089,13912,14266,13716,14462,True,theta,0.0683
2026-07,6,philippines,F1,FAD,2027-01-01,14107,13913,14301,13699,14516,True,theta,0.0683
2026-07,7,philippines,F1,FAD,2027-02-01,14125,13916,14334,13684,14566,True,theta,0.0683
2026-07,8,philippines,F1,FAD,2027-03-01,14143,13919,14367,13671,14615,True,theta,0.0683
2026-07,9,philippines,F1,FAD,2027-04-01,14161,13923,14398,13660,14661,True,theta,0.0683
2026-07,10,philippines,F1,FAD,2027-05-01,14179,13928,14429,13651,14706,True,theta,0.0683
2026-07,11,philippines,F1,FAD,2027-06-01,14196,13934,14459,13643,14750,True,theta,0.0683
2026-07,12,philippines,F1,FAD,2027-07-01,14214,13940,14488,13636,14792,True,theta,0.0683
2026-07,1,philippines,F2A,FAD,2026-08-01,18286,18051,18521,17791,18781,True,theta,0.133
2026-07,2,philippines,F2A,FAD,2026-09-01,18309,17977,18641,17609,19009,True,theta,0.133
2026-07,3,philippines,F2A,FAD,2026-10-01,18332,17925,18738,17474,19189,True,theta,0.133
2026-07,4,philippines,F2A,FAD,2026-11-01,18354,17885,18824,17364,19345,True,theta,0.133
2026-07,5,philippines,F2A,FAD,2026-12-01,18377,17852,18902,17270,19484,True,theta,0.133
2026-07,6,philippines,F2A,FAD,2027-01-01,18400,17825,18975,17187,19613,True,theta,0.133
2026-07,7,philippines,F2A,FAD,2027-02-01,18423,17802,19044,17113,19733,True,theta,0.133
2026-07,8,philippines,F2A,FAD,2027-03-01,18446,17781,19110,17045,19846,True,theta,0.133
2026-07,9,philippines,F2A,FAD,2027-04-01,18469,17764,19173,16983,19954,True,theta,0.133
2026-07,10,philippines,F2A,FAD,2027-05-01,18491,17749,19234,16926,20057,True,theta,0.133
2026-07,11,philippines,F2A,FAD,2027-06-01,18514,17735,19293,16872,20156,True,theta,0.133
2026-07,12,philippines,F2A,FAD,2027-07-01,18537,17724,19351,16822,20252,True,theta,0.133
2026-07,1,philippines,F2B,DFF,2026-08-01,14153,14153,14153,14153,14153,True,ets,0.0003
2026-07,2,philippines,F2B,DFF,2026-09-01,14153,14153,14153,14152,14154,True,ets,0.0003
2026-07,3,philippines,F2B,DFF,2026-10-01,14153,14153,14153,14152,14154,True,ets,0.0003
2026-07,4,philippines,F2B,DFF,2026-11-01,14153,14153,14153,14152,14154,True,ets,0.0003
2026-07,5,philippines,F2B,DFF,2026-12-01,14153,14153,14153,14152,14154,True,ets,0.0003
2026-07,6,philippines,F2B,DFF,2027-01-01,14153,14153,14153,14152,14154,True,ets,0.0003
2026-07,7,philippines,F2B,DFF,2027-02-01,14153,14153,14153,14152,14154,True,ets,0.0003
2026-07,8,philippines,F2B,DFF,2027-03-01,14153,14153,14153,14152,14154,True,ets,0.0003
2026-07,9,philippines,F2B,DFF,2027-04-01,14153,14152,14154,14152,14154,True,ets,0.0003
2026-07,10,philippines,F2B,DFF,2027-05-01,14153,14152,14154,14152,14154,True,ets,0.0003
2026-07,11,philippines,F2B,DFF,2027-06-01,14153,14152,14154,14152,14154,True,ets,0.0003
2026-07,12,philippines,F2B,DFF,2027-07-01,14153,14152,14154,14152,14154,True,ets,0.0003
2026-07,1,philippines,F2B,FAD,2026-08-01,14032,13968,14096,13897,14167,True,theta,0.0893
2026-07,2,philippines,F2B,FAD,2026-09-01,14050,13959,14140,13859,14241,True,theta,0.0893
2026-07,3,philippines,F2B,FAD,2026-10-01,14068,13957,14179,13834,14301,True,theta,0.0893
2026-07,4,philippines,F2B,FAD,2026-11-01,14086,13958,14214,13816,14356,True,theta,0.0893
2026-07,5,philippines,F2B,FAD,2026-12-01,14104,13961,14247,13802,14405,True,theta,0.0893
2026-07,6,philippines,F2B,FAD,2027-01-01,14122,13965,14279,13792,14452,True,theta,0.0893
2026-07,7,philippines,F2B,FAD,2027-02-01,14140,13971,14309,13783,14497,True,theta,0.0893
2026-07,8,philippines,F2B,FAD,2027-03-01,14158,13977,14339,13776,14539,True,theta,0.0893
2026-07,9,philippines,F2B,FAD,2027-04-01,14176,13984,14368,13771,14580,True,theta,0.0893
2026-07,10,philippines,F2B,FAD,2027-05-01,14194,13991,14396,13767,14620,True,theta,0.0893
2026-07,11,philippines,F2B,FAD,2027-06-01,14212,14000,14424,13764,14659,True,theta,0.0893
2026-07,12,philippines,F2B,FAD,2027-07-01,14230,14008,14451,13763,14697,True,theta,0.0893
2026-07,1,philippines,F3,DFF,2026-08-01,11579,11493,11666,11398,11761,True,ets,0.1071
2026-07,2,philippines,F3,DFF,2026-09-01,11617,11495,11739,11360,11874,True,ets,0.1071
2026-07,3,philippines,F3,DFF,2026-10-01,11654,11505,11804,11339,11969,True,ets,0.1071
2026-07,4,philippines,F3,DFF,2026-11-01,11692,11519,11864,11328,12055,True,ets,0.1071
2026-07,5,philippines,F3,DFF,2026-12-01,11729,11536,11922,11323,12136,True,ets,0.1071
2026-07,6,philippines,F3,DFF,2027-01-01,11767,11555,11978,11321,12212,True,ets,0.1071
2026-07,7,philippines,F3,DFF,2027-02-01,11804,11576,12032,11323,12285,True,ets,0.1071
2026-07,8,philippines,F3,DFF,2027-03-01,11841,11598,12085,11327,12356,True,ets,0.1071
2026-07,9,philippines,F3,DFF,2027-04-01,11879,11620,12138,11334,12424,True,ets,0.1071
2026-07,10,philippines,F3,DFF,2027-05-01,11916,11644,12189,11342,12491,True,ets,0.1071
2026-07,11,philippines,F3,DFF,2027-06-01,11954,11668,12240,11351,12557,True,ets,0.1071
2026-07,12,philippines,F3,DFF,2027-07-01,11991,11692,12290,11362,12621,True,ets,0.1071
2026-07,1,philippines,F3,FAD,2026-08-01,11385,11303,11468,11211,11559,True,theta,0.1395
2026-07,2,philippines,F3,FAD,2026-09-01,11396,11279,11513,11150,11642,True,theta,0.1395
2026-07,3,philippines,F3,FAD,2026-10-01,11406,11263,11549,11105,11708,True,theta,0.1395
2026-07,4,philippines,F3,FAD,2026-11-01,11416,11251,11582,11068,11765,True,theta,0.1395
2026-07,5,philippines,F3,FAD,2026-12-01,11427,11242,11611,11038,11816,True,theta,0.1395
2026-07,6,philippines,F3,FAD,2027-01-01,11437,11235,11639,11011,11864,True,theta,0.1395
2026-07,7,philippines,F3,FAD,2027-02-01,11448,11229,11666,10987,11908,True,theta,0.1395
2026-07,8,philippines,F3,FAD,2027-03-01,11458,11224,11691,10966,11950,True,theta,0.1395
2026-07,9,philippines,F3,FAD,2027-04-01,11468,11221,11716,10946,11990,True,theta,0.1395
2026-07,10,philippines,F3,FAD,2027-05-01,11479,11217,11740,10928,12029,True,theta,0.1395
2026-07,11,philippines,F3,FAD,2027-06-01,11489,11215,11763,10912,12066,True,theta,0.1395
2026-07,12,philippines,F3,FAD,2027-07-01,11499,11213,11785,10896,12102,True,theta,0.1395
2026-07,1,philippines,F4,DFF,2026-08-01,12143,12003,12282,11849,12436,True,ets,0.1107
2026-07,2,philippines,F4,DFF,2026-09-01,12149,11953,12346,11735,12564,True,ets,0.1107
2026-07,3,philippines,F4,DFF,2026-10-01,12156,11915,12397,11648,12664,True,ets,0.1107
2026-07,4,philippines,F4,DFF,2026-11-01,12162,11884,12440,11575,12748,True,ets,0.1107
2026-07,5,philippines,F4,DFF,2026-12-01,12168,11857,12479,11512,12823,True,ets,0.1107
2026-07,6,philippines,F4,DFF,2027-01-01,12173,11832,12514,11455,12891,True,ets,0.1107
2026-07,7,philippines,F4,DFF,2027-02-01,12178,11810,12546,11403,12954,True,ets,0.1107
2026-07,8,philippines,F4,DFF,2027-03-01,12183,11790,12577,11354,13013,True,ets,0.1107
2026-07,9,philippines,F4,DFF,2027-04-01,12188,11771,12605,11308,13068,True,ets,0.1107
2026-07,10,philippines,F4,DFF,2027-05-01,12193,11753,12633,11265,13120,True,ets,0.1107
2026-07,11,philippines,F4,DFF,2027-06-01,12197,11735,12658,11224,13170,True,ets,0.1107
2026-07,12,philippines,F4,DFF,2027-07-01,12201,11719,12683,11185,13217,True,ets,0.1107
2026-07,1,philippines,F4,FAD,2026-08-01,11922,11831,12013,11730,12114,True,theta,0.1341
2026-07,2,philippines,F4,FAD,2026-09-01,11944,11816,12073,11673,12216,True,theta,0.1341
2026-07,3,philippines,F4,FAD,2026-10-01,11967,11809,12125,11634,12299,True,theta,0.1341
2026-07,4,philippines,F4,FAD,2026-11-01,11989,11807,12171,11605,12373,True,theta,0.1341
2026-07,5,philippines,F4,FAD,2026-12-01,12011,11807,12215,11582,12441,True,theta,0.1341
2026-07,6,philippines,F4,FAD,2027-01-01,12033,11810,12257,11563,12504,True,theta,0.1341
2026-07,7,philippines,F4,FAD,2027-02-01,12056,11814,12297,11547,12564,True,theta,0.1341
2026-07,8,philippines,F4,FAD,2027-03-01,12078,11820,12336,11534,12621,True,theta,0.1341
2026-07,9,philippines,F4,FAD,2027-04-01,12100,11827,12374,11524,12676,True,theta,0.1341
2026-07,10,philippines,F4,FAD,2027-05-01,12122,11834,12411,11515,12730,True,theta,0.1341
2026-07,11,philippines,F4,FAD,2027-06-01,12145,11842,12447,11507,12782,True,theta,0.1341
2026-07,12,philippines,F4,FAD,2027-07-01,12167,11851,12483,11501,12832,True,theta,0.1341
