number,value,datetime_start,datetime_complete,duration,params_depth,params_l2_leaf_reg,params_lags,params_learning_rate,params_n_estimators,params_subsample,state
0,0.09793783567169327,2026-07-04 04:08:03.707445,2026-07-04 04:08:15.293800,0 days 00:00:11.586355,10,12.057126287443763,18,0.024479668704186594,318,0.5779972601681014,COMPLETE
1,0.1016356286478703,2026-07-04 04:08:15.365462,2026-07-04 04:08:18.380836,0 days 00:00:03.015374,9,7.725378389307352,12,0.03592774284371348,128,0.9849549260809971,COMPLETE
2,0.10160961410764963,2026-07-04 04:08:18.440068,2026-07-04 04:08:21.814866,0 days 00:00:03.374798,4,1.8559980846490576,36,0.005707213043685121,526,0.762378215816119,COMPLETE
3,0.09825550730681176,2026-07-04 04:08:21.877591,2026-07-04 04:08:25.645038,0 days 00:00:03.767447,5,8.012737503998538,24,0.004892755234081989,509,0.6831809216468459,COMPLETE
4,,2026-07-04 04:08:25.710516,,,9,1.9721610970573997,24,0.018206981506056836,929,0.5232252063599989,RUNNING
5,0.09793783567169327,2026-07-04 04:10:39.648233,2026-07-04 04:10:50.512234,0 days 00:00:10.864001,10,12.057126287443763,18,0.024479668704186594,318,0.5779972601681014,COMPLETE
6,0.1016356286478703,2026-07-04 04:10:50.583570,2026-07-04 04:10:53.699752,0 days 00:00:03.116182,9,7.725378389307352,12,0.03592774284371348,128,0.9849549260809971,COMPLETE
7,0.10160961410764963,2026-07-04 04:10:53.768606,2026-07-04 04:10:57.858781,0 days 00:00:04.090175,4,1.8559980846490576,36,0.005707213043685121,526,0.762378215816119,COMPLETE
8,0.09825550730681176,2026-07-04 04:10:57.930567,2026-07-04 04:11:02.079578,0 days 00:00:04.149011,5,8.012737503998538,24,0.004892755234081989,509,0.6831809216468459,COMPLETE
9,0.11645442141478807,2026-07-04 04:11:02.150302,2026-07-04 04:11:30.990649,0 days 00:00:28.840347,9,1.9721610970573997,24,0.018206981506056836,929,0.5232252063599989,COMPLETE
10,0.15385057643836697,2026-07-04 04:11:31.080248,2026-07-04 04:11:39.764400,0 days 00:00:08.684152,4,1.2476394272569447,30,0.08359087496329688,1452,0.9041986740582306,COMPLETE
11,0.09490968510303399,2026-07-04 04:11:39.831041,2026-07-04 04:11:48.693832,0 days 00:00:08.862791,9,25.215417296101013,24,0.004091531272352691,287,0.515849778314294,COMPLETE
12,0.09513278697277025,2026-07-04 04:11:48.748917,2026-07-04 04:11:56.602387,0 days 00:00:07.853470,9,21.225423135762185,18,0.0034406044411141898,308,0.6546956700183265,COMPLETE
13,0.09516017807331699,2026-07-04 04:11:56.665906,2026-07-04 04:12:06.459273,0 days 00:00:09.793367,10,20.952051616355774,30,0.003283836229223726,183,0.6953527875177024,COMPLETE
14,0.0944395225886602,2026-07-04 04:12:06.523758,2026-07-04 04:12:09.641470,0 days 00:00:03.117712,9,26.03540174826242,12,0.0032366966888531475,115,0.5487961384115776,COMPLETE
15,0.09420473874255,2026-07-04 04:12:09.709940,2026-07-04 04:12:11.618168,0 days 00:00:01.908228,7,5.741363128212207,12,0.0034166927371224566,108,0.5118634865966002,COMPLETE
16,0.09524636320509947,2026-07-04 04:12:11.685734,2026-07-04 04:12:13.484902,0 days 00:00:01.799168,6,3.4597646468659367,12,0.008590095894264562,133,0.6865411339390988,COMPLETE
17,0.0944078375196091,2026-07-04 04:12:13.553601,2026-07-04 04:12:18.549220,0 days 00:00:04.995619,8,9.512993643340971,12,0.006024095242791293,336,0.5217420146587037,COMPLETE
18,0.09489823491936668,2026-07-04 04:12:18.616406,2026-07-04 04:12:20.786077,0 days 00:00:02.169671,5,13.595530287358843,12,0.004501992890477578,256,0.5387164343022257,COMPLETE
19,0.09969426759806117,2026-07-04 04:12:20.854117,2026-07-04 04:12:27.427740,0 days 00:00:06.573623,7,3.298259034898274,18,0.003731478509354531,536,0.5123509499361311,COMPLETE
20,0.092994111157092,2026-07-04 04:12:27.496528,2026-07-04 04:12:32.653725,0 days 00:00:05.157197,10,3.0351271487108504,12,0.006263073294057589,157,0.5657769105259067,COMPLETE
21,0.09486980623215707,2026-07-04 04:12:32.719949,2026-07-04 04:12:38.611015,0 days 00:00:05.891066,10,3.041097230179196,12,0.010637215655524763,186,0.6339600113581659,COMPLETE
22,0.09495378489408532,2026-07-04 04:12:38.673649,2026-07-04 04:12:41.979199,0 days 00:00:03.305550,8,4.939650992723333,18,0.004345861416464528,157,0.5580025697163384,COMPLETE
23,0.09670717782639399,2026-07-04 04:12:42.040804,2026-07-04 04:12:46.409885,0 days 00:00:04.369081,8,2.485811942877988,12,0.0068435756226597234,270,0.5045738027204436,COMPLETE
24,0.09632015361987178,2026-07-04 04:12:46.476544,2026-07-04 04:12:59.042267,0 days 00:00:12.565723,9,7.478803551929845,12,0.004907118816457712,649,0.6268283183322483,COMPLETE
25,0.09312314890019555,2026-07-04 04:12:59.108901,2026-07-04 04:13:07.890229,0 days 00:00:08.781328,10,1.1706578674702923,18,0.006089481780431433,217,0.6246369083671621,COMPLETE
26,0.09510800582857196,2026-07-04 04:13:07.952420,2026-07-04 04:13:31.868904,0 days 00:00:23.916484,10,1.872258004350757,24,0.0030322358720222377,549,0.5848693987324172,COMPLETE
27,0.09437979361185135,2026-07-04 04:13:31.934266,2026-07-04 04:13:43.155250,0 days 00:00:11.220984,9,1.0805578451671736,18,0.004408153021114977,417,0.7707468409340538,COMPLETE
28,0.09584312957662647,2026-07-04 04:13:43.220648,2026-07-04 04:13:48.196742,0 days 00:00:04.976094,9,1.255798420339472,30,0.005472776125461284,125,0.6491373988367914,COMPLETE
29,0.09898718298638899,2026-07-04 04:13:48.258722,2026-07-04 04:13:55.538903,0 days 00:00:07.280181,10,1.0160368924953316,12,0.00839877699278362,239,0.5805559944137267,COMPLETE
30,0.09271973668473005,2026-07-04 04:13:55.601224,2026-07-04 04:14:01.425750,0 days 00:00:05.824526,10,3.388225272542807,12,0.003506506175195307,189,0.6182212098656542,COMPLETE
31,0.09271847122962443,2026-07-04 04:14:01.493421,2026-07-04 04:14:05.585788,0 days 00:00:04.092367,10,2.3264376609944013,12,0.004335380831563744,113,0.7746459961392862,COMPLETE
32,0.09321668631996317,2026-07-04 04:14:05.650239,2026-07-04 04:14:14.957146,0 days 00:00:09.306907,10,3.7128661113552135,12,0.0034637426317266906,280,0.5728712000434738,COMPLETE
33,0.09494657721950893,2026-07-04 04:14:15.031312,2026-07-04 04:14:23.611606,0 days 00:00:08.580294,10,4.863200719037752,18,0.0034168509251615038,218,0.8090196384505709,COMPLETE
34,0.09273138855936063,2026-07-04 04:14:23.682537,2026-07-04 04:14:29.130759,0 days 00:00:05.448222,9,2.627300007445453,12,0.003938587055678057,235,0.7212779425798985,COMPLETE
35,0.09320234675419808,2026-07-04 04:14:29.198920,2026-07-04 04:14:35.759559,0 days 00:00:06.560639,9,2.8599078177297597,12,0.0030650305305094582,296,0.7325303664055358,COMPLETE
36,0.09241368750312039,2026-07-04 04:14:35.830094,2026-07-04 04:14:40.155173,0 days 00:00:04.325079,10,1.4915217583811602,12,0.007617307333866872,107,0.8421046127793649,COMPLETE
37,0.09504399195040898,2026-07-04 04:14:40.233400,2026-07-04 04:14:44.780693,0 days 00:00:04.547293,8,1.905535187891078,12,0.0038603729408976774,265,0.867769481895973,COMPLETE
38,0.09886131723192751,2026-07-04 04:14:44.852774,2026-07-04 04:14:59.931049,0 days 00:00:15.078275,10,1.331509766099958,18,0.011686083650948219,354,0.8426324151065077,COMPLETE
39,0.09744145878880547,2026-07-04 04:15:00.009432,2026-07-04 04:15:08.727523,0 days 00:00:08.718091,10,2.646024814724141,12,0.008530035418413481,268,0.8039705579615118,COMPLETE
40,0.16796264437256317,2026-07-04 04:15:08.796427,2026-07-04 04:15:10.724345,0 days 00:00:01.927918,5,2.2229319885425833,12,0.014476208542044205,931,0.8560102141670745,PRUNED
41,0.0914184262548237,2026-07-04 04:15:10.793010,2026-07-04 04:15:15.826485,0 days 00:00:05.033475,10,2.952678437880254,12,0.008928060182051651,146,0.9564448314603178,COMPLETE
42,0.09425876959174156,2026-07-04 04:15:15.897747,2026-07-04 04:15:19.005511,0 days 00:00:03.107764,9,1.7299939646660298,12,0.006963382038377499,104,0.8143702174694645,COMPLETE
43,0.08898732701009872,2026-07-04 04:15:19.077584,2026-07-04 04:15:21.993532,0 days 00:00:02.915948,9,1.3059484254788156,12,0.017634063156384643,354,0.9300558064204779,PRUNED
44,0.10364816032285024,2026-07-04 04:15:22.065879,2026-07-04 04:15:33.167282,0 days 00:00:11.101403,9,5.299786104804536,12,0.010274727012686748,536,0.9947226612010682,COMPLETE
45,0.09442043277273843,2026-07-04 04:15:33.243890,2026-07-04 04:15:38.369580,0 days 00:00:05.125690,10,5.1124982187103365,12,0.011229778934926408,156,0.9091051304775938,COMPLETE
46,0.10157707222801204,2026-07-04 04:15:38.432364,2026-07-04 04:15:40.639922,0 days 00:00:02.207558,3,26.446487376578496,36,0.015116022646579297,295,0.7949696782515314,COMPLETE
47,0.09142563674589899,2026-07-04 04:15:40.707917,2026-07-04 04:15:46.812458,0 days 00:00:06.104541,10,1.6722899228838484,12,0.0032140012303386615,179,0.7008324774989354,COMPLETE
48,0.09376713991313788,2026-07-04 04:15:46.884833,2026-07-04 04:16:02.274113,0 days 00:00:15.389280,10,2.5367598391895765,12,0.0034786876193386917,523,0.9724110516873474,COMPLETE
49,0.09786725719388058,2026-07-04 04:16:02.353191,2026-07-04 04:16:17.383881,0 days 00:00:15.030690,9,29.6526595324857,36,0.045041944120106134,372,0.7513358455269246,COMPLETE
50,0.0922476122640937,2026-07-04 04:16:17.462386,2026-07-04 04:16:21.440628,0 days 00:00:03.978242,10,1.0503681629199988,12,0.007336821327982523,104,0.9398454457681159,COMPLETE
51,0.09734764785288486,2026-07-04 04:16:21.502830,2026-07-04 04:16:26.251617,0 days 00:00:04.748787,10,1.0914712495694867,12,0.014330533806040617,136,0.8948561315698447,COMPLETE
52,0.09469899947405586,2026-07-04 04:16:26.316995,2026-07-04 04:16:33.382422,0 days 00:00:07.065427,10,1.5935720467192624,18,0.005288368110602204,172,0.9608168100477565,COMPLETE
53,0.09569477248232322,2026-07-04 04:16:33.450216,2026-07-04 04:16:41.781836,0 days 00:00:08.331620,10,3.331562927552004,12,0.008609223276993037,271,0.941155419148777,COMPLETE
54,0.20067447603025582,2026-07-04 04:16:41.856970,2026-07-04 04:16:44.029110,0 days 00:00:02.172140,4,5.550489227766865,12,0.01843290951257612,1419,0.5912969347643136,PRUNED
55,0.09279657474704682,2026-07-04 04:16:44.101237,2026-07-04 04:16:47.219627,0 days 00:00:03.118390,9,1.7203692790342775,12,0.008840393497698417,106,0.9616554038534195,COMPLETE
56,0.09265607439175846,2026-07-04 04:16:47.293865,2026-07-04 04:16:54.142419,0 days 00:00:06.848554,10,1.7776944859362178,12,0.0049486718578188454,204,0.7572590999189163,COMPLETE
57,0.09200283386860805,2026-07-04 04:16:54.216156,2026-07-04 04:17:01.294842,0 days 00:00:07.078686,10,1.0605672281121339,12,0.003473437826948555,220,0.7332496572374632,COMPLETE
58,0.09508870042211086,2026-07-04 04:17:01.364565,2026-07-04 04:17:06.796389,0 days 00:00:05.431824,8,1.066499517093802,12,0.0036945952180012995,355,0.6801880925452892,COMPLETE
59,0.09286318288589065,2026-07-04 04:17:06.864711,2026-07-04 04:17:13.831662,0 days 00:00:06.966951,10,1.000487570545783,12,0.004505285646800965,217,0.6848115356255574,COMPLETE
60,0.21263182238863276,2026-07-04 04:17:13.901224,2026-07-04 04:17:15.124271,0 days 00:00:01.223047,3,8.049823534942254,12,0.08862576535012079,959,0.978066311037602,PRUNED
61,0.10124442526771443,2026-07-04 04:17:15.192003,2026-07-04 04:17:19.382760,0 days 00:00:04.190757,5,14.08628332053089,12,0.020888000455010845,698,0.7565431915196466,COMPLETE
62,0.09482913776387605,2026-07-04 04:17:19.453674,2026-07-04 04:17:27.894242,0 days 00:00:08.440568,10,1.0261315324393754,12,0.005701133307050763,260,0.801713754270994,COMPLETE
63,0.10950991601109988,2026-07-04 04:17:27.966357,2026-07-04 04:18:17.760272,0 days 00:00:49.793915,9,5.144194902101686,30,0.07418535266754783,1388,0.5400684972020194,COMPLETE
64,0.09207051372659875,2026-07-04 04:18:17.821681,2026-07-04 04:18:23.086214,0 days 00:00:05.264533,10,1.91814087727328,12,0.003833533277073117,162,0.8970187452754707,COMPLETE
65,0.09240900218418262,2026-07-04 04:18:23.153936,2026-07-04 04:18:29.801333,0 days 00:00:06.647397,10,2.1210200870910567,12,0.003049497242748758,216,0.9215603345048813,COMPLETE
66,0.09325597203246463,2026-07-04 04:18:29.863775,2026-07-04 04:18:35.346862,0 days 00:00:05.483087,9,2.122496665004547,12,0.0040737080748823795,249,0.971201065079519,COMPLETE
67,0.0932219123208399,2026-07-04 04:18:35.414306,2026-07-04 04:18:38.678597,0 days 00:00:03.264291,9,3.7896759692212236,12,0.004469523186570971,126,0.9466725801324853,COMPLETE
68,0.09123168903166001,2026-07-04 04:18:38.748466,2026-07-04 04:18:45.216537,0 days 00:00:06.468071,10,1.350616378322181,12,0.0031885596142432046,192,0.8831306480219736,COMPLETE
69,0.09224503184349947,2026-07-04 04:18:45.291825,2026-07-04 04:18:53.814461,0 days 00:00:08.522636,10,1.6956594491479169,12,0.0037881955000547527,265,0.9173605620960625,COMPLETE
70,0.09175788818297295,2026-07-04 04:18:53.887336,2026-07-04 04:18:58.328147,0 days 00:00:04.440811,9,1.1509520168989675,12,0.0033243794274049163,179,0.9198759323898051,COMPLETE
71,0.09419339687856414,2026-07-04 04:18:58.393014,2026-07-04 04:19:00.961491,0 days 00:00:02.568477,7,1.0344464156432975,18,0.004341604908397335,159,0.8528387043518662,COMPLETE
72,0.09304287158378995,2026-07-04 04:19:01.021459,2026-07-04 04:19:10.028052,0 days 00:00:09.006593,9,1.4504792951861067,12,0.003029366484741526,445,0.8663756778784016,COMPLETE
73,0.09310425706738959,2026-07-04 04:19:10.090077,2026-07-04 04:19:17.893612,0 days 00:00:07.803535,10,1.117878637193816,12,0.005557423694194198,251,0.918795902045282,COMPLETE
74,0.09255592574474303,2026-07-04 04:19:17.961384,2026-07-04 04:19:22.315533,0 days 00:00:04.354149,9,1.084529561383464,12,0.0034855797017761445,175,0.9301821663727291,COMPLETE
75,0.09135878040056071,2026-07-04 04:19:22.382263,2026-07-04 04:19:27.404484,0 days 00:00:05.022221,10,1.2475958657025679,12,0.003825401963266181,144,0.7987212825491892,COMPLETE
76,0.09421608311223553,2026-07-04 04:19:27.472659,2026-07-04 04:19:36.458678,0 days 00:00:08.986019,10,1.6043725775561573,18,0.0030058102019994834,227,0.7752709269531906,COMPLETE
77,0.09154516054242698,2026-07-04 04:19:36.523355,2026-07-04 04:19:44.580789,0 days 00:00:08.057434,10,1.017449807942465,12,0.003553862964644833,260,0.849628003949592,COMPLETE
78,0.09694812431768199,2026-07-04 04:19:44.646557,2026-07-04 04:20:03.105510,0 days 00:00:18.458953,7,7.648119973343734,24,0.007255233789421579,1485,0.5388459399824379,COMPLETE
79,0.11620095348413861,2026-07-04 04:20:03.173862,2026-07-04 04:20:14.728997,0 days 00:00:11.555135,6,7.681204127248292,24,0.020880385758978135,1226,0.8208620912276368,COMPLETE
80,0.166095399833106,2026-07-04 04:20:14.790925,2026-07-04 04:20:31.514456,0 days 00:00:16.723531,9,3.453911131348887,12,0.06927925690796803,791,0.5030376507152364,COMPLETE
81,0.1888195850577174,2026-07-04 04:20:31.582343,2026-07-04 04:20:36.025857,0 days 00:00:04.443514,4,4.448997431996476,36,0.09514815987925483,580,0.6262155375825342,COMPLETE
82,0.09083432880468917,2026-07-04 04:20:36.092892,2026-07-04 04:20:42.591172,0 days 00:00:06.498280,10,1.326484429214679,12,0.003300964496696821,206,0.8798551763457719,COMPLETE
83,0.09385351239198325,2026-07-04 04:20:42.657438,2026-07-04 04:20:53.993447,0 days 00:00:11.336009,10,1.3006868622042835,12,0.00407078716469973,414,0.8261094397449503,COMPLETE
84,0.14041695996930653,2026-07-04 04:20:54.059313,2026-07-04 04:21:00.292359,0 days 00:00:06.233046,5,1.0311281898482845,18,0.05372716754714191,1047,0.5750587179352578,COMPLETE
85,0.15048620641543042,2026-07-04 04:21:00.354843,2026-07-04 04:21:08.378371,0 days 00:00:08.023528,5,1.265764762869695,36,0.029068159175959517,842,0.553611702996724,COMPLETE
86,0.09190803009667642,2026-07-04 04:21:08.459968,2026-07-04 04:21:13.252539,0 days 00:00:04.792571,9,1.0726883787963961,12,0.003156569844951277,179,0.8547628474754894,COMPLETE
87,0.10328722387635797,2026-07-04 04:21:13.315015,2026-07-04 04:21:18.593583,0 days 00:00:05.278568,3,1.9989064481468812,24,0.00397719809843506,1314,0.6107017809566733,COMPLETE
88,0.09730066919359975,2026-07-04 04:21:18.659581,2026-07-04 04:22:08.276264,0 days 00:00:49.616683,10,26.448014652175598,18,0.02320171754683421,1417,0.8831828451601751,COMPLETE
89,0.1017011302736594,2026-07-04 04:22:08.347356,2026-07-04 04:22:25.191240,0 days 00:00:16.843884,6,3.8939620343544883,36,0.003388676943376161,1463,0.8310953351117746,COMPLETE
90,0.09236049328886205,2026-07-04 04:22:25.252015,2026-07-04 04:22:31.323127,0 days 00:00:06.071112,10,1.605330487073114,12,0.0032633654951385875,187,0.7473080406748567,COMPLETE
91,0.16512461224469027,2026-07-04 04:22:31.388343,2026-07-04 04:22:40.221659,0 days 00:00:08.833316,7,17.934613623611277,12,0.05443174232833488,936,0.9700745429084378,COMPLETE
92,0.09161074471019935,2026-07-04 04:22:40.286094,2026-07-04 04:22:50.116852,0 days 00:00:09.830758,10,1.025278515364401,12,0.003264317048009886,331,0.8166199419467349,COMPLETE
93,0.091488628340652,2026-07-04 04:22:50.176376,2026-07-04 04:22:53.700266,0 days 00:00:03.523890,9,1.0808912911189952,12,0.0031641723393866653,150,0.7918182197344253,COMPLETE
94,0.09220291395556698,2026-07-04 04:22:53.760953,2026-07-04 04:22:57.207148,0 days 00:00:03.446195,8,1.3456187245604905,12,0.003549992657575357,218,0.8086110257674644,COMPLETE
95,0.09537752741286515,2026-07-04 04:22:57.271548,2026-07-04 04:23:16.532020,0 days 00:00:19.260472,10,1.2508481247999312,18,0.003271898616950346,508,0.8445978372209565,COMPLETE
96,0.09130153222074497,2026-07-04 04:23:16.590079,2026-07-04 04:23:26.377411,0 days 00:00:09.787332,10,1.319198080184761,12,0.003072069612896875,299,0.8318813047258588,COMPLETE
97,0.09992302620762947,2026-07-04 04:23:26.442543,2026-07-04 04:23:54.348679,0 days 00:00:27.906136,9,4.5810289062984895,36,0.010565965946219825,681,0.7767462840513174,COMPLETE
98,0.10727061201924931,2026-07-04 04:23:54.416548,2026-07-04 04:24:16.194112,0 days 00:00:21.777564,10,2.661640585140207,12,0.007004112074019969,745,0.704208048736136,COMPLETE
99,0.10420502228592374,2026-07-04 04:24:16.262776,2026-07-04 04:24:18.173505,0 days 00:00:01.910729,4,12.924263060019351,24,0.06640441018160599,203,0.6718174691255329,COMPLETE
100,0.09181503842985132,2026-07-04 04:24:18.239536,2026-07-04 04:24:21.547540,0 days 00:00:03.308004,9,1.2046224433326105,12,0.003187637377082365,127,0.8234810370782941,COMPLETE
101,0.138840675968777,2026-07-04 04:24:21.611067,2026-07-04 04:24:24.977012,0 days 00:00:03.365945,5,1.5265841844378996,24,0.05360058782743544,386,0.705348456512904,COMPLETE
102,0.091663627606014,2026-07-04 04:24:25.044767,2026-07-04 04:24:30.901823,0 days 00:00:05.857056,10,1.0135859511726164,12,0.004578958154136465,181,0.870387235176582,COMPLETE
103,0.09456015584291563,2026-07-04 04:24:30.969370,2026-07-04 04:24:48.454486,0 days 00:00:17.485116,10,1.1426968284606638,18,0.003501850858179595,479,0.9430821078209868,COMPLETE
104,0.13351487743334986,2026-07-04 04:24:48.520263,2026-07-04 04:24:50.783708,0 days 00:00:02.263445,3,1.3517378121109287,30,0.03561278243032692,364,0.9781134254659118,COMPLETE
105,0.09160524597224146,2026-07-04 04:24:50.845495,2026-07-04 04:24:55.882770,0 days 00:00:05.037275,10,1.3806583268328205,12,0.0036748801678420794,156,0.829082836849671,COMPLETE
106,0.10114764569756486,2026-07-04 04:24:55.949190,2026-07-04 04:25:07.703285,0 days 00:00:11.754095,7,5.293334986207935,18,0.004241085825071938,1057,0.9663162487199509,COMPLETE
107,0.10801188704048219,2026-07-04 04:25:07.777075,2026-07-04 04:26:07.089268,0 days 00:00:59.312193,10,1.1821502609562955,30,0.03838888002123444,934,0.8089708955523399,COMPLETE
108,0.09332633938710799,2026-07-04 04:26:07.182001,2026-07-04 04:26:17.032867,0 days 00:00:09.850866,10,1.0121821062889778,18,0.004374026157174711,213,0.8307842285681838,COMPLETE
109,0.09190455623399918,2026-07-04 04:26:17.121973,2026-07-04 04:26:25.748895,0 days 00:00:08.626922,10,1.8835674878246595,12,0.0030005733689573806,240,0.8132893435327444,COMPLETE
110,0.09239863383032967,2026-07-04 04:26:25.835049,2026-07-04 04:26:34.695617,0 days 00:00:08.860568,10,1.205599348980663,12,0.0040987679997738025,255,0.8440929145048272,COMPLETE
111,0.09960727528589428,2026-07-04 04:26:34.776820,2026-07-04 04:26:37.269787,0 days 00:00:02.492967,3,29.332992264010485,18,0.010644998325305273,484,0.5442899227617575,COMPLETE
112,0.12731216246773347,2026-07-04 04:26:37.336252,2026-07-04 04:26:47.464165,0 days 00:00:10.127913,6,5.7769079423200465,24,0.039036630631219316,979,0.577403000625732,COMPLETE
113,0.12128590307114911,2026-07-04 04:26:47.544591,2026-07-04 04:26:58.759102,0 days 00:00:11.214511,6,6.8085398508566355,36,0.05173009659820845,831,0.9340751608621376,COMPLETE
114,0.10451544109415561,2026-07-04 04:26:58.849350,2026-07-04 04:27:12.366108,0 days 00:00:13.516758,9,1.152071484130207,12,0.0046333030911672535,626,0.8004583282713147,COMPLETE
115,0.09835096945364694,2026-07-04 04:27:12.447912,2026-07-04 04:27:24.758372,0 days 00:00:12.310460,7,17.5648460781043,30,0.007808594208966687,725,0.8172001638454167,COMPLETE
116,0.09960388037269699,2026-07-04 04:27:24.846103,2026-07-04 04:27:29.880811,0 days 00:00:05.034708,3,14.619303664364958,18,0.003568294114460785,1232,0.8582818356089671,COMPLETE
117,0.09341285280308627,2026-07-04 04:27:29.952519,2026-07-04 04:27:44.195975,0 days 00:00:14.243456,10,1.2526420235452767,12,0.003042558572270211,418,0.838638597839894,COMPLETE
118,0.09402881705645932,2026-07-04 04:27:44.285066,2026-07-04 04:27:50.571020,0 days 00:00:06.285954,10,2.540640331004815,18,0.005003763810338205,131,0.8482931761113608,COMPLETE
119,0.09495256374447901,2026-07-04 04:27:50.641874,2026-07-04 04:27:58.766301,0 days 00:00:08.124427,10,1.0472991540882122,18,0.00517704947183449,186,0.8569895294265603,COMPLETE
120,0.0912596756469397,2026-07-04 04:27:58.850607,2026-07-04 04:28:02.882912,0 days 00:00:04.032305,10,1.0131072789020104,12,0.003944104921400069,100,0.8173477671483427,COMPLETE
121,0.11289525251511316,2026-07-04 04:28:02.949864,2026-07-04 04:28:07.306791,0 days 00:00:04.356927,3,3.1875484270017984,30,0.011014269942371552,793,0.9215703428599995,COMPLETE
122,0.10200036704118676,2026-07-04 04:28:07.380411,2026-07-04 04:28:14.275914,0 days 00:00:06.895503,3,15.656677914023618,36,0.006611487195387032,1240,0.7126818524853603,COMPLETE
123,0.09076925403389524,2026-07-04 04:28:14.352942,2026-07-04 04:28:21.345791,0 days 00:00:06.992849,10,1.0593001603782481,12,0.004448902563730906,187,0.9050063911991896,COMPLETE
124,0.0910632785908303,2026-07-04 04:28:21.427741,2026-07-04 04:28:26.942272,0 days 00:00:05.514531,10,1.1338780792755934,12,0.0037062679936870277,157,0.8422687999143964,COMPLETE
125,0.09322150802063531,2026-07-04 04:28:27.022854,2026-07-04 04:28:30.579850,0 days 00:00:03.556996,9,1.0388718525502922,12,0.00924845471151324,116,0.7008463760472232,COMPLETE
126,0.08035365121093868,2026-07-04 04:28:30.651934,2026-07-04 04:28:31.560156,0 days 00:00:00.908222,3,6.357634726618317,18,0.00413235979851878,449,0.9297668635859049,PRUNED
127,0.10665662437018829,2026-07-04 04:28:31.631445,2026-07-04 04:28:32.901673,0 days 00:00:01.270228,8,2.6732040394789327,12,0.05423382841995421,179,0.705294115033401,PRUNED
128,0.10041629355529241,2026-07-04 04:28:32.972574,2026-07-04 04:28:34.915263,0 days 00:00:01.942689,3,1.3186005481681824,24,0.006488385008456876,238,0.6276817288947217,COMPLETE
129,0.100044856141781,2026-07-04 04:28:34.984494,2026-07-04 04:28:39.258346,0 days 00:00:04.273852,8,4.209307242346261,18,0.014884591815143478,187,0.9645254679730921,COMPLETE
130,0.09109481090852008,2026-07-04 04:28:39.333670,2026-07-04 04:28:43.772551,0 days 00:00:04.438881,9,1.2449402087069772,12,0.005085855895065013,156,0.8143903836542317,COMPLETE
131,0.1090006665789035,2026-07-04 04:28:43.848382,2026-07-04 04:28:59.771688,0 days 00:00:15.923306,6,14.048185024711897,36,0.024001787220645956,1169,0.6822567566145885,COMPLETE
132,0.08998493044940062,2026-07-04 04:28:59.865696,2026-07-04 04:29:06.078975,0 days 00:00:06.213279,10,1.0316846094234475,12,0.0070116668806931605,164,0.8115484964040194,COMPLETE
133,0.09566865033291483,2026-07-04 04:29:06.145827,2026-07-04 04:29:10.031039,0 days 00:00:03.885212,8,1.5372359670938613,12,0.008663735728607376,218,0.8181608229403505,COMPLETE
134,0.1005215252115952,2026-07-04 04:29:10.099059,2026-07-04 04:29:16.481163,0 days 00:00:06.382104,9,1.0686460941515485,12,0.007013021996288731,272,0.8014529409433209,COMPLETE
135,0.10206852289635845,2026-07-04 04:29:16.549845,2026-07-04 04:29:37.320190,0 days 00:00:20.770345,7,2.980164488533332,36,0.00360118237010973,1202,0.5541544695768421,COMPLETE
136,0.09372260072546695,2026-07-04 04:29:37.377280,2026-07-04 04:29:42.800497,0 days 00:00:05.423217,9,1.3023145218611527,18,0.0030414819394680923,185,0.7082206311396227,COMPLETE
137,0.09375186106596671,2026-07-04 04:29:42.864906,2026-07-04 04:30:10.517431,0 days 00:00:27.652525,9,21.328225815104023,12,0.004163700958924137,1435,0.8042892909134993,COMPLETE
138,0.09331155073464681,2026-07-04 04:30:10.581286,2026-07-04 04:30:13.505201,0 days 00:00:02.923915,9,2.3581382824589787,12,0.0073155251942499605,106,0.8470171535654636,COMPLETE
139,0.09123468021441965,2026-07-04 04:30:13.565334,2026-07-04 04:30:17.478210,0 days 00:00:03.912876,10,1.1545458084827922,12,0.003200563455356542,103,0.8030910428965157,COMPLETE
140,0.09467964943041851,2026-07-04 04:30:17.543306,2026-07-04 04:30:25.703274,0 days 00:00:08.159968,10,1.0316943093909838,12,0.0075076335859206225,246,0.7755150386207111,COMPLETE
141,0.09340047550299496,2026-07-04 04:30:25.761691,2026-07-04 04:30:32.743779,0 days 00:00:06.982088,10,1.3986326396413993,18,0.003408242353264462,148,0.7640532795959859,COMPLETE
142,0.1000605001752326,2026-07-04 04:30:32.809941,2026-07-04 04:30:55.157567,0 days 00:00:22.347626,8,14.247106242467122,24,0.07613777558042582,989,0.7446695534926158,COMPLETE
143,0.0911616582068219,2026-07-04 04:30:55.226798,2026-07-04 04:31:01.800753,0 days 00:00:06.573955,10,1.5409663450940734,12,0.0037423492830029473,177,0.8170847933976749,COMPLETE
144,0.09265661779167218,2026-07-04 04:31:01.863514,2026-07-04 04:31:07.575301,0 days 00:00:05.711787,9,1.3338848172358297,12,0.003952823780394571,225,0.815679729161904,COMPLETE
145,0.0921908904299775,2026-07-04 04:31:07.656128,2026-07-04 04:31:12.480616,0 days 00:00:04.824488,10,1.5862691803337696,12,0.005046222306919552,122,0.8596210559305271,COMPLETE
146,0.11450313356093039,2026-07-04 04:31:12.554446,2026-07-04 04:31:15.011000,0 days 00:00:02.456554,3,18.770845019999637,36,0.0842397056859497,339,0.8640636475624066,COMPLETE
147,0.09248536459611645,2026-07-04 04:31:15.065640,2026-07-04 04:31:19.683768,0 days 00:00:04.618128,10,2.6875105498461265,12,0.0038142041304949238,137,0.6876744634782519,COMPLETE
148,0.09160124507313548,2026-07-04 04:31:19.742547,2026-07-04 04:31:28.277805,0 days 00:00:08.535258,10,1.0630916690399796,12,0.003774004268443418,274,0.880007711072619,COMPLETE
149,0.0951145972708466,2026-07-04 04:31:28.337184,2026-07-04 04:31:44.327597,0 days 00:00:15.990413,10,3.554162549246101,12,0.003814801534131492,515,0.800566312142207,COMPLETE
150,0.10538560069156401,2026-07-04 04:31:44.389792,2026-07-04 04:31:48.995861,0 days 00:00:04.606069,10,2.063710051734553,12,0.0260400510103479,125,0.9891607192703926,COMPLETE
151,0.10396478686972818,2026-07-04 04:31:49.060218,2026-07-04 04:31:59.393166,0 days 00:00:10.332948,8,5.809618857231823,36,0.08761104883842566,365,0.7150208336007304,COMPLETE
152,0.10606495224679527,2026-07-04 04:31:59.451613,2026-07-04 04:32:18.853692,0 days 00:00:19.402079,10,1.0412900811751664,12,0.006154196208327131,623,0.993119462977901,COMPLETE
153,0.09088057582654688,2026-07-04 04:32:18.916284,2026-07-04 04:32:24.140108,0 days 00:00:05.223824,10,1.0997014746481955,12,0.004928708218294256,152,0.7677293850939343,COMPLETE
154,0.09069828140566348,2026-07-04 04:32:24.201614,2026-07-04 04:32:27.535255,0 days 00:00:03.333641,9,1.1337536107789727,12,0.0048248051387197125,115,0.7048025675858353,COMPLETE
155,0.09097962465021892,2026-07-04 04:43:11.030430,2026-07-04 04:43:18.598419,0 days 00:00:07.567989,9,1.3406684496779635,12,0.0040960707701857115,138,0.801376685250458,COMPLETE
156,0.09144316327077875,2026-07-04 04:43:18.673067,2026-07-04 04:43:22.819085,0 days 00:00:04.146018,8,1.1945827595444183,12,0.005176748583385612,124,0.6692098141946923,COMPLETE
157,0.09148981748195197,2026-07-04 04:43:22.891822,2026-07-04 04:43:29.590609,0 days 00:00:06.698787,10,1.086497425608902,12,0.003972975800516994,111,0.8185729762018763,COMPLETE
158,0.20363792927455118,2026-07-04 04:43:29.667953,2026-07-04 04:43:31.014486,0 days 00:00:01.346533,4,3.850429236186302,12,0.06264609229455409,487,0.8008515314072645,PRUNED
159,0.09369163428699587,2026-07-04 04:43:31.087572,2026-07-04 04:43:39.500565,0 days 00:00:08.412993,9,2.2737345486327345,12,0.00866758297808958,135,0.7281048557014941,COMPLETE
160,0.09154082239073794,2026-07-04 04:43:39.571150,2026-07-04 04:43:48.542545,0 days 00:00:08.971395,9,1.028797541351001,12,0.005494318632662803,165,0.7182146871980117,COMPLETE
161,0.10092425587292611,2026-07-04 04:43:48.612666,2026-07-04 04:43:54.091416,0 days 00:00:05.478750,3,2.2732802464636115,12,0.004842401217002975,888,0.753583984450788,COMPLETE
162,0.0931632793963087,2026-07-04 04:43:54.172325,2026-07-04 04:43:57.926950,0 days 00:00:03.754625,7,2.17362602860049,12,0.003088617329627646,137,0.6267729791806436,COMPLETE
163,0.10929693364408115,2026-07-04 04:43:58.003205,2026-07-04 04:44:07.081027,0 days 00:00:09.077822,7,1.793980617988783,12,0.009859607563379029,389,0.6739360874542535,COMPLETE
164,0.10032291116626399,2026-07-04 04:44:07.164409,2026-07-04 04:44:24.017573,0 days 00:00:16.853164,7,1.0843006530465706,24,0.0070361713886586755,494,0.6698082130206507,COMPLETE
165,0.10570080542351284,2026-07-04 04:44:24.098790,2026-07-04 04:44:54.730948,0 days 00:00:30.632158,9,1.019563918098008,12,0.00562217922796182,609,0.6445752891153763,COMPLETE
166,0.09182052813269276,2026-07-04 04:44:54.820913,2026-07-04 04:45:02.999358,0 days 00:00:08.178445,10,1.161002281993348,12,0.004460478825131634,107,0.7199210943854824,COMPLETE
167,0.11563250594614619,2026-07-04 04:45:03.080997,2026-07-04 04:46:04.938437,0 days 00:01:01.857440,9,1.797455824448495,18,0.014167116749455052,1236,0.7362182426165307,COMPLETE
168,0.09272448376154038,2026-07-04 04:46:05.015529,2026-07-04 04:46:11.194176,0 days 00:00:06.178647,7,1.060028914595236,12,0.0030301749580812776,237,0.7083682931102607,COMPLETE
169,0.0920800862690001,2026-07-04 04:46:11.281433,2026-07-04 04:46:17.869653,0 days 00:00:06.588220,9,1.8212268078813396,12,0.006120992148449463,137,0.7409787601929427,COMPLETE
170,0.09319104151159233,2026-07-04 04:46:17.946407,2026-07-04 04:46:25.406574,0 days 00:00:07.460167,8,1.05482399999118,18,0.007193051055474138,167,0.6039920308279505,COMPLETE
171,0.09573952933544262,2026-07-04 04:46:25.481421,2026-07-04 04:46:35.139604,0 days 00:00:09.658183,10,2.7336864294952887,18,0.010165234409865246,119,0.9312650244872599,COMPLETE
172,0.10900848165826824,2026-07-04 04:46:35.217717,2026-07-04 04:47:15.757030,0 days 00:00:40.539313,7,2.2489142781837996,30,0.008047871793610915,1077,0.9501074183915024,COMPLETE
173,0.09369244559166855,2026-07-04 04:47:15.835548,2026-07-04 04:47:41.564665,0 days 00:00:25.729117,10,1.6738605627800092,12,0.0034718886912000046,433,0.6641872655611059,COMPLETE
174,0.09286308724831854,2026-07-04 04:47:41.649560,2026-07-04 04:47:47.008663,0 days 00:00:05.359103,8,1.1871868203507197,18,0.005149841661468134,101,0.8158286253683151,COMPLETE
175,0.09248338798874406,2026-07-04 04:47:47.099404,2026-07-04 04:47:54.033684,0 days 00:00:06.934280,10,1.3147592867335542,12,0.0035499150535787728,109,0.9416591956253892,COMPLETE
176,0.0912025297810319,2026-07-04 04:47:54.108642,2026-07-04 04:48:01.840935,0 days 00:00:07.732293,10,1.1861121202112126,12,0.00345969987322643,122,0.8094972817641986,COMPLETE
177,0.13069850436906064,2026-07-04 04:48:01.917697,2026-07-04 04:48:09.599213,0 days 00:00:07.681516,7,3.264633646252857,18,0.08917659547236884,421,0.9670688108881476,COMPLETE
178,0.09188894137301241,2026-07-04 04:48:09.675160,2026-07-04 04:48:17.110510,0 days 00:00:07.435350,10,2.214887819623554,12,0.003120431888258012,165,0.7502854022922826,COMPLETE
179,0.09043878066222133,2026-07-04 04:48:17.205074,2026-07-04 04:48:23.392992,0 days 00:00:06.187918,10,1.0771884646374108,12,0.0055670624746222514,130,0.8440839990136332,COMPLETE
180,0.09111674115558259,2026-07-04 04:48:23.474451,2026-07-04 04:48:28.792455,0 days 00:00:05.318004,10,1.1368269860437934,12,0.005720723896391449,105,0.8611937138870572,COMPLETE
181,0.09567115050009203,2026-07-04 04:48:28.863256,2026-07-04 04:48:36.662626,0 days 00:00:07.799370,9,1.0671423450670992,12,0.007115582709382085,239,0.8292488906946115,COMPLETE
182,0.09335520590970448,2026-07-04 04:48:36.738351,2026-07-04 04:48:45.784756,0 days 00:00:09.046405,10,1.369311576278226,12,0.0076693405074224385,200,0.8474687769196857,COMPLETE
183,0.10096643499519142,2026-07-04 04:48:45.873125,2026-07-04 04:48:49.753704,0 days 00:00:03.880579,3,29.141586936276482,18,0.018021083949775224,684,0.9001732692841506,COMPLETE
184,0.09085186375505439,2026-07-04 04:48:49.834036,2026-07-04 04:48:56.142378,0 days 00:00:06.308342,10,1.3849833411325323,12,0.0044367609766686545,125,0.7562178029724614,COMPLETE
185,0.09377901785127081,2026-07-04 04:48:56.235346,2026-07-04 04:49:05.578256,0 days 00:00:09.342910,10,1.0305608003231082,18,0.008042020558287788,168,0.77883623652605,COMPLETE
186,0.09272459842439207,2026-07-04 04:49:05.659640,2026-07-04 04:49:11.534758,0 days 00:00:05.875118,10,1.1523395978569355,12,0.009045014185748093,131,0.8284515345886628,COMPLETE
187,0.0917209813195384,2026-07-04 04:49:11.623903,2026-07-04 04:49:18.224717,0 days 00:00:06.600814,10,1.0525203223600317,12,0.0037143012281491616,148,0.7621864863484596,COMPLETE
188,0.09202415675062386,2026-07-04 04:49:18.317377,2026-07-04 04:49:23.787626,0 days 00:00:05.470249,10,1.2679366790579578,12,0.005327644680864785,114,0.8518925453402828,COMPLETE
189,0.09429452029621499,2026-07-04 04:49:23.864809,2026-07-04 04:49:30.607660,0 days 00:00:06.742851,10,2.069249379813343,12,0.00711020251160967,147,0.8267639956185947,COMPLETE
190,0.09266539633971194,2026-07-04 04:49:30.690789,2026-07-04 04:49:38.276917,0 days 00:00:07.586128,10,1.1303621343303685,18,0.003429834564301655,132,0.841797925546684,COMPLETE
191,0.09215052418498983,2026-07-04 04:49:38.356689,2026-07-04 04:49:43.327205,0 days 00:00:04.970516,9,2.5848971835054946,12,0.0036630890850147782,140,0.8701993453027747,COMPLETE
192,0.09251487562921379,2026-07-04 04:49:43.408649,2026-07-04 04:49:48.646361,0 days 00:00:05.237712,10,2.1661526782270735,12,0.004247333564418838,109,0.850404501627554,COMPLETE
193,0.09923052631104531,2026-07-04 04:49:48.728303,2026-07-04 04:50:10.398187,0 days 00:00:21.669884,10,1.542894587482334,18,0.006490885938742972,435,0.7457918198385578,COMPLETE
194,0.09210275718135534,2026-07-04 04:50:10.470842,2026-07-04 04:50:21.938888,0 days 00:00:11.468046,10,1.1391558063157343,12,0.0038279831684982064,275,0.7782641060685298,COMPLETE
195,0.09111527126342422,2026-07-04 04:50:22.019434,2026-07-04 04:50:28.102532,0 days 00:00:06.083098,9,1.2802598835384342,12,0.0031979440499996705,188,0.7564468675216877,COMPLETE
196,0.09645063263119964,2026-07-04 04:50:28.186445,2026-07-04 04:50:36.714893,0 days 00:00:08.528448,6,25.539143084495116,36,0.003002758603454756,508,0.563254563419759,COMPLETE
197,0.09516421191587854,2026-07-04 04:50:36.790501,2026-07-04 04:50:48.956848,0 days 00:00:12.166347,10,2.641947164058671,12,0.00725610149645018,304,0.9613896181645669,COMPLETE
198,0.09521263413270835,2026-07-04 04:50:49.026945,2026-07-04 04:50:54.495987,0 days 00:00:05.469042,8,1.1739030865022266,12,0.006096581220666854,253,0.829430537610919,COMPLETE
199,0.09150574301017002,2026-07-04 04:50:54.575620,2026-07-04 04:51:00.439363,0 days 00:00:05.863743,10,1.1880382056388206,12,0.005831098114802494,139,0.8016983368312985,COMPLETE
200,0.09340800761483047,2026-07-04 04:51:00.523895,2026-07-04 04:51:05.915597,0 days 00:00:05.391702,10,2.527794461788618,12,0.0030839573327217087,124,0.8096518748044907,COMPLETE
201,0.09039165154840835,2026-07-04 04:51:06.002129,2026-07-04 04:51:13.775035,0 days 00:00:07.772906,10,1.0243103477481936,12,0.0036387471595402793,180,0.837623032448891,COMPLETE
202,0.09088437142400704,2026-07-04 04:51:13.843580,2026-07-04 04:51:18.272722,0 days 00:00:04.429142,9,1.3751163487831068,12,0.004574650397317318,125,0.826275155216774,COMPLETE
203,0.09142780920548936,2026-07-04 04:51:18.344256,2026-07-04 04:51:26.121544,0 days 00:00:07.777288,10,1.3528342227940666,12,0.0033908176743379557,172,0.8136730553518987,COMPLETE
204,0.0948790168073424,2026-07-04 04:51:26.196234,2026-07-04 04:51:31.328731,0 days 00:00:05.132497,9,1.032026542477305,12,0.00782488890916059,144,0.8834437809602039,COMPLETE
205,0.10421560152780024,2026-07-04 04:51:31.407589,2026-07-04 04:51:33.945059,0 days 00:00:02.537470,5,3.136290147467281,36,0.023952706699182376,127,0.8366025253415431,COMPLETE
206,0.09139327643364176,2026-07-04 04:51:34.014638,2026-07-04 04:51:42.318595,0 days 00:00:08.303957,10,1.0502940360394495,12,0.003026230703143981,189,0.7893890457970583,COMPLETE
207,0.09229706334750912,2026-07-04 04:51:42.394105,2026-07-04 04:51:45.612623,0 days 00:00:03.218518,8,1.7063117984982583,12,0.0031161762312135375,134,0.8723551400415905,COMPLETE
208,0.09255917172368902,2026-07-04 04:51:45.684282,2026-07-04 04:51:48.968821,0 days 00:00:03.284539,8,1.361034802740631,12,0.004609657776840631,134,0.8097509780451817,COMPLETE
209,0.09196137951068097,2026-07-04 04:51:49.040086,2026-07-04 04:51:57.614261,0 days 00:00:08.574175,10,1.4286866938707374,12,0.0030421952595787983,213,0.872202143189284,COMPLETE
210,0.0927106518908041,2026-07-04 04:51:57.684235,2026-07-04 04:52:02.513248,0 days 00:00:04.829013,10,1.137547280017284,12,0.006394208783730201,103,0.7316967789497422,COMPLETE
211,0.10146904226300023,2026-07-04 04:52:02.594695,2026-07-04 04:52:17.520133,0 days 00:00:14.925438,9,2.2720509685023833,12,0.005287853428619264,539,0.7935817312309722,COMPLETE
212,0.09128275755107874,2026-07-04 04:52:17.591350,2026-07-04 04:52:24.635987,0 days 00:00:07.044637,10,1.341198979969138,12,0.003323538336601584,159,0.8390105297324227,COMPLETE
213,0.09416669027322466,2026-07-04 04:52:24.715963,2026-07-04 04:52:30.945433,0 days 00:00:06.229470,9,1.8609520896939362,18,0.004090483184566533,156,0.8793631753545054,COMPLETE
214,0.10251632534333341,2026-07-04 04:52:31.030749,2026-07-04 04:52:51.842915,0 days 00:00:20.812166,10,1.2793693036794132,12,0.006106251390560132,500,0.8385971165196994,COMPLETE
215,0.12065821966322195,2026-07-04 04:52:51.918952,2026-07-04 04:52:57.013347,0 days 00:00:05.094395,3,18.050545226243013,24,0.036202247843402514,1042,0.6370825670831257,COMPLETE
216,0.0955294011076408,2026-07-04 04:52:57.072254,2026-07-04 04:53:05.579095,0 days 00:00:08.506841,8,1.5099021170032478,12,0.003011857143871137,445,0.7615831656742451,COMPLETE
217,0.09259843049240926,2026-07-04 04:53:05.660663,2026-07-04 04:53:12.610864,0 days 00:00:06.950201,10,1.0330499887960474,12,0.006172546094627439,155,0.8092352417060058,COMPLETE
218,0.09215497135405912,2026-07-04 04:53:12.684522,2026-07-04 04:53:18.052038,0 days 00:00:05.367516,9,1.0631375117998634,12,0.003497778302382805,154,0.8645834035253933,COMPLETE
219,0.09264898857502371,2026-07-04 04:53:18.130077,2026-07-04 04:53:21.464405,0 days 00:00:03.334328,8,1.622549299772999,12,0.0033009800809838427,121,0.7864411253080169,COMPLETE
220,0.0914478203662172,2026-07-04 04:53:21.538612,2026-07-04 04:53:27.184006,0 days 00:00:05.645394,10,1.3674450602794246,12,0.003412479367602702,108,0.798317586928109,COMPLETE
221,0.09218060976185917,2026-07-04 04:53:27.258384,2026-07-04 04:53:41.677169,0 days 00:00:14.418785,10,2.178309080995451,12,0.0036714836039249544,345,0.8830637170405501,COMPLETE
222,0.09375486071120373,2026-07-04 04:53:41.764437,2026-07-04 04:53:56.087920,0 days 00:00:14.323483,9,1.0250838365976662,18,0.0036430793477068945,385,0.8039087179157136,COMPLETE
223,0.09175876484518593,2026-07-04 04:53:56.168755,2026-07-04 04:54:02.423508,0 days 00:00:06.254753,10,1.2650940401835054,12,0.003915373670291096,144,0.880117693921226,COMPLETE
224,0.09239510344432708,2026-07-04 04:54:02.498233,2026-07-04 04:54:10.049967,0 days 00:00:07.551734,9,1.059846386799393,12,0.003293873752335083,262,0.7522242066948924,COMPLETE
225,0.09432561921483143,2026-07-04 04:54:10.121664,2026-07-04 04:54:19.269326,0 days 00:00:09.147662,10,1.1103104545899984,18,0.00391732930538032,182,0.9221141327783365,COMPLETE
226,0.09177308214373178,2026-07-04 04:54:19.337569,2026-07-04 04:54:27.385009,0 days 00:00:08.047440,10,1.3589692935294946,12,0.003375386985795068,192,0.8315727179685374,COMPLETE
227,0.1010756991848289,2026-07-04 04:54:27.454627,2026-07-04 04:54:31.997353,0 days 00:00:04.542726,5,4.351089688932487,30,0.008584546396099556,385,0.5178839749379662,COMPLETE
228,0.09797554045052884,2026-07-04 04:54:32.059215,2026-07-04 04:54:52.927909,0 days 00:00:20.868694,10,1.4023279225582308,12,0.00498101909343123,532,0.7513158250194244,COMPLETE
229,0.09505994982165797,2026-07-04 04:54:53.008076,2026-07-04 04:55:02.582782,0 days 00:00:09.574706,8,1.1519540494930063,12,0.0033528731896563108,497,0.9414476526421618,COMPLETE
230,0.094714725900851,2026-07-04 04:55:02.664814,2026-07-04 04:55:16.977276,0 days 00:00:14.312462,10,1.2060973547779812,12,0.004552703424583196,355,0.7688374857227367,COMPLETE
231,0.0911640793472536,2026-07-04 04:55:17.046321,2026-07-04 04:55:23.704559,0 days 00:00:06.658238,10,1.0983031234875256,12,0.00522272535608537,143,0.7960098888994427,COMPLETE
232,0.09419115417593184,2026-07-04 04:55:23.790823,2026-07-04 04:55:37.207991,0 days 00:00:13.417168,10,1.9498325767817948,12,0.004736099979956515,321,0.8002946513421182,COMPLETE
233,0.09270200064959586,2026-07-04 04:55:37.286285,2026-07-04 04:55:49.404996,0 days 00:00:12.118711,10,1.0021479640682192,18,0.0030192078847648724,227,0.7710252841870973,COMPLETE
234,0.09205154539201774,2026-07-04 04:55:49.485847,2026-07-04 04:55:54.511848,0 days 00:00:05.026001,10,1.222084960719115,12,0.004493021425919193,102,0.8252042733809429,COMPLETE
235,0.09593552582816517,2026-07-04 04:55:54.584401,2026-07-04 04:56:09.577588,0 days 00:00:14.993187,10,1.0628103500530723,12,0.005437639320737172,364,0.9343577633918189,COMPLETE
236,0.09255355264071514,2026-07-04 04:56:09.639522,2026-07-04 04:56:18.082941,0 days 00:00:08.443419,7,20.097342882265725,30,0.08413233562896939,409,0.8975263577587083,COMPLETE
237,0.0915997362518508,2026-07-04 04:56:18.168778,2026-07-04 04:56:22.726061,0 days 00:00:04.557283,9,1.084283455686039,12,0.0032625799268963915,134,0.6786763552460386,COMPLETE
238,0.09272330782017105,2026-07-04 04:56:22.801838,2026-07-04 04:56:30.502665,0 days 00:00:07.700827,10,1.1614220932246058,12,0.005544874663724629,184,0.8146757877927329,COMPLETE
239,0.09293696356478177,2026-07-04 04:56:30.573294,2026-07-04 04:56:45.006731,0 days 00:00:14.433437,10,1.137437929864663,12,0.003551568606822744,368,0.9012710039388454,COMPLETE
240,0.09254562094041799,2026-07-04 04:56:45.094003,2026-07-04 04:56:48.419465,0 days 00:00:03.325462,8,1.1569204321871047,12,0.004208042522943291,117,0.7957878563304022,COMPLETE
241,0.1428897751662544,2026-07-04 04:56:48.500700,2026-07-04 04:57:05.289691,0 days 00:00:16.788991,6,4.4109845437401205,18,0.06630148837341365,1493,0.939308401810081,COMPLETE
242,0.0926133246262251,2026-07-04 04:57:05.370796,2026-07-04 04:57:10.911080,0 days 00:00:05.540284,10,1.8611847776279395,12,0.003127687364414667,107,0.8570370776436337,COMPLETE
243,0.09165568939100377,2026-07-04 04:57:10.990703,2026-07-04 04:57:16.699184,0 days 00:00:05.708481,10,1.4281866508995122,12,0.00437023371137741,109,0.809616292367561,COMPLETE
244,0.09103252657876683,2026-07-04 04:57:16.775598,2026-07-04 04:57:23.611782,0 days 00:00:06.836184,10,1.3732454555243543,12,0.003414903566847592,135,0.7610049738723227,COMPLETE
245,0.19038959354660046,2026-07-04 04:57:23.697593,2026-07-04 04:57:26.032136,0 days 00:00:02.334543,4,6.486471694739456,12,0.022499943479946608,1255,0.8672521949884151,PRUNED
246,0.0933648982759499,2026-07-04 04:57:26.117077,2026-07-04 04:57:34.997090,0 days 00:00:08.880013,10,1.0082801004299826,12,0.005284653650997346,175,0.8909993491125775,COMPLETE
247,0.09066405954696513,2026-07-04 04:57:35.079068,2026-07-04 04:57:42.376205,0 days 00:00:07.297137,10,1.0372438899126957,12,0.003757542467213843,138,0.7924642431968433,COMPLETE
248,0.09478116368458539,2026-07-04 04:57:42.462825,2026-07-04 04:57:53.983727,0 days 00:00:11.520902,10,2.4128205245593652,18,0.007451603156114966,190,0.7560986747641133,COMPLETE
249,0.09156260726433699,2026-07-04 04:57:54.078864,2026-07-04 04:57:58.598953,0 days 00:00:04.520089,9,1.1197496807671476,12,0.004541044351210783,104,0.7661332736606493,COMPLETE
250,0.09411045528742634,2026-07-04 04:57:58.674598,2026-07-04 04:58:04.432657,0 days 00:00:05.758059,9,2.261014105139175,18,0.003426978325487554,113,0.8008934675387359,COMPLETE
251,0.0977628739671898,2026-07-04 04:58:04.504301,2026-07-04 04:58:15.151529,0 days 00:00:10.647228,7,5.003554649149614,24,0.0042612795075446476,525,0.7919136968829996,COMPLETE
252,0.09001855981717075,2026-07-04 04:58:15.228377,2026-07-04 04:58:23.722673,0 days 00:00:08.494296,10,1.3011546324074101,12,0.004487164675131899,177,0.7556794385007071,COMPLETE
253,0.10583798754926346,2026-07-04 04:58:23.801073,2026-07-04 04:59:18.729917,0 days 00:00:54.928844,9,4.072518216240986,36,0.030423093988108003,937,0.5764635185712572,COMPLETE
254,0.0914659442661119,2026-07-04 04:59:18.813495,2026-07-04 04:59:23.436169,0 days 00:00:04.622674,9,1.6985311009572586,12,0.005118158086391933,117,0.7551689760254361,COMPLETE
255,0.09641689989249207,2026-07-04 04:59:23.521538,2026-07-04 04:59:48.496611,0 days 00:00:24.975073,7,25.428339183071753,24,0.005343898870714583,1388,0.6772847622008452,COMPLETE
256,0.15806284564674225,2026-07-04 04:59:48.569349,2026-07-04 04:59:56.302841,0 days 00:00:07.733492,3,1.6561049780577672,30,0.04502104066923658,1250,0.62560685151081,COMPLETE
257,0.09339970305139539,2026-07-04 04:59:56.393781,2026-07-04 05:00:02.969760,0 days 00:00:06.575979,10,1.1670433175115125,18,0.00795950963712862,106,0.8207377817910823,COMPLETE
258,0.09071763998045991,2026-07-04 05:00:03.064282,2026-07-04 05:00:08.187485,0 days 00:00:05.123203,10,1.445782688160704,12,0.005792915942029905,108,0.765320353318218,COMPLETE
259,0.09356834341907289,2026-07-04 05:00:08.271265,2026-07-04 05:00:14.077241,0 days 00:00:05.805976,9,1.599581166522968,18,0.007672039119002825,142,0.7166472029796178,COMPLETE
260,0.09243920925013928,2026-07-04 05:00:14.156893,2026-07-04 05:00:20.537519,0 days 00:00:06.380626,10,2.9646930724409266,12,0.005564631346107555,145,0.7146747734062107,COMPLETE
261,0.09289912820765356,2026-07-04 05:00:20.624733,2026-07-04 05:00:30.109912,0 days 00:00:09.485179,10,1.9538460218895124,12,0.005991488943643685,228,0.6932396368098993,COMPLETE
262,0.09465510858238577,2026-07-04 05:00:30.184464,2026-07-04 05:00:39.518095,0 days 00:00:09.333631,10,1.5656506194882704,12,0.00793871819626462,220,0.8092076183099712,COMPLETE
263,0.09276855820402377,2026-07-04 05:00:39.596565,2026-07-04 05:00:50.843637,0 days 00:00:11.247072,10,1.7145832197835587,12,0.004045262500837257,270,0.760527375148706,COMPLETE
264,0.13712527423957688,2026-07-04 05:00:50.907088,2026-07-04 05:01:04.814854,0 days 00:00:13.907766,6,1.8238677292994006,30,0.09404746832281413,944,0.8989023231263217,COMPLETE
265,0.0982684184092469,2026-07-04 05:01:04.892340,2026-07-04 05:01:37.515277,0 days 00:00:32.622937,9,9.644472555513904,24,0.015102866748498093,863,0.8626167052578522,COMPLETE
266,0.09279505037012775,2026-07-04 05:01:37.590155,2026-07-04 05:01:45.336376,0 days 00:00:07.746221,10,1.0879485544893552,18,0.004769404610936727,140,0.7783715284180319,COMPLETE
267,0.10581084258586604,2026-07-04 05:01:45.418149,2026-07-04 05:01:53.237287,0 days 00:00:07.819138,10,1.3682255788219686,12,0.017149817454765775,539,0.6977263269040008,PRUNED
268,0.09058918424988484,2026-07-04 05:01:53.310990,2026-07-04 05:01:57.474682,0 days 00:00:04.163692,9,1.3108408824006277,12,0.0063306982125355205,110,0.7502944145039893,COMPLETE
269,0.09504976082798461,2026-07-04 05:01:57.556300,2026-07-04 05:02:03.040684,0 days 00:00:05.484384,10,1.0141200358577986,12,0.0100458620568228,111,0.8164049781349815,COMPLETE
270,0.09385202773683177,2026-07-04 05:02:03.122917,2026-07-04 05:02:12.149846,0 days 00:00:09.026929,10,1.0160101308009484,12,0.007585351105806568,206,0.6424042379682747,COMPLETE
271,0.10727060750057037,2026-07-04 05:02:12.235073,2026-07-04 05:02:19.773559,0 days 00:00:07.538486,8,1.0082487774111,12,0.0067658234260069595,374,0.7750861631886379,COMPLETE
272,0.09565883600390292,2026-07-04 05:02:19.845785,2026-07-04 05:02:25.698756,0 days 00:00:05.852971,9,1.0539686342030465,12,0.006786433658943466,193,0.7521830728968517,COMPLETE
273,0.09229134985827502,2026-07-04 05:02:25.765325,2026-07-04 05:02:30.434107,0 days 00:00:04.668782,9,1.9810259156394021,12,0.0033838351380512405,145,0.7738381814224131,COMPLETE
274,0.09319592902812789,2026-07-04 05:02:30.500855,2026-07-04 05:02:35.770277,0 days 00:00:05.269422,10,2.3091631699416384,12,0.008868931195499623,121,0.767540074490172,COMPLETE
275,0.09233880338251815,2026-07-04 05:02:35.837756,2026-07-04 05:02:44.254882,0 days 00:00:08.417126,10,1.6146225163901264,12,0.004944814531914621,200,0.6856016426706797,COMPLETE
276,0.0913279870084919,2026-07-04 05:02:44.327754,2026-07-04 05:02:50.514598,0 days 00:00:06.186844,10,1.0370889518856592,12,0.00629834941598782,133,0.7685774979236587,COMPLETE
277,0.09687444532223793,2026-07-04 05:02:50.588134,2026-07-04 05:04:04.122159,0 days 00:01:13.534025,10,9.907147517963978,24,0.012286942986729025,1305,0.6120602246236242,COMPLETE
278,0.09293736273402414,2026-07-04 05:04:04.194829,2026-07-04 05:04:12.700180,0 days 00:00:08.505351,9,1.0971521200937213,12,0.004993035206284015,270,0.7467241682589637,COMPLETE
279,0.14404720908918645,2026-07-04 05:04:12.773115,2026-07-04 05:04:28.814362,0 days 00:00:16.041247,5,1.693630951029484,36,0.008469902170245874,1366,0.6600889519243235,COMPLETE
280,0.09083926039371096,2026-07-04 05:04:28.886629,2026-07-04 05:04:36.386115,0 days 00:00:07.499486,10,1.0195522849752132,12,0.003141263897454508,165,0.844196576175713,COMPLETE
281,0.09849444328186562,2026-07-04 05:04:36.456348,2026-07-04 05:05:15.095499,0 days 00:00:38.639151,8,17.626957104816572,36,0.017232716260725763,1219,0.8758971115373453,COMPLETE
282,0.09227192832159897,2026-07-04 05:05:15.185817,2026-07-04 05:05:20.401214,0 days 00:00:05.215397,8,1.0164229850412625,12,0.0041881262554654556,223,0.8765201291851745,COMPLETE
283,0.09568627827278431,2026-07-04 05:05:20.473385,2026-07-04 05:05:57.487961,0 days 00:00:37.014576,9,18.389533130494367,24,0.0035739919851527024,931,0.916390490612317,COMPLETE
284,0.09224133364033112,2026-07-04 05:05:57.566746,2026-07-04 05:06:02.885852,0 days 00:00:05.319106,10,1.1594023796328057,12,0.004655861712175242,103,0.8967159759636953,COMPLETE
285,0.09573192041706052,2026-07-04 05:06:02.971109,2026-07-04 05:06:26.982028,0 days 00:00:24.010919,10,1.272010246165014,18,0.006726157225754275,506,0.8546113657092298,COMPLETE
286,0.09914355678501334,2026-07-04 05:06:27.061577,2026-07-04 05:07:21.732663,0 days 00:00:54.671086,10,4.59661889320876,36,0.004068295622880088,740,0.5288407536339406,COMPLETE
287,0.09318866351216802,2026-07-04 05:07:21.835955,2026-07-04 05:07:26.731631,0 days 00:00:04.895676,9,1.7033506433887422,18,0.004413839924717021,109,0.7413170927926842,COMPLETE
288,0.10322070431647627,2026-07-04 05:07:26.810540,2026-07-04 05:07:37.920273,0 days 00:00:11.109733,9,2.1946627280112483,12,0.008005637610180635,363,0.7813535483844145,COMPLETE
289,0.09623807298273385,2026-07-04 05:07:37.993100,2026-07-04 05:07:44.406128,0 days 00:00:06.413028,9,1.0252253621483518,12,0.0072712527929895245,201,0.8578260530769193,COMPLETE
290,0.09209112394342919,2026-07-04 05:07:44.490285,2026-07-04 05:07:57.616572,0 days 00:00:13.126287,10,1.266901440320095,12,0.0030536113468329737,328,0.7491261120312314,COMPLETE
291,0.09325093918794244,2026-07-04 05:07:57.696073,2026-07-04 05:08:00.890681,0 days 00:00:03.194608,8,1.802789019911449,12,0.007269182194274261,116,0.7610455148492611,COMPLETE
292,0.09361715523568984,2026-07-04 05:08:00.974123,2026-07-04 05:08:21.559475,0 days 00:00:20.585352,10,1.0404913938901352,12,0.0032045567345630474,486,0.8769672940992861,COMPLETE
293,0.09733569891290267,2026-07-04 05:08:21.636404,2026-07-04 05:08:38.914347,0 days 00:00:17.277943,10,1.0490555491016293,12,0.0057908339871770576,409,0.7861657942370984,COMPLETE
294,0.10336776828392882,2026-07-04 05:08:39.000385,2026-07-04 05:10:16.989216,0 days 00:01:37.988831,10,3.2626792683694466,30,0.04356215368806148,1394,0.8432531345535014,COMPLETE
295,0.11500847176675522,2026-07-04 05:10:17.065012,2026-07-04 05:10:42.144731,0 days 00:00:25.079719,9,1.3729135945757684,24,0.02014271564605729,635,0.996366850604205,COMPLETE
296,0.09335722128617957,2026-07-04 05:10:42.218535,2026-07-04 05:10:48.433604,0 days 00:00:06.215069,9,1.242655899094553,18,0.0038823433309062455,156,0.8623488577766327,COMPLETE
297,0.09176813532990213,2026-07-04 05:10:48.514212,2026-07-04 05:10:55.514459,0 days 00:00:07.000247,10,1.0806316624514418,12,0.005253205043082512,157,0.7588141948196597,COMPLETE
298,0.09050019853487724,2026-07-04 05:10:55.579555,2026-07-04 05:11:03.350153,0 days 00:00:07.770598,10,1.1534838624761568,12,0.003101901729275935,176,0.9203260924177833,COMPLETE
299,0.09613597782463021,2026-07-04 05:11:03.418177,2026-07-04 05:11:14.379015,0 days 00:00:10.960838,9,1.856682024429065,12,0.004507858064476524,356,0.9311008243676835,COMPLETE
300,0.0918503678932282,2026-07-04 05:11:14.467652,2026-07-04 05:11:18.458957,0 days 00:00:03.991305,8,1.8638030942480852,12,0.003872999986861788,163,0.9638076558995591,COMPLETE
301,0.09589546676420696,2026-07-04 05:11:18.528973,2026-07-04 05:11:21.873195,0 days 00:00:03.344222,5,17.558797566950172,24,0.0037158052373206813,267,0.8014581650946244,COMPLETE
302,0.08876674661985651,2026-07-04 05:11:21.956423,2026-07-04 05:11:22.651817,0 days 00:00:00.695394,3,26.281682588462225,12,0.09393420999976322,252,0.67927895911108,PRUNED
303,0.10017093780425322,2026-07-04 05:11:22.732117,2026-07-04 05:11:28.844224,0 days 00:00:06.112107,7,19.44485390937871,12,0.031782346635732324,1381,0.5359095247453427,PRUNED
304,0.09275350890428556,2026-07-04 05:11:28.927172,2026-07-04 05:11:34.200956,0 days 00:00:05.273784,9,1.1814551085886331,12,0.006937290718497135,163,0.9481472452860441,COMPLETE
