unique_id,ds,y,AutoBiTCN,AutoPatchTST,AutoNHITS,AutoTiDE
all_chargeability/family/F1,2024-08-01,14904.0,14916.505235671997,14919.432260513306,14965.749282836914,14908.570335388184
all_chargeability/family/F1,2024-09-01,14904.0,14910.898288726807,14929.883220672607,14897.686338424683,14909.428216457367
all_chargeability/family/F1,2024-10-01,14904.0,14906.97024345398,14899.628270626068,14903.531533002853,14910.792311668396
all_chargeability/family/F1,2024-11-01,14904.0,14904.874047279358,14903.872506335378,14901.966534852982,14905.238235712051
all_chargeability/family/F1,2024-12-01,14904.0,14905.384192109108,14901.967230081558,14901.81773352623,14912.701025009155
all_chargeability/family/F1,2025-01-01,14935.0,14906.65720129013,14907.33341884613,14902.235642910004,14903.296023190022
all_chargeability/family/F1,2025-02-01,14935.0,14939.19440460205,14965.626417160034,14967.710025787354,14940.40601015091
all_chargeability/family/F1,2025-03-01,14935.0,14942.776869773865,14971.224830627441,14941.004709720612,14929.935965538025
all_chargeability/family/F1,2025-04-01,15049.0,14938.070136785507,14932.135508298874,14936.822828650475,14937.269851207733
all_chargeability/family/F1,2025-05-01,15049.0,15061.883670806885,15092.386253356934,15099.713706970215,15045.951295375824
all_chargeability/family/F1,2025-06-01,15134.0,15055.651112556458,15048.317765295506,15068.672769546509,15051.72797703743
all_chargeability/family/F1,2025-07-01,15171.0,15143.882636070251,15179.125049591064,15096.656547546387,15133.826940491796
all_chargeability/family/F1,2025-08-01,15171.0,15178.093747138977,15207.080680847168,15209.244121551514,15173.204767227173
all_chargeability/family/F1,2025-09-01,15171.0,15173.571179628372,15182.212013244629,15170.180056869984,15172.007004499435
all_chargeability/family/F1,2025-10-01,15287.0,15170.94272935763,15170.359974622726,15168.456882953644,15171.035645563155
all_chargeability/family/F1,2025-11-01,15287.0,15297.422529220581,15316.659830093384,15356.141189575195,15289.723017692566
all_chargeability/family/F1,2025-12-01,15287.0,15294.178923130035,15294.866602897644,15289.375719070435,15291.562264919281
all_chargeability/family/F1,2026-01-01,15287.0,15290.458536624908,15295.07883644104,15362.571914672852,15292.258341312408
all_chargeability/family/F1,2026-02-01,15287.0,15290.85212111473,15290.762839794159,15282.006475448608,15277.166686058044
all_chargeability/family/F1,2026-03-01,15287.0,15287.874014258385,15290.413080215454,15284.291241407394,15298.291408538818
all_chargeability/family/F1,2026-04-01,15461.0,15289.18439912796,15290.252996206284,15294.789491653442,15281.295308113098
all_chargeability/family/F1,2026-05-01,15584.0,15477.141815185547,15492.133264541626,15475.599167823792,15465.917487621307
all_chargeability/family/F1,2026-06-01,15584.0,15605.769737243652,15688.472076416016,15601.99321937561,15596.898690223694
all_chargeability/family/F1,2026-07-01,15737.0,15595.653579711914,15583.165710628033,15503.664741516113,15589.770635604858
all_chargeability/family/F2A,2024-08-01,17120.0,17167.81944656372,17140.35393333435,17126.923291683197,17127.964000225067
all_chargeability/family/F2A,2024-09-01,17120.0,17161.694499969482,17140.63464164734,17115.654547214508,17222.591995239258
all_chargeability/family/F2A,2024-10-01,17127.0,17154.27711868286,17114.32732629776,17123.506062984467,17183.144290924072
all_chargeability/family/F2A,2024-11-01,17167.0,17162.931468963623,17142.250274658203,17185.88038253784,17113.162278175354
all_chargeability/family/F2A,2024-12-01,17167.0,17200.746742248535,17194.33087539673,17238.740913391113,17224.266357421875
all_chargeability/family/F2A,2025-01-01,17167.0,17194.761569976807,17167.02090556547,17164.666147232056,17218.287574768066
all_chargeability/family/F2A,2025-02-01,17167.0,17190.424057006836,17171.620099067688,17201.160888671875,17183.535152435303
all_chargeability/family/F2A,2025-03-01,17167.0,17196.209383010864,17142.09725379944,17166.84299904108,17178.78126525879
all_chargeability/family/F2A,2025-04-01,17167.0,17193.982095718384,17167.602524518967,17135.232990264893,17183.949045181274
all_chargeability/family/F2A,2025-05-01,17167.0,17189.811614990234,17167.18121059239,17185.02979660034,17206.03966140747
all_chargeability/family/F2A,2025-06-01,17167.0,17184.89295387268,17167.128436103463,17175.032640457153,17132.712558746338
all_chargeability/family/F2A,2025-07-01,17410.0,17179.2558221817,17166.840728476644,17169.583789348602,17174.333258152008
all_chargeability/family/F2A,2025-08-01,17410.0,17443.400318145752,17439.99718284607,17356.085655212402,17435.340686798096
all_chargeability/family/F2A,2025-09-01,17410.0,17420.52485179901,17408.56374514103,17419.535665512085,17394.02761745453
all_chargeability/family/F2A,2025-10-01,17928.0,17407.604301929474,17423.281434059143,17417.2636551857,17401.907086372375
all_chargeability/family/F2A,2025-11-01,17928.0,17960.634254455566,18101.3623046875,18355.400848388672,17944.781847000122
all_chargeability/family/F2A,2025-12-01,17928.0,17970.534393310547,17964.372509002686,17943.987579345703,17938.356867790222
all_chargeability/family/F2A,2026-01-01,17928.0,17947.142826080322,17941.687593460083,17932.051081180573,17888.024631500244
all_chargeability/family/F2A,2026-02-01,17928.0,17932.32567548752,17933.504460334778,17926.34423303604,17938.412366867065
all_chargeability/family/F2A,2026-03-01,17928.0,17936.513442993164,17933.489688396454,17931.027054548264,18005.796661376953
all_chargeability/family/F2A,2026-04-01,17928.0,17932.800065994263,17935.68584918976,17931.779207229614,17932.736976623535
all_chargeability/family/F2A,2026-05-01,18110.0,17938.619589805603,17936.2340965271,17942.32516002655,17923.574912548065
all_chargeability/family/F2A,2026-06-01,18263.0,18132.935832977295,18196.654418945312,18263.02783203125,18159.21448135376
all_chargeability/family/F2A,2026-07-01,18263.0,18284.209621429443,18411.536346435547,18385.693252563477,18278.661786079407
all_chargeability/family/F2B,2024-08-01,15096.0,15102.211536884308,15123.385705947876,15116.94351196289,15099.739801883698
all_chargeability/family/F2B,2024-09-01,15096.0,15098.88847398758,15094.87838447094,15089.79960680008,15098.625668764114
all_chargeability/family/F2B,2024-10-01,15096.0,15097.254856348038,15094.113466382027,15094.16474533081,15102.587631225586
all_chargeability/family/F2B,2024-11-01,15096.0,15096.875964045525,15097.914793491364,15098.212223768234,15096.268279194832
all_chargeability/family/F2B,2024-12-01,15096.0,15097.592455863953,15098.16377568245,15095.32286977768,15102.344295978546
all_chargeability/family/F2B,2025-01-01,15117.0,15099.301772117615,15098.196177244186,15095.217201828957,15094.73047041893
all_chargeability/family/F2B,2025-02-01,15117.0,15119.919447183609,15134.576358795166,15137.973279953003,15119.734053373337
all_chargeability/family/F2B,2025-03-01,15117.0,15122.641902446747,15166.598251342773,15120.247446537018,15111.366408348083
all_chargeability/family/F2B,2025-04-01,15178.0,15119.123494148254,15115.389090299606,15117.533358871937,15117.9803814888
all_chargeability/family/F2B,2025-05-01,15178.0,15184.50278711319,15226.787406921387,15232.728927612305,15178.15412941575
all_chargeability/family/F2B,2025-06-01,15240.0,15180.751597166061,15178.565526425838,15178.174616351724,15175.984995365143
all_chargeability/family/F2B,2025-07-01,15263.0,15245.793047904968,15283.413864135742,15226.948205947876,15237.891926765442
all_chargeability/family/F2B,2025-08-01,15263.0,15267.800305366516,15284.39983177185,15286.902500152588,15266.414352416992
all_chargeability/family/F2B,2025-09-01,15263.0,15264.887294530869,15266.374248504639,15291.20944404602,15262.459967672825
all_chargeability/family/F2B,2025-10-01,15301.0,15263.278910517693,15262.391630768776,15264.896376252174,15261.345252871513
all_chargeability/family/F2B,2025-11-01,15310.0,15304.90915441513,15331.390602111816,15344.284698486328,15302.608071208
all_chargeability/family/F2B,2025-12-01,15310.0,15313.109063625336,15321.217470169067,15319.772376060486,15310.571639537811
all_chargeability/family/F2B,2026-01-01,15310.0,15311.740136146545,15315.60359287262,15311.212938308716,15314.569803714752
all_chargeability/family/F2B,2026-02-01,15310.0,15312.300906181335,15311.617997527122,15310.42088368535,15303.684058189392
all_chargeability/family/F2B,2026-03-01,15310.0,15311.006452322006,15313.15796494484,15308.595242857933,15317.836757659912
all_chargeability/family/F2B,2026-04-01,15482.0,15312.277338266373,15310.994586765766,15310.75110143423,15306.941524505615
all_chargeability/family/F2B,2026-05-01,15482.0,15496.483309745789,15506.267316818237,15470.144110679626,15483.979150414467
all_chargeability/family/F2B,2026-06-01,15605.0,15492.450018882751,15515.48299407959,15488.319865226746,15493.884511947632
all_chargeability/family/F2B,2026-07-01,15666.0,15619.037731170654,15654.98388671875,15645.951343536377,15606.44287264347
all_chargeability/family/F3,2024-08-01,12874.0,12883.445238113403,12898.888502120972,12848.569458007812,12887.442127227783
all_chargeability/family/F3,2024-09-01,12874.0,12879.17340517044,12880.195226669312,12872.02440738678,12876.896418094635
all_chargeability/family/F3,2024-10-01,12874.0,12876.812351226807,12870.704292058945,12869.75334596634,12883.945831298828
all_chargeability/family/F3,2024-11-01,12888.0,12878.536124706268,12882.262852668762,12871.4532558918,12871.759080171585
all_chargeability/family/F3,2024-12-01,12888.0,12891.249054193497,12900.530052185059,12901.808669090271,12895.090766906738
all_chargeability/family/F3,2025-01-01,12965.0,12895.82147693634,12906.254484176636,12890.208169937134,12883.816742897034
all_chargeability/family/F3,2025-02-01,12965.0,12974.287064552307,13025.82384109497,13096.790481567383,12966.416037917137
all_chargeability/family/F3,2025-03-01,12965.0,12973.331114768982,12994.266305923462,13022.390460968018,12965.11009631306
all_chargeability/family/F3,2025-04-01,13239.0,12968.177200555801,12964.102414786816,12964.55924424529,12957.101146697998
all_chargeability/family/F3,2025-05-01,13239.0,13259.666511535645,13290.60168838501,13273.530597686768,13238.918878786266
all_chargeability/family/F3,2025-06-01,13321.0,13252.642414093018,13267.640951156616,13241.30466389656,13253.308866500854
all_chargeability/family/F3,2025-07-01,13361.0,13333.379405021667,13346.697443008423,13354.520050048828,13314.892079353333
all_chargeability/family/F3,2025-08-01,13361.0,13370.107513427734,13400.270236968994,13392.458421707153,13365.699542045593
all_chargeability/family/F3,2025-09-01,13361.0,13364.093557596207,13363.250245571136,13365.152422904968,13368.682407855988
all_chargeability/family/F3,2025-10-01,13399.0,13359.764679551125,13364.502156972885,13361.401191323996,13356.153315067291
all_chargeability/family/F3,2025-11-01,13399.0,13405.442931175232,13439.560939788818,13484.29874420166,13409.26147556305
all_chargeability/family/F3,2025-12-01,13399.0,13403.548150062561,13404.1861743927,13400.77676641941,13400.218316674232
all_chargeability/family/F3,2026-01-01,13399.0,13401.075487613678,13411.336640357971,13398.6966278553,13410.129920005798
all_chargeability/family/F3,2026-02-01,13399.0,13406.592053413391,13405.628128528595,13402.076753854752,13379.226476669312
all_chargeability/family/F3,2026-03-01,13399.0,13402.231593847275,13396.308029651642,13404.176928043365,13408.014747619629
all_chargeability/family/F3,2026-04-01,13504.0,13402.28091287613,13399.408631145954,13402.225353717804,13403.076665878296
all_chargeability/family/F3,2026-05-01,13559.0,13512.481587409973,13568.415138244629,13481.710304260254,13492.531823158264
all_chargeability/family/F3,2026-06-01,13559.0,13568.429502487183,13609.197257995605,13606.106117248535,13567.192720413208
all_chargeability/family/F3,2026-07-01,13619.0,13560.305432677269,13559.33994743228,13558.742671400309,13565.243896961212
all_chargeability/family/F4,2024-08-01,11900.0,11902.269322633743,11905.375017642975,11897.102179765701,11902.433394432068
all_chargeability/family/F4,2024-09-01,11900.0,11901.223939180374,11900.493424981833,11892.509305000305,11901.152857899666
all_chargeability/family/F4,2024-10-01,11900.0,11900.304250985384,11899.649712979794,11900.336316078901,11902.203753232956
all_chargeability/family/F4,2024-11-01,11900.0,11900.841288387775,11900.667221844196,11900.557119071484,11897.957721948624
all_chargeability/family/F4,2024-12-01,11900.0,11900.820746839046,11900.723071455956,11910.256869316101,11902.402870416641
all_chargeability/family/F4,2025-01-01,11900.0,11901.251571893692,11900.912483334541,11910.954113006592,11899.812055051327
all_chargeability/family/F4,2025-02-01,11900.0,11900.104452081025,11899.981409043074,11903.222512245178,11898.847713112831
all_chargeability/family/F4,2025-03-01,11900.0,11901.219781637192,11912.697014808655,11903.699545383453,11897.783734798431
all_chargeability/family/F4,2025-04-01,11900.0,11900.214375182986,11900.471490561962,11900.27157008648,11900.056853979826
all_chargeability/family/F4,2025-05-01,12053.0,11900.334682703018,11900.75967991352,11899.665565818548,11899.659989029169
all_chargeability/family/F4,2025-06-01,12053.0,12064.079973220825,12069.170083999634,12067.532101631165,12052.83882881701
all_chargeability/family/F4,2025-07-01,12053.0,12060.900249004364,12092.82014465332,12152.703536987305,12059.037080287933
all_chargeability/family/F4,2025-08-01,12053.0,12056.679371118546,12052.599397867918,12053.65108627081,12053.746459543705
all_chargeability/family/F4,2025-09-01,12053.0,12053.475198715925,12053.650597274303,12050.864582061768,12052.795750275254
all_chargeability/family/F4,2025-10-01,12060.0,12052.167169332504,12053.19224254787,12052.727898746729,12057.34892129898
all_chargeability/family/F4,2025-11-01,12060.0,12059.527238190174,12067.715718746185,12067.404802322388,12060.506209254265
all_chargeability/family/F4,2025-12-01,12060.0,12061.606219887733,12062.948989152908,12059.992922028061,12064.729699611664
all_chargeability/family/F4,2026-01-01,12060.0,12061.891696214676,12061.119442224503,12059.694776445627,12062.627932548523
all_chargeability/family/F4,2026-02-01,12060.0,12059.870212003589,12060.764839112759,12060.494038164616,12059.414191067219
all_chargeability/family/F4,2026-03-01,12060.0,12063.98086810112,12094.449352264404,12063.794456005096,12052.52475643158
all_chargeability/family/F4,2026-04-01,12212.0,12061.921078681946,12060.065308995545,12061.454740643501,12063.664118289948
all_chargeability/family/F4,2026-05-01,12311.0,12224.530187606812,12255.723308563232,12326.61920928955,12217.926927089691
all_chargeability/family/F4,2026-06-01,12365.0,12326.091521263123,12429.457717895508,12313.448231220245,12313.948679924011
all_chargeability/family/F4,2026-07-01,12419.0,12378.541215896606,12386.437982559204,12357.877799987793,12369.822780132294
china/family/F1,2024-08-01,14904.0,14916.505234718323,14919.432260513306,14965.749290466309,14908.570334911346
china/family/F1,2024-09-01,14904.0,14910.898285865784,14929.883234024048,14897.686332702637,14909.428217411041
china/family/F1,2024-10-01,14904.0,14906.970242500305,14899.628269672394,14903.531537920237,14910.79231262207
china/family/F1,2024-11-01,14904.0,14904.874046862125,14903.87250648439,14901.96654868126,14905.23823606968
china/family/F1,2024-12-01,14904.0,14905.384191989899,14901.967230319977,14901.817733764648,14912.701025009155
china/family/F1,2025-01-01,14935.0,14906.657199144363,14907.333418130875,14902.23564684391,14903.296022713184
china/family/F1,2025-02-01,14935.0,14939.194403648376,14965.626413345337,14967.710018157959,14940.406012058258
china/family/F1,2025-03-01,14935.0,14942.776868343353,14971.224834442139,14941.00470161438,14929.935965538025
china/family/F1,2025-04-01,15049.0,14938.07013630867,14932.1355073452,14936.822826266289,14937.269851446152
china/family/F1,2025-05-01,15049.0,15061.883666992188,15092.38623046875,15099.71371459961,15045.951293468475
china/family/F1,2025-06-01,15134.0,15055.65111207962,15048.317763984203,15068.672706604004,15051.727975845337
china/family/F1,2025-07-01,15171.0,15143.882633209229,15179.125064849854,15096.656520843506,15133.826941356063
china/family/F1,2025-08-01,15171.0,15178.093748092651,15207.080680847168,15209.244091033936,15173.204768180847
china/family/F1,2025-09-01,15171.0,15173.571178913116,15182.21201992035,15170.180043637753,15172.00700378418
china/family/F1,2025-10-01,15287.0,15170.942727528512,15170.359974741936,15168.456882715225,15171.035644501448
china/family/F1,2025-11-01,15287.0,15297.422530174255,15316.659847259521,15356.1411819458,15289.723017930984
china/family/F1,2025-12-01,15287.0,15294.178921222687,15294.866600990295,15289.375698566437,15291.562264442444
china/family/F1,2026-01-01,15287.0,15290.458534955978,15295.07883644104,15362.571922302246,15292.258341312408
china/family/F1,2026-02-01,15287.0,15290.852119207382,15290.762840986252,15282.006479263306,15277.16668510437
china/family/F1,2026-03-01,15287.0,15287.87401252985,15290.41308426857,15284.29122877121,15298.291408538818
china/family/F1,2026-04-01,15461.0,15289.184396743774,15290.25299668312,15294.78954410553,15281.295307636261
china/family/F1,2026-05-01,15584.0,15477.141813278198,15492.133277893066,15475.599227905273,15465.91748714447
china/family/F1,2026-06-01,15584.0,15605.769735336304,15688.472053527832,15601.993202209473,15596.898691177368
china/family/F1,2026-07-01,15737.0,15595.653576850891,15583.165707468987,15503.664520263672,15589.770636081696
china/family/F2A,2024-08-01,17120.0,17167.81944656372,17140.35392189026,17126.923285007477,17127.964004039764
china/family/F2A,2024-09-01,17120.0,17161.694499969482,17140.634632110596,17115.654544830322,17222.591995239258
china/family/F2A,2024-10-01,17127.0,17154.27711868286,17114.327326774597,17123.506084918976,17183.144287109375
china/family/F2A,2024-11-01,17167.0,17162.931468963623,17142.250286102295,17185.880477905273,17113.16228580475
china/family/F2A,2024-12-01,17167.0,17200.746742248535,17194.330877304077,17238.740882873535,17224.266353607178
china/family/F2A,2025-01-01,17167.0,17194.761569976807,17167.02090366371,17164.666150569916,17218.287574768066
china/family/F2A,2025-02-01,17167.0,17190.424055099487,17171.620100975037,17201.160835266113,17183.535152435303
china/family/F2A,2025-03-01,17167.0,17196.209383010864,17142.09725189209,17166.843000292778,17178.781264305115
china/family/F2A,2025-04-01,17167.0,17193.982095718384,17167.602525949478,17135.232997894287,17183.949045181274
china/family/F2A,2025-05-01,17167.0,17189.811616897583,17167.181210651994,17185.029802322388,17206.039657592773
china/family/F2A,2025-06-01,17167.0,17184.89295387268,17167.128437548876,17175.032634735107,17132.712566375732
china/family/F2A,2025-07-01,17410.0,17179.25582408905,17166.840728119016,17169.58378982544,17174.33325958252
china/family/F2A,2025-08-01,17410.0,17443.400318145752,17439.997184753418,17356.08562850952,17435.340690612793
china/family/F2A,2025-09-01,17410.0,17420.524852752686,17408.563742280006,17419.53566455841,17394.02761363983
china/family/F2A,2025-10-01,17928.0,17407.60430073738,17423.28142929077,17417.263665676117,17401.9070854187
china/family/F2A,2025-11-01,17928.0,17960.634254455566,18101.362396240234,18355.400787353516,17944.78184890747
china/family/F2A,2025-12-01,17928.0,17970.534385681152,17964.37253189087,17943.987540245056,17938.356867790222
china/family/F2A,2026-01-01,17928.0,17947.142824172974,17941.68759250641,17932.05107975006,17888.02463531494
china/family/F2A,2026-02-01,17928.0,17932.325673103333,17933.504462242126,17926.344234347343,17938.41236972809
china/family/F2A,2026-03-01,17928.0,17936.513442993164,17933.489686965942,17931.027051448822,18005.79665374756
china/family/F2A,2026-04-01,17928.0,17932.800065994263,17935.685850143433,17931.7792096138,17932.736973762512
china/family/F2A,2026-05-01,18110.0,17938.61958694458,17936.234099388123,17942.325178146362,17923.574914455414
china/family/F2A,2026-06-01,18263.0,18132.935831069946,18196.654403686523,18263.027770996094,18159.214477539062
china/family/F2A,2026-07-01,18263.0,18284.209615707397,18411.536331176758,18385.693313598633,18278.661783218384
china/family/F2B,2024-08-01,15096.0,15102.211537361145,15123.38570022583,15116.943502426147,15099.739801645279
china/family/F2B,2024-09-01,15096.0,15098.888475179672,15094.878384113312,15089.799624919891,15098.625669717789
china/family/F2B,2024-10-01,15096.0,15097.254855751991,15094.113466858864,15094.164755105972,15102.587631702423
china/family/F2B,2024-11-01,15096.0,15096.875962853432,15097.914793014526,15098.212224245071,15096.268279373646
china/family/F2B,2024-12-01,15096.0,15097.592455983162,15098.16377711296,15095.322866559029,15102.344295024872
china/family/F2B,2025-01-01,15117.0,15099.301770210266,15098.19617676735,15095.217202425003,15094.730471253395
china/family/F2B,2025-02-01,15117.0,15119.919446468353,15134.576360702515,15137.973281860352,15119.734053373337
china/family/F2B,2025-03-01,15117.0,15122.641902446747,15166.598247528076,15120.2474462986,15111.36640882492
china/family/F2B,2025-04-01,15178.0,15119.123494386673,15115.389089465141,15117.533359110355,15117.980381846428
china/family/F2B,2025-05-01,15178.0,15184.50278711319,15226.787406921387,15232.728916168213,15178.154128879309
china/family/F2B,2025-06-01,15240.0,15180.751596689224,15178.565525531769,15178.174617171288,15175.984993934631
china/family/F2B,2025-07-01,15263.0,15245.793049812317,15283.413875579834,15226.948201179504,15237.891927242279
china/family/F2B,2025-08-01,15263.0,15267.800305366516,15284.399829864502,15286.90249824524,15266.414351940155
china/family/F2B,2025-09-01,15263.0,15264.887292861938,15266.374246358871,15291.209482192993,15262.459968566895
china/family/F2B,2025-10-01,15301.0,15263.278910934925,15262.391630530357,15264.896372914314,15261.345252633095
china/family/F2B,2025-11-01,15310.0,15304.909154891968,15331.390604019165,15344.28469467163,15302.608069896698
china/family/F2B,2025-12-01,15310.0,15313.10906457901,15321.217469215393,15319.77237701416,15310.571639239788
china/family/F2B,2026-01-01,15310.0,15311.740135550499,15315.603591442108,15311.212936639786,15314.569803714752
china/family/F2B,2026-02-01,15310.0,15312.300905942917,15311.61799788475,15310.420883506536,15303.684057712555
china/family/F2B,2026-03-01,15310.0,15311.006451964378,15313.15796470642,15308.595244646072,15317.836757183075
china/family/F2B,2026-04-01,15482.0,15312.277339696884,15310.99458682537,15310.751099824905,15306.9415204525
china/family/F2B,2026-05-01,15482.0,15496.483312606812,15506.267333984375,15470.14412021637,15483.979151010513
china/family/F2B,2026-06-01,15605.0,15492.450017929077,15515.482997894287,15488.319863319397,15493.884512901306
china/family/F2B,2026-07-01,15666.0,15619.037732124329,15654.983795166016,15645.95129776001,15606.442872047424
china/family/F3,2024-08-01,12874.0,12883.445240020752,12898.888507843018,12848.56947517395,12887.442126274109
china/family/F3,2024-09-01,12874.0,12879.173405647278,12880.19522857666,12872.024405121803,12876.896418333054
china/family/F3,2024-10-01,12874.0,12876.812352657318,12870.704295635223,12869.753347873688,12883.945831298828
china/family/F3,2024-11-01,12888.0,12878.536125659943,12882.26284790039,12871.453257083893,12871.759079933167
china/family/F3,2024-12-01,12888.0,12891.249054193497,12900.530052185059,12901.808667182922,12895.090767860413
china/family/F3,2025-01-01,12965.0,12895.821477413177,12906.254484176636,12890.208170413971,12883.816742897034
china/family/F3,2025-02-01,12965.0,12974.287065505981,13025.823833465576,13096.790512084961,12966.416038036346
china/family/F3,2025-03-01,12965.0,12973.331115722656,12994.266302108765,13022.390468597412,12965.11009643972
china/family/F3,2025-04-01,13239.0,12968.177200555801,12964.102416038513,12964.559244841337,12957.101147651672
china/family/F3,2025-05-01,13239.0,13259.666513442993,13290.60158920288,13273.530601501465,13238.918880008161
china/family/F3,2025-06-01,13321.0,13252.642416000366,13267.64095878601,13241.304669380188,13253.308870315552
china/family/F3,2025-07-01,13361.0,13333.379405021667,13346.69743347168,13354.520034790039,13314.892080783844
china/family/F3,2025-08-01,13361.0,13370.107513427734,13400.270236968994,13392.458372116089,13365.69954252243
china/family/F3,2025-09-01,13361.0,13364.093558311462,13363.250247001648,13365.152423858643,13368.682409763336
china/family/F3,2025-10-01,13399.0,13359.76467871666,13364.502156734467,13361.40119689703,13356.153316020966
china/family/F3,2025-11-01,13399.0,13405.442930698395,13439.560935974121,13484.298736572266,13409.261477470398
china/family/F3,2025-12-01,13399.0,13403.548150062561,13404.186172008514,13400.776767611504,13400.218317270279
china/family/F3,2026-01-01,13399.0,13401.075488090515,13411.336637496948,13398.69663053751,13410.129919052124
china/family/F3,2026-02-01,13399.0,13406.592052936554,13405.62813091278,13402.07675409317,13379.226476669312
china/family/F3,2026-03-01,13399.0,13402.231595039368,13396.308030366898,13404.176933765411,13408.014747619629
china/family/F3,2026-04-01,13504.0,13402.280913114548,13399.408631592989,13402.225353956223,13403.076667785645
china/family/F3,2026-05-01,13559.0,13512.481586456299,13568.415130615234,13481.710304260254,13492.53182220459
china/family/F3,2026-06-01,13559.0,13568.429502487183,13609.197261810303,13606.10610961914,13567.192720413208
china/family/F3,2026-07-01,13619.0,13560.305433392525,13559.339947342873,13558.742673248053,13565.2438955307
china/family/F4,2024-08-01,11900.0,11902.269322395325,11905.375017166138,11897.102179288864,11902.433394908905
china/family/F4,2024-09-01,11900.0,11901.223938465118,11900.49342417717,11892.509301662445,11901.152858614922
china/family/F4,2024-10-01,11900.0,11900.304250091314,11899.649714261293,11900.336313575506,11902.203752756119
china/family/F4,2024-11-01,11900.0,11900.841287136078,11900.667221546173,11900.557119309902,11897.957720041275
china/family/F4,2024-12-01,11900.0,11900.820746600628,11900.723072171211,11910.256875991821,11902.402869939804
china/family/F4,2025-01-01,11900.0,11901.25157058239,11900.912483513355,11910.954118728638,11899.812055036426
china/family/F4,2025-02-01,11900.0,11900.104452073574,11899.981410676613,11903.22251868248,11898.847711801529
china/family/F4,2025-03-01,11900.0,11901.219781160355,11912.69701385498,11903.699552059174,11897.783734083176
china/family/F4,2025-04-01,11900.0,11900.214374512434,11900.471489489079,11900.271570622921,11900.056852761656
china/family/F4,2025-05-01,12053.0,11900.334683656693,11900.759680569172,11899.66556546092,11899.659990429878
china/family/F4,2025-06-01,12053.0,12064.079973220825,12069.170083999634,12067.532161712646,12052.83882790804
china/family/F4,2025-07-01,12053.0,12060.900250434875,12092.82014465332,12152.703567504883,12059.03708076477
china/family/F4,2025-08-01,12053.0,12056.679372549057,12052.599397420883,12053.651088893414,12053.746458411217
china/family/F4,2025-09-01,12053.0,12053.475200295448,12053.650596678257,12050.86458158493,12052.795751407743
china/family/F4,2025-10-01,12060.0,12052.167170524597,12053.192242354155,12052.727900385857,12057.348922729492
china/family/F4,2025-11-01,12060.0,12059.527238756418,12067.715718746185,12067.40480184555,12060.506208598614
china/family/F4,2025-12-01,12060.0,12061.606220006943,12062.948989391327,12059.992921812925,12064.729699611664
china/family/F4,2026-01-01,12060.0,12061.891696453094,12061.119443774223,12059.694777309895,12062.627931833267
china/family/F4,2026-02-01,12060.0,12059.870213478804,12060.764840006828,12060.494037240744,12059.414192080498
china/family/F4,2026-03-01,12060.0,12063.980868339539,12094.449367523193,12063.794457435608,12052.524758338928
china/family/F4,2026-04-01,12212.0,12061.92107784748,12060.065308898687,12061.454741954803,12063.664119720459
china/family/F4,2026-05-01,12311.0,12224.530190467834,12255.723316192627,12326.619194030762,12217.926927089691
china/family/F4,2026-06-01,12365.0,12326.091522216797,12429.457702636719,12313.448202610016,12313.948679924011
china/family/F4,2026-07-01,12419.0,12378.541217803955,12386.437980651855,12357.877802848816,12369.822778701782
india/family/F1,2024-08-01,14904.0,14916.505235671997,14919.432244300842,14965.749282836914,14908.570333957672
india/family/F1,2024-09-01,14904.0,14910.89828634262,14929.883228302002,14897.686334133148,14909.428217411041
india/family/F1,2024-10-01,14904.0,14906.970242738724,14899.628270626068,14903.531534641981,14910.792309761047
india/family/F1,2024-11-01,14904.0,14904.874047517776,14903.872504681349,14901.966536045074,14905.238234519958
india/family/F1,2024-12-01,14904.0,14905.384190917015,14901.967229127884,14901.817732572556,14912.701025009155
india/family/F1,2025-01-01,14935.0,14906.657200098038,14907.333418369293,14902.235644221306,14903.296020805836
india/family/F1,2025-02-01,14935.0,14939.19440460205,14965.626415252686,14967.710021972656,14940.406009674072
india/family/F1,2025-03-01,14935.0,14942.776867866516,14971.224830627441,14941.004703521729,14929.935965061188
india/family/F1,2025-04-01,15049.0,14938.070136070251,14932.135507822037,14936.82282590866,14937.269851207733
india/family/F1,2025-05-01,15049.0,15061.88366985321,15092.386245727539,15099.71367263794,15045.951293468475
india/family/F1,2025-06-01,15134.0,15055.651113033295,15048.317763209343,15068.672721862793,15051.727976322174
india/family/F1,2025-07-01,15171.0,15143.882635116577,15179.12506866455,15096.656539916992,15133.826940566301
india/family/F1,2025-08-01,15171.0,15178.093745708466,15207.080680847168,15209.24411392212,15173.204767227173
india/family/F1,2025-09-01,15171.0,15173.571179151535,15182.212017059326,15170.180049777031,15172.007003307343
india/family/F1,2025-10-01,15287.0,15170.942727036774,15170.359975516796,15168.456883430481,15171.035644076765
india/family/F1,2025-11-01,15287.0,15297.422529220581,15316.659866333008,15356.141204833984,15289.723018169403
india/family/F1,2025-12-01,15287.0,15294.178922653198,15294.866600036621,15289.375743150711,15291.562265396118
india/family/F1,2026-01-01,15287.0,15290.458535671234,15295.07883644104,15362.571899414062,15292.258341312408
india/family/F1,2026-02-01,15287.0,15290.852118968964,15290.762840509415,15282.00648021698,15277.166684150696
india/family/F1,2026-03-01,15287.0,15287.874012172222,15290.413079500198,15284.291236639023,15298.291408538818
india/family/F1,2026-04-01,15461.0,15289.18439745903,15290.252997398376,15294.789492607117,15281.295306682587
india/family/F1,2026-05-01,15584.0,15477.141813278198,15492.133275985718,15475.599181175232,15465.91748714447
india/family/F1,2026-06-01,15584.0,15605.769737243652,15688.472076416016,15601.993213653564,15596.898691177368
india/family/F1,2026-07-01,15737.0,15595.653579711914,15583.165706038475,15503.664726257324,15589.770634651184
india/family/F2A,2024-08-01,17120.0,17167.81944656372,17140.353925704956,17126.923279762268,17127.96400117874
india/family/F2A,2024-09-01,17120.0,17161.694499969482,17140.634634017944,17115.654542922974,17222.591995239258
india/family/F2A,2024-10-01,17127.0,17154.27711868286,17114.32732772827,17123.506064891815,17183.144283294678
india/family/F2A,2024-11-01,17167.0,17162.931468963623,17142.2502784729,17185.88041305542,17113.16228199005
india/family/F2A,2024-12-01,17167.0,17200.746742248535,17194.33087539673,17238.74090576172,17224.266353607178
india/family/F2A,2025-01-01,17167.0,17194.761569976807,17167.020899146795,17164.666151046753,17218.287574768066
india/family/F2A,2025-02-01,17167.0,17190.424057006836,17171.62010192871,17201.16086578369,17183.53515434265
india/family/F2A,2025-03-01,17167.0,17196.209383010864,17142.097255706787,17166.842996373773,17178.781262397766
india/family/F2A,2025-04-01,17167.0,17193.982095718384,17167.602526307106,17135.23299217224,17183.949045181274
india/family/F2A,2025-05-01,17167.0,17189.811616897583,17167.181205287576,17185.029804229736,17206.03966140747
india/family/F2A,2025-06-01,17167.0,17184.89295387268,17167.128437891603,17175.032636642456,17132.712558746338
india/family/F2A,2025-07-01,17410.0,17179.2558259964,17166.840725958347,17169.58378958702,17174.333258152008
india/family/F2A,2025-08-01,17410.0,17443.400318145752,17439.997161865234,17356.08554840088,17435.340688705444
india/family/F2A,2025-09-01,17410.0,17420.52485179901,17408.563744664192,17419.535661697388,17394.027618408203
india/family/F2A,2025-10-01,17928.0,17407.604298353195,17423.28143119812,17417.263669013977,17401.90708255768
india/family/F2A,2025-11-01,17928.0,17960.63425064087,18101.362350463867,18355.400787353516,17944.781847000122
india/family/F2A,2025-12-01,17928.0,17970.534385681152,17964.37250137329,17943.987520217896,17938.35687160492
india/family/F2A,2026-01-01,17928.0,17947.142824172974,17941.687596321106,17932.0510802269,17888.024642944336
india/family/F2A,2026-02-01,17928.0,17932.325672626495,17933.504461288452,17926.34423518181,17938.412366867065
india/family/F2A,2026-03-01,17928.0,17936.513441085815,17933.489685058594,17931.027049064636,18005.796646118164
india/family/F2A,2026-04-01,17928.0,17932.80006504059,17935.68584537506,17931.77920293808,17932.73697566986
india/family/F2A,2026-05-01,18110.0,17938.619585990906,17936.234095573425,17942.325147628784,17923.57491350174
india/family/F2A,2026-06-01,18263.0,18132.935829162598,18196.65439605713,18263.027770996094,18159.21448135376
india/family/F2A,2026-07-01,18263.0,18284.209617614746,18411.536346435547,18385.693336486816,18278.661786079407
india/family/F2B,2024-08-01,15096.0,15102.211538791656,15123.385696411133,15116.943500518799,15099.739802122116
india/family/F2B,2024-09-01,15096.0,15098.888474941254,15094.878384828568,15089.79960823059,15098.625669717789
india/family/F2B,2024-10-01,15096.0,15097.254856705666,15094.113466739655,15094.164746165276,15102.587632656097
india/family/F2B,2024-11-01,15096.0,15096.875963747501,15097.914795398712,15098.212226390839,15096.268279224634
india/family/F2B,2024-12-01,15096.0,15097.592454910278,15098.16377735138,15095.32286953926,15102.34429693222
india/family/F2B,2025-01-01,15117.0,15099.30177116394,15098.196177959442,15095.217202425003,15094.730468511581
india/family/F2B,2025-02-01,15117.0,15119.919446229935,15134.576362609863,15137.9732837677,15119.734055280685
india/family/F2B,2025-03-01,15117.0,15122.641902923584,15166.598243713379,15120.24744606018,15111.366407871246
india/family/F2B,2025-04-01,15178.0,15119.123494148254,15115.389090776443,15117.533359348774,15117.980382144451
india/family/F2B,2025-05-01,15178.0,15184.502788543701,15226.787406921387,15232.728923797607,15178.154128029943
india/family/F2B,2025-06-01,15240.0,15180.751597166061,15178.565526247025,15178.174618124962,15175.984997749329
india/family/F2B,2025-07-01,15263.0,15245.793048858643,15283.41386795044,15226.94822216034,15237.89192867279
india/family/F2B,2025-08-01,15263.0,15267.800304889679,15284.399826049805,15286.90249633789,15266.414353609085
india/family/F2B,2025-09-01,15263.0,15264.887294530869,15266.374246835709,15291.20945930481,15262.459969818592
india/family/F2B,2025-10-01,15301.0,15263.278911411762,15262.391632139683,15264.896378040314,15261.345252513885
india/family/F2B,2025-11-01,15310.0,15304.909155845642,15331.390604019165,15344.28470993042,15302.608071208
india/family/F2B,2025-12-01,15310.0,15313.109065771103,15321.217470169067,15319.772375106812,15310.57163965702
india/family/F2B,2026-01-01,15310.0,15311.740137696266,15315.603591442108,15311.212938547134,15314.569804668427
india/family/F2B,2026-02-01,15310.0,15312.300905227661,15311.617997169495,15310.420883625746,15303.684057235718
india/family/F2B,2026-03-01,15310.0,15311.006454110146,15313.157965183258,15308.595245957375,15317.836757659912
india/family/F2B,2026-04-01,15482.0,15312.277339935303,15310.994585990906,15310.751101315022,15306.941524028778
india/family/F2B,2026-05-01,15482.0,15496.483308792114,15506.267318725586,15470.144125938416,15483.979151368141
india/family/F2B,2026-06-01,15605.0,15492.450017929077,15515.48299407959,15488.31987285614,15493.884511947632
india/family/F2B,2026-07-01,15666.0,15619.037733078003,15654.98380279541,15645.951316833496,15606.442872285843
india/family/F3,2024-08-01,12874.0,12883.445239067078,12898.88850402832,12848.56944656372,12887.442127227783
india/family/F3,2024-09-01,12874.0,12879.17340517044,12880.195228099823,12872.024410247803,12876.89641880989
india/family/F3,2024-10-01,12874.0,12876.812351942062,12870.704292535782,12869.75334739685,12883.945831298828
india/family/F3,2024-11-01,12888.0,12878.536125183105,12882.262851715088,12871.453257322311,12871.75907921791
india/family/F3,2024-12-01,12888.0,12891.249054193497,12900.530053138733,12901.80867099762,12895.090766429901
india/family/F3,2025-01-01,12965.0,12895.821477413177,12906.254486083984,12890.208169460297,12883.816742420197
india/family/F3,2025-02-01,12965.0,12974.287064552307,13025.823837280273,13096.790496826172,12966.416037797928
india/family/F3,2025-03-01,12965.0,12973.331114768982,12994.26630973816,13022.390464782715,12965.110096693039
india/family/F3,2025-04-01,13239.0,12968.177201032639,12964.10241663456,12964.559245109558,12957.10114479065
india/family/F3,2025-05-01,13239.0,13259.666513442993,13290.601585388184,13273.530578613281,13238.918879978359
india/family/F3,2025-06-01,13321.0,13252.642415046692,13267.640947341919,13241.304664850235,13253.308866500854
india/family/F3,2025-07-01,13361.0,13333.379406929016,13346.697444915771,13354.520050048828,13314.89207983017
india/family/F3,2025-08-01,13361.0,13370.107513427734,13400.270233154297,13392.458400726318,13365.699541568756
india/family/F3,2025-09-01,13361.0,13364.093557834625,13363.250245809555,13365.152420520782,13368.682409763336
india/family/F3,2025-10-01,13399.0,13359.764678359032,13364.502159118652,13361.40118804574,13356.15331697464
india/family/F3,2025-11-01,13399.0,13405.442931175232,13439.560935974121,13484.29874420166,13409.261476516724
india/family/F3,2025-12-01,13399.0,13403.548151016235,13404.186170578003,13400.776768445969,13400.218316078186
india/family/F3,2026-01-01,13399.0,13401.075487852097,13411.336636543274,13398.696630328894,13410.129920959473
india/family/F3,2026-02-01,13399.0,13406.592052936554,13405.628129005432,13402.076753616333,13379.22647857666
india/family/F3,2026-03-01,13399.0,13402.231595277786,13396.308027744293,13404.176928520203,13408.01474571228
india/family/F3,2026-04-01,13504.0,13402.280913352966,13399.408631026745,13402.225354909897,13403.076667785645
india/family/F3,2026-05-01,13559.0,13512.481587409973,13568.415130615234,13481.710302352905,13492.53182220459
india/family/F3,2026-06-01,13559.0,13568.429504394531,13609.197265625,13606.106121063232,13567.192723274231
india/family/F3,2026-07-01,13619.0,13560.30543410778,13559.339947104454,13558.742672234774,13565.243896484375
india/family/F4,2024-08-01,11344.0,11346.60368514061,11350.951704502106,11350.805518627167,11346.05779504776
india/family/F4,2024-09-01,11344.0,11345.520842671394,11345.99509704113,11348.025253772736,11346.063791275024
india/family/F4,2024-10-01,11382.0,11344.753704726696,11344.41187953949,11344.040649611503,11346.756405591965
india/family/F4,2024-11-01,11389.0,11386.333963394165,11395.059191703796,11386.063807487488,11379.493346691132
india/family/F4,2024-12-01,11389.0,11392.311326742172,11393.201246261597,11415.334056854248,11392.999960899353
india/family/F4,2025-01-01,11420.0,11391.932740688324,11398.133799552917,11387.822029352188,11389.138621628284
india/family/F4,2025-02-01,11420.0,11423.045432806015,11428.212862968445,11416.376573085785,11419.40399056673
india/family/F4,2025-03-01,11420.0,11422.727242469788,11425.163667678833,11421.573738455772,11420.585964679718
india/family/F4,2025-04-01,11488.0,11420.56427705288,11420.860883772373,11421.201544880867,11419.808207765222
india/family/F4,2025-05-01,11488.0,11493.48362159729,11509.879043579102,11485.897286891937,11488.860352993011
india/family/F4,2025-06-01,11488.0,11491.674263000488,11492.678486824036,11492.442965507507,11491.338983297348
india/family/F4,2025-07-01,11511.0,11489.346306324005,11491.451877117157,11491.845407962799,11486.615720272064
india/family/F4,2025-08-01,11627.0,11514.300261259079,11530.69930267334,11523.720574378967,11510.671983391047
india/family/F4,2025-09-01,11627.0,11637.68454360962,11639.69905090332,11644.792602539062,11631.195947647095
india/family/F4,2025-10-01,11627.0,11633.788467407227,11640.42025756836,11727.382431030273,11632.258984088898
india/family/F4,2025-11-01,11627.0,11631.56407403946,11631.810961723328,11630.516996383667,11628.189995884895
india/family/F4,2025-12-01,11627.0,11628.958527326584,11627.583898067474,11628.1018075943,11627.76459133625
india/family/F4,2026-01-01,11627.0,11626.633832007647,11626.763873457909,11618.45595741272,11632.881227493286
india/family/F4,2026-02-01,11627.0,11627.264881759882,11628.548433184624,11626.714085906744,11621.172964572906
india/family/F4,2026-03-01,11627.0,11629.126871585846,11627.370238989592,11648.111865997314,11634.273429870605
india/family/F4,2026-04-01,11627.0,11628.774901747704,11628.064569473267,11629.656351566315,11629.816106796265
india/family/F4,2026-05-01,11627.0,11626.581740796566,11626.906450524926,11626.584484994411,11621.288411140442
india/family/F4,2026-06-01,11627.0,11629.154382705688,11645.340599060059,11630.118549108505,11620.88723230362
india/family/F4,2026-07-01,11627.0,11626.990185945295,11625.068484067917,11628.110358476639,11630.401985406876
mexico/family/F1,2024-08-01,9989.0,10002.67428779602,10087.274391174316,10114.799980163574,9988.972326304764
mexico/family/F1,2024-09-01,9989.0,9996.705929756165,9994.32167339325,10010.974830627441,10008.78307723999
mexico/family/F1,2024-10-01,10227.0,9990.301802635193,9987.388429522514,9992.546174526215,9993.600221157074
mexico/family/F1,2024-11-01,10918.0,10241.07640838623,10386.70620727539,10446.810165405273,10228.846679091454
mexico/family/F1,2024-12-01,10918.0,10983.329368591309,11139.332550048828,11399.786071777344,10964.515884399414
mexico/family/F1,2025-01-01,10918.0,10965.984870910645,10999.638710021973,11014.120147705078,10959.725402832031
mexico/family/F1,2025-02-01,10918.0,10939.83510017395,10902.63711643219,10943.066612243652,10929.812782287598
mexico/family/F1,2025-03-01,10918.0,10924.391273498535,10931.752356529236,10915.339198589325,10930.08456325531
mexico/family/F1,2025-04-01,10958.0,10919.784361958504,10909.246621131897,10909.095229148865,10953.142028808594
mexico/family/F1,2025-05-01,11069.0,10964.415044307709,11007.874111175537,11007.60131072998,10967.142064094543
mexico/family/F1,2025-06-01,11069.0,11086.459476470947,11183.012153625488,11174.256172180176,11092.336660385132
mexico/family/F1,2025-07-01,11069.0,11082.93973827362,11080.977316856384,11065.355282306671,11087.213283538818
mexico/family/F1,2025-08-01,11069.0,11075.416179180145,11083.917799949646,11070.626655817032,11053.937972068787
mexico/family/F1,2025-09-01,11069.0,11084.277642250061,11084.82087802887,11078.12908744812,11022.898014068604
mexico/family/F1,2025-10-01,11283.0,11075.310740947723,11075.343618392944,11076.071076869965,11093.69306755066
mexico/family/F1,2025-11-01,11283.0,11304.5800075531,11465.792175292969,11527.180603027344,11287.60464143753
mexico/family/F1,2025-12-01,11382.0,11290.946994304657,11290.145342350006,11289.284832000732,11251.914302825928
mexico/family/F1,2026-01-01,11566.0,11391.16581439972,11467.33950805664,11468.583908081055,11373.658116340637
mexico/family/F1,2026-02-01,11678.0,11580.525238990784,11738.557739257812,11569.439169883728,11570.577251434326
mexico/family/F1,2026-03-01,11678.0,11695.062866210938,11787.350105285645,11752.063179016113,11674.209789514542
mexico/family/F1,2026-04-01,11733.0,11689.866804122925,11684.228049755096,11675.81401515007,11675.895896673203
mexico/family/F1,2026-05-01,11914.0,11744.758955001831,11789.308753967285,11755.026302337646,11740.628383636475
mexico/family/F1,2026-06-01,11999.0,11932.468019485474,12073.07470703125,12103.289672851562,11913.929081842303
mexico/family/F1,2026-07-01,11999.0,12012.099665641785,12085.860656738281,12089.036102294922,12009.371496200562
mexico/family/F2A,2024-08-01,16833.0,16873.821006774902,16830.82205557823,16843.484981536865,16805.859449386597
mexico/family/F2A,2024-09-01,16833.0,16864.232606887817,16834.927498936653,16837.000920772552,16924.850074768066
mexico/family/F2A,2024-10-01,16868.0,16848.495326042175,16828.85207605362,16833.077414818108,16875.533584594727
mexico/family/F2A,2024-11-01,16906.0,16881.212154388428,16890.362548828125,16960.20973968506,16808.61102294922
mexico/family/F2A,2024-12-01,16906.0,16917.457065582275,16927.3655834198,16945.949104309082,16916.915999412537
mexico/family/F2A,2025-01-01,16936.0,16908.63273000717,16908.89032435417,16908.840648174286,16930.47414779663
mexico/family/F2A,2025-02-01,16936.0,16933.67476582527,16958.210159301758,16957.473342895508,16912.38640022278
mexico/family/F2A,2025-03-01,16936.0,16937.502033233643,16917.30083465576,16940.65093421936,16925.194111824036
mexico/family/F2A,2025-04-01,16936.0,16936.839778840542,16937.971635580063,16909.67486190796,16921.35999393463
mexico/family/F2A,2025-05-01,16936.0,16934.1443502903,16936.189926043153,16935.17471808195,16935.076297342777
mexico/family/F2A,2025-06-01,16936.0,16932.743225812912,16935.412542283535,16938.671261787415,16896.65305328369
mexico/family/F2A,2025-07-01,17198.0,16926.15944957733,16933.565505981445,16939.429542541504,16910.60440826416
mexico/family/F2A,2025-08-01,17198.0,17215.59667778015,17229.666133880615,17265.31569671631,17219.342449188232
mexico/family/F2A,2025-09-01,17198.0,17210.879481315613,17197.04999756813,17213.814911842346,17180.38844680786
mexico/family/F2A,2025-10-01,17563.0,17200.625499486923,17207.682025909424,17217.126529693604,17195.522126674652
mexico/family/F2A,2025-11-01,17563.0,17587.87391281128,17688.073890686035,17801.660736083984,17586.974197387695
mexico/family/F2A,2025-12-01,17563.0,17598.478645324707,17576.30284690857,17575.137009620667,17571.62497329712
mexico/family/F2A,2026-01-01,17563.0,17577.341824531555,17588.44899368286,17564.65270757675,17534.219982147217
mexico/family/F2A,2026-02-01,17563.0,17559.999544858932,17565.27977871895,17564.784995675087,17578.260531425476
mexico/family/F2A,2026-03-01,17563.0,17567.71270465851,17567.163309574127,17561.987689256668,17639.1763381958
mexico/family/F2A,2026-04-01,17563.0,17564.501538038254,17566.976283073425,17562.537941098213,17573.756037712097
mexico/family/F2A,2026-05-01,17744.0,17564.557789087296,17570.109151363373,17566.77504849434,17534.817560195923
mexico/family/F2A,2026-06-01,17897.0,17759.324200630188,17835.43682861328,17818.591499328613,17784.61198425293
mexico/family/F2A,2026-07-01,17897.0,17912.398573875427,18042.608352661133,18082.424697875977,17914.263507843018
mexico/family/F2B,2024-08-01,10788.0,10798.026676177979,10802.821743011475,10781.344390690327,10797.474166870117
mexico/family/F2B,2024-09-01,10788.0,10803.712756156921,10795.818070411682,10807.614128112793,10800.728421211243
mexico/family/F2B,2024-10-01,10972.0,10790.895141363144,10795.256608963013,10791.532417535782,10801.476475715637
mexico/family/F2B,2024-11-01,11139.0,10996.969295501709,11178.513961791992,11011.92900466919,10938.056854248047
mexico/family/F2B,2024-12-01,11139.0,11168.237386703491,11241.143989562988,11364.553436279297,11166.839485168457
mexico/family/F2B,2025-01-01,11139.0,11159.138753890991,11158.86993598938,11179.981628417969,11164.32339477539
mexico/family/F2B,2025-02-01,11139.0,11140.04711318016,11152.878962516785,11047.797286987305,11109.136154174805
mexico/family/F2B,2025-03-01,11139.0,11138.045830667019,11142.178895711899,11140.475440263748,11126.021126747131
mexico/family/F2B,2025-04-01,11323.0,11137.33775138855,11138.333176136017,11141.775082588196,11145.79005765915
mexico/family/F2B,2025-05-01,11323.0,11335.653186798096,11459.305862426758,11456.76254272461,11323.067007765174
mexico/family/F2B,2025-06-01,11323.0,11335.81600856781,11352.264108657837,11333.792895317078,11325.026743888855
mexico/family/F2B,2025-07-01,11688.0,11327.423213481903,11351.447263717651,11334.061658859253,11310.293083190918
mexico/family/F2B,2025-08-01,11688.0,11719.6302318573,11835.082168579102,11978.663543701172,11679.501356124878
mexico/family/F2B,2025-09-01,11778.0,11710.855617523193,11751.164585113525,11706.461267471313,11703.447498321533
mexico/family/F2B,2025-10-01,12036.0,11792.847096443176,11873.134574890137,11866.82389831543,11772.424456596375
mexico/family/F2B,2025-11-01,12036.0,12065.942134857178,12190.824295043945,12174.914367675781,12069.255767822266
mexico/family/F2B,2025-12-01,12188.0,12056.059635162354,12040.697965621948,12041.483522415161,12047.86991596222
mexico/family/F2B,2026-01-01,12372.0,12204.133829116821,12325.062103271484,12333.269027709961,12192.723863601685
mexico/family/F2B,2026-02-01,12464.0,12396.7399559021,12511.444717407227,12450.207695007324,12392.966255187988
mexico/family/F2B,2026-03-01,12464.0,12489.350002288818,12561.100471496582,12647.98307800293,12495.748281478882
mexico/family/F2B,2026-04-01,12464.0,12474.00295162201,12474.496389389038,12463.351710796356,12484.874820709229
mexico/family/F2B,2026-05-01,12464.0,12469.389941692352,12479.425037384033,12556.996192932129,12448.137475013733
mexico/family/F2B,2026-06-01,12464.0,12462.30948626995,12463.418117046356,12538.35961151123,12500.18716430664
mexico/family/F2B,2026-07-01,12464.0,12462.873676657677,12476.991837501526,12491.358654022217,12481.15665435791
mexico/family/F3,2024-08-01,9191.0,9216.581748962402,9201.231917381287,9277.432975769043,9200.79176902771
mexico/family/F3,2024-09-01,9191.0,9205.263189315796,9190.107267439365,9184.488750457764,9201.978672027588
mexico/family/F3,2024-10-01,9365.0,9193.617479801178,9190.27924245596,9191.52117061615,9204.942931175232
mexico/family/F3,2024-11-01,9426.0,9381.356462478638,9466.135498046875,9523.23356628418,9357.976350784302
mexico/family/F3,2024-12-01,9426.0,9445.234796524048,9484.240718841553,9349.797004699707,9455.779884338379
mexico/family/F3,2025-01-01,9457.0,9441.502482414246,9456.882778167725,9626.770080566406,9443.802659988403
mexico/family/F3,2025-02-01,9457.0,9463.740676403046,9491.723903656006,9457.079486757517,9453.920620679855
mexico/family/F3,2025-03-01,9457.0,9466.782092094421,9469.522437095642,9474.997608184814,9443.518191337585
mexico/family/F3,2025-04-01,9511.0,9462.0992603302,9469.52273273468,9456.98054104112,9459.551141738892
mexico/family/F3,2025-05-01,9511.0,9521.542066574097,9564.740432739258,9607.110290527344,9519.167338371277
mexico/family/F3,2025-06-01,9511.0,9517.301925182343,9520.513545036316,9501.662938117981,9503.747107505798
mexico/family/F3,2025-07-01,9528.0,9511.981647849083,9509.84558224678,9509.744311451912,9499.668054580688
mexico/family/F3,2025-08-01,9528.0,9529.756916046143,9552.436019897461,9541.56294631958,9516.033498764038
mexico/family/F3,2025-09-01,9528.0,9527.864760637283,9530.543476343155,9546.154712677002,9522.166233539581
mexico/family/F3,2025-10-01,9601.0,9526.161790132523,9527.365381896496,9595.70199584961,9522.39455986023
mexico/family/F3,2025-11-01,9617.0,9605.445789337158,9667.898513793945,9688.90013885498,9595.106941223145
mexico/family/F3,2025-12-01,9617.0,9622.094906806946,9633.020971298218,9611.215293884277,9611.002935409546
mexico/family/F3,2026-01-01,9617.0,9616.117818593979,9620.159082889557,9620.197689294815,9616.683881938457
mexico/family/F3,2026-02-01,9617.0,9610.547985553741,9619.22642493248,9618.035948514938,9602.026282310486
mexico/family/F3,2026-03-01,9617.0,9614.325021028519,9622.750603199005,9616.850351080298,9626.889719963074
mexico/family/F3,2026-04-01,9617.0,9615.916738271713,9623.437561511993,9617.641027271748,9616.699738770723
mexico/family/F3,2026-05-01,9617.0,9614.323581695557,9617.608071625233,9609.530893802643,9615.100113987923
mexico/family/F3,2026-06-01,9617.0,9614.522610664368,9616.796034947038,9621.784839630127,9628.86836051941
mexico/family/F3,2026-07-01,9648.0,9616.262239992619,9616.515314340591,9617.705520033836,9619.95885682106
mexico/family/F4,2024-08-01,9535.0,9534.330409646034,9539.09671163559,9541.66326713562,9540.803458213806
mexico/family/F4,2024-09-01,9535.0,9535.505944252014,9536.758376717567,9534.188760817051,9546.727931022644
mexico/family/F4,2024-10-01,9549.0,9533.697093129158,9536.785791516304,9536.694348335266,9542.949944496155
mexico/family/F4,2024-11-01,9556.0,9545.190912246704,9563.590944290161,9566.090950012207,9546.225858211517
mexico/family/F4,2024-12-01,9556.0,9555.38732123375,9563.759289264679,9555.566254556179,9566.125316619873
mexico/family/F4,2025-01-01,9556.0,9556.319632470608,9560.701791763306,9556.113310486078,9555.530451893806
mexico/family/F4,2025-02-01,9556.0,9552.83625125885,9554.690913319588,9556.390851587057,9551.426883220673
mexico/family/F4,2025-03-01,9556.0,9556.238594442606,9567.063884735107,9557.124960899353,9553.490638256073
mexico/family/F4,2025-04-01,9570.0,9557.812977075577,9556.937070429325,9555.959996208549,9564.83945941925
mexico/family/F4,2025-05-01,9570.0,9570.974459588528,9581.892699241638,9585.021487236023,9570.903415858746
mexico/family/F4,2025-06-01,9570.0,9569.826816797256,9570.936381042004,9568.630684137344,9566.668318748474
mexico/family/F4,2025-07-01,9570.0,9569.862851828337,9572.695599794388,9571.103816628456,9569.780176535249
mexico/family/F4,2025-08-01,9570.0,9568.685941576958,9570.900873839855,9570.262530088425,9568.192351937294
mexico/family/F4,2025-09-01,9570.0,9568.778791189194,9569.92482443899,9570.248765736818,9568.203835725784
mexico/family/F4,2025-10-01,9594.0,9569.835369303823,9570.067682735622,9569.740248411894,9568.6061668396
mexico/family/F4,2025-11-01,9594.0,9596.503958463669,9621.489538192749,9620.168842315674,9594.582741379738
mexico/family/F4,2025-12-01,9594.0,9594.909126281738,9594.393812179565,9595.037267684937,9593.281008839607
mexico/family/F4,2026-01-01,9594.0,9594.305777341127,9596.671146392822,9593.285972893238,9594.50146484375
mexico/family/F4,2026-02-01,9594.0,9593.536077648401,9594.232220828533,9593.65732383728,9590.384496450424
mexico/family/F4,2026-03-01,9594.0,9593.199904620647,9596.066450119019,9592.783449053764,9598.730135440826
mexico/family/F4,2026-04-01,9594.0,9594.11222564429,9595.574397802353,9594.072022080421,9595.614218950272
mexico/family/F4,2026-05-01,9594.0,9594.436768621206,9593.96551271528,9594.340836793184,9594.991121411324
mexico/family/F4,2026-06-01,9594.0,9593.304541289806,9594.16178958118,9593.059095978737,9594.217950239778
mexico/family/F4,2026-07-01,9594.0,9593.431168615818,9593.885551832616,9594.099716946483,9594.357561737299
philippines/family/F1,2024-08-01,13574.0,13574.077040687203,13573.999999778654,13573.999999778654,13574.22395721078
philippines/family/F1,2024-09-01,13574.0,13577.485759019852,13573.999999778654,13573.999999778654,13572.673388719559
philippines/family/F1,2024-10-01,13574.0,13577.485759019852,13573.999999778654,13573.999999778654,13572.673388719559
philippines/family/F1,2024-11-01,13574.0,13577.485759019852,13573.999999778654,13573.999999778654,13572.673388719559
philippines/family/F1,2024-12-01,13574.0,13577.485759019852,13573.999999778654,13573.999999778654,13572.673388719559
philippines/family/F1,2025-01-01,13581.0,13577.485759019852,13573.999999778654,13573.999999778654,13572.673388719559
philippines/family/F1,2025-02-01,13581.0,13581.513717830181,13581.681083858013,13581.02682984434,13581.086903847754
philippines/family/F1,2025-03-01,13581.0,13581.368163049221,13583.721443414688,13606.345203399658,13581.33868637681
philippines/family/F1,2025-04-01,13710.0,13581.200812369585,13580.677313238382,13581.193467572331,13581.056157756597
philippines/family/F1,2025-05-01,13710.0,13719.523797988892,13722.330221176147,13717.512022972107,13711.663940787315
philippines/family/F1,2025-06-01,13710.0,13716.758206367493,13759.221431732178,14151.436157226562,13716.47764968872
philippines/family/F1,2025-07-01,13710.0,13713.662793397903,13703.546597480774,13713.361664295197,13711.032454609871
philippines/family/F1,2025-08-01,13710.0,13711.279577374458,13709.62023717165,13710.220210447907,13711.306905031204
philippines/family/F1,2025-09-01,13710.0,13709.967207193375,13710.124551080167,13710.16911740601,13714.334760665894
philippines/family/F1,2025-10-01,13901.0,13709.682919293642,13710.994902253151,13709.392679154873,13709.873245552182
philippines/family/F1,2025-11-01,13901.0,13916.732239723206,13968.280113220215,13879.01446723938,13907.855943202972
philippines/family/F1,2025-12-01,13901.0,13913.130186080933,13935.1236038208,13894.987587928772,13912.115962028503
philippines/family/F1,2026-01-01,13939.0,13906.897625923157,13899.090233564377,13908.204295158386,13903.165887594223
philippines/family/F1,2026-02-01,13939.0,13947.318127632141,13970.878009796143,13928.953120231628,13933.101068019867
philippines/family/F1,2026-03-01,13939.0,13942.520277738571,13940.286160588264,13929.701994895935,13950.311699867249
philippines/family/F1,2026-04-01,14000.0,13940.577244400978,13939.604889273643,13938.268648445606,13941.343411684036
philippines/family/F1,2026-05-01,14000.0,14006.509973049164,14045.39805984497,13951.39437866211,14001.44617664814
philippines/family/F1,2026-06-01,14000.0,14005.388334274292,14007.530046463013,14003.92984509468,14004.127995967865
philippines/family/F1,2026-07-01,14000.0,14000.993873894215,13999.399739265442,13999.854411676526,14002.227182388306
philippines/family/F2A,2024-08-01,17120.0,17167.81944656372,17140.353927612305,17126.923283100128,17127.96400165558
philippines/family/F2A,2024-09-01,17120.0,17161.694499969482,17140.63464164734,17115.654542922974,17222.591995239258
philippines/family/F2A,2024-10-01,17127.0,17154.27711868286,17114.32732772827,17123.50607275963,17183.14429473877
philippines/family/F2A,2024-11-01,17167.0,17162.931468963623,17142.25027370453,17185.880447387695,17113.162280082703
philippines/family/F2A,2024-12-01,17167.0,17200.746742248535,17194.33087348938,17238.74089050293,17224.266357421875
philippines/family/F2A,2025-01-01,17167.0,17194.761571884155,17167.020900521427,17164.66614675522,17218.287574768066
philippines/family/F2A,2025-02-01,17167.0,17190.424057006836,17171.620102405548,17201.16083908081,17183.53515625
philippines/family/F2A,2025-03-01,17167.0,17196.209383010864,17142.097255706787,17166.842997714877,17178.781262397766
philippines/family/F2A,2025-04-01,17167.0,17193.982095718384,17167.602522552013,17135.232988357544,17183.949047088623
philippines/family/F2A,2025-05-01,17167.0,17189.811616897583,17167.18120445311,17185.029806137085,17206.039657592773
philippines/family/F2A,2025-06-01,17167.0,17184.89295387268,17167.12843413651,17175.03264427185,17132.712562561035
philippines/family/F2A,2025-07-01,17410.0,17179.25582408905,17166.84072701633,17169.583789348602,17174.333257198334
philippines/family/F2A,2025-08-01,17410.0,17443.400318145752,17439.99718093872,17356.08564376831,17435.340688705444
philippines/family/F2A,2025-09-01,17410.0,17420.524850845337,17408.56374144554,17419.535663604736,17394.027619361877
philippines/family/F2A,2025-10-01,17928.0,17407.60429739952,17423.281430244446,17417.263653755188,17401.90708065033
philippines/family/F2A,2025-11-01,17928.0,17960.634246826172,18101.36247253418,18355.400756835938,17944.781843185425
philippines/family/F2A,2025-12-01,17928.0,17970.534381866455,17964.372509002686,17943.9875831604,17938.356865882874
philippines/family/F2A,2026-01-01,17928.0,17947.142820358276,17941.687596321106,17932.0510802269,17888.024642944336
philippines/family/F2A,2026-02-01,17928.0,17932.325669765472,17933.504457950592,17926.344230413437,17938.41236782074
philippines/family/F2A,2026-03-01,17928.0,17936.51344013214,17933.489685058594,17931.027048826218,18005.79665374756
philippines/family/F2A,2026-04-01,17928.0,17932.800062179565,17935.685848236084,17931.779204130173,17932.73697423935
philippines/family/F2A,2026-05-01,18110.0,17938.61958503723,17936.234092712402,17942.325179100037,17923.574910640717
philippines/family/F2A,2026-06-01,18263.0,18132.935829162598,18196.654411315918,18263.027709960938,18159.214473724365
philippines/family/F2A,2026-07-01,18263.0,18284.209619522095,18411.536331176758,18385.693328857422,18278.661784172058
philippines/family/F2B,2024-08-01,13443.0,13443.067410551012,13442.999335694942,13443.050282593817,13443.195962369442
philippines/family/F2B,2024-09-01,13443.0,13443.000001269846,13442.999335694942,13443.050282593817,13442.99999758245
philippines/family/F2B,2024-10-01,13443.0,13443.000001269846,13442.999335694942,13443.050282593817,13442.99999758245
philippines/family/F2B,2024-11-01,13443.0,13443.000001269846,13442.999335694942,13443.050282593817,13442.99999758245
philippines/family/F2B,2024-12-01,13443.0,13443.000001269846,13442.999335694942,13443.050282593817,13442.99999758245
philippines/family/F2B,2025-01-01,13443.0,13443.000001269846,13442.999335694942,13443.050282593817,13442.99999758245
philippines/family/F2B,2025-02-01,13443.0,13443.000001269846,13442.999335694942,13443.050282593817,13442.99999758245
philippines/family/F2B,2025-03-01,13443.0,13443.000001269846,13442.999335694942,13443.050282593817,13442.99999758245
philippines/family/F2B,2025-04-01,13535.0,13443.000001269846,13442.999335694942,13443.050282593817,13442.99999758245
philippines/family/F2B,2025-05-01,13552.0,13541.751447200775,13543.951386451721,13535.354066818953,13536.142181277275
philippines/family/F2B,2025-06-01,13552.0,13558.11569404602,13584.761241912842,13739.242538452148,13556.675976276398
philippines/family/F2B,2025-07-01,13619.0,13555.634040117264,13545.888362407684,13551.514116853476,13553.574231505394
philippines/family/F2B,2025-08-01,13619.0,13625.58622455597,13626.354697704315,13612.029341220856,13620.763590335846
philippines/family/F2B,2025-09-01,13635.0,13622.65276670456,13620.556253671646,13621.94787478447,13625.45736837387
philippines/family/F2B,2025-10-01,13788.0,13637.86509847641,13646.210090637207,13652.425472259521,13636.250861644745
philippines/family/F2B,2025-11-01,13788.0,13801.707172393799,13828.461444854736,13787.009122490883,13794.76299238205
philippines/family/F2B,2025-12-01,13795.0,13797.853149414062,13802.942350387573,13786.68904364109,13799.656106948853
philippines/family/F2B,2026-01-01,13870.0,13800.197442531586,13797.672566652298,13802.089264392853,13797.027006864548
philippines/family/F2B,2026-02-01,13870.0,13881.028697013855,13923.417255401611,13841.907512664795,13870.320375084877
philippines/family/F2B,2026-03-01,13870.0,13876.677749156952,13878.350163459778,13824.561267852783,13881.014481544495
philippines/family/F2B,2026-04-01,13977.0,13873.101030826569,13872.411858558655,13866.971040010452,13873.41110944748
philippines/family/F2B,2026-05-01,13977.0,13989.331723213196,14044.679710388184,13973.132718086243,13976.840373918414
philippines/family/F2B,2026-06-01,13977.0,13985.087906837463,13995.83862876892,13989.979952812195,13985.851874351501
philippines/family/F2B,2026-07-01,14014.0,13980.2726624012,13980.443748474121,13978.69878256321,13979.376789569855
philippines/family/F3,2024-08-01,10112.0,10116.107519626617,10120.404282569885,10130.295585632324,10113.688347935677
philippines/family/F3,2024-09-01,10112.0,10114.128057956696,10110.590025901794,10111.650199234486,10113.45419716835
philippines/family/F3,2024-10-01,10112.0,10112.579313635826,10111.55639860034,10111.621105760336,10114.108986616135
philippines/family/F3,2024-11-01,10112.0,10111.920850209892,10111.565561622381,10111.431696772575,10112.78998273611
philippines/family/F3,2024-12-01,10112.0,10112.437703341246,10111.899223774672,10112.116182275116,10114.577103376389
philippines/family/F3,2025-01-01,10173.0,10112.897151589394,10112.1254606843,10112.189717277884,10113.467288732529
philippines/family/F3,2025-02-01,10173.0,10178.14746427536,10195.705659866333,10178.402303695679,10174.896379709244
philippines/family/F3,2025-03-01,10248.0,10178.129061222076,10184.141243934631,10182.97432422638,10173.087751790881
philippines/family/F3,2025-04-01,10307.0,10256.818117141724,10272.431688308716,10267.5530834198,10249.67795598507
philippines/family/F3,2025-05-01,10491.0,10317.13897228241,10334.283926010132,10402.616073608398,10312.386016368866
philippines/family/F3,2025-06-01,10491.0,10509.869041442871,10544.991088867188,10517.870376586914,10496.913209915161
philippines/family/F3,2025-07-01,10561.0,10502.635496139526,10508.119276046753,10500.076946258545,10499.24799823761
philippines/family/F3,2025-08-01,10561.0,10572.165534973145,10632.068382263184,10577.1640625,10567.983092308044
philippines/family/F3,2025-09-01,10713.0,10566.053478717804,10560.258798837662,10554.325505256653,10567.219489097595
philippines/family/F3,2025-10-01,10857.0,10727.04208946228,10794.219108581543,10868.868606567383,10723.653031349182
philippines/family/F3,2025-11-01,10857.0,10880.003190994263,10961.149360656738,11004.252014160156,10865.086821556091
philippines/family/F3,2025-12-01,10897.0,10872.846086502075,10875.956071853638,11010.704299926758,10876.078647613525
philippines/family/F3,2026-01-01,11017.0,10910.628001213074,10939.889064788818,10937.769180297852,10898.52250134945
philippines/family/F3,2026-02-01,11017.0,11032.23725605011,11129.59555053711,11117.024955749512,11023.971301078796
philippines/family/F3,2026-03-01,11017.0,11030.727884292603,11028.607712745667,11039.2494430542,11021.033557891846
philippines/family/F3,2026-04-01,11139.0,11023.911982059479,11023.379889011383,11021.363494873047,11026.552674293518
philippines/family/F3,2026-05-01,11283.0,11155.193830490112,11251.189582824707,11226.396743774414,11144.132960319519
philippines/family/F3,2026-06-01,11283.0,11302.020526885986,11402.068237304688,11374.481948852539,11289.324731349945
philippines/family/F3,2026-07-01,11375.0,11298.006281852722,11285.642370939255,11283.133757412434,11280.234507322311
philippines/family/F4,2024-08-01,10623.0,10636.264151573181,10658.514987945557,10670.496730804443,10640.228946685791
philippines/family/F4,2024-09-01,10623.0,10630.201646327972,10626.57599902153,10625.19119477272,10628.36261177063
philippines/family/F4,2024-10-01,10623.0,10627.950568675995,10622.579260975122,10621.020956516266,10636.439289093018
philippines/family/F4,2024-11-01,10623.0,10627.803395748138,10626.358825445175,10620.494184017181,10626.211597681046
philippines/family/F4,2024-12-01,10623.0,10624.76469027996,10624.959796786308,10626.631120920181,10630.491599559784
philippines/family/F4,2025-01-01,10713.0,10631.82947731018,10637.580492973328,10625.669709205627,10613.788694381714
philippines/family/F4,2025-02-01,10713.0,10725.132011413574,10796.69376373291,10808.63623046875,10721.29335308075
philippines/family/F4,2025-03-01,10880.0,10723.533670425415,10728.332496643066,10714.660405397415,10716.541671037674
philippines/family/F4,2025-04-01,10958.0,10897.698554992676,10921.223812103271,10873.303299427032,10868.29462814331
philippines/family/F4,2025-05-01,11109.0,10975.693662643433,11032.951713562012,11020.631652832031,10961.885076999664
philippines/family/F4,2025-06-01,11109.0,11129.272552490234,11274.644348144531,11105.345476388931,11119.237927436829
philippines/family/F4,2025-07-01,11323.0,11118.269043922424,11132.879299163818,11290.969635009766,11106.84288597107
philippines/family/F4,2025-08-01,11323.0,11343.485834121704,11481.113510131836,11397.280967712402,11328.717653751373
philippines/family/F4,2025-09-01,11323.0,11334.236336708069,11337.182121276855,11330.115406513214,11332.809309959412
philippines/family/F4,2025-10-01,11403.0,11327.571212291718,11327.010641098022,11360.84133529663,11329.313684940338
philippines/family/F4,2025-11-01,11403.0,11414.218654632568,11483.060287475586,11504.162117004395,11402.700172692537
philippines/family/F4,2025-12-01,11518.0,11408.51713180542,11421.289310455322,11416.775026321411,11414.79932308197
philippines/family/F4,2026-01-01,11525.0,11535.853963851929,11631.517059326172,11525.114468097687,11520.78128361702
philippines/family/F4,2026-02-01,11525.0,11538.90462398529,11540.915675163269,11521.133113145828,11530.683811187744
philippines/family/F4,2026-03-01,11566.0,11537.085012435913,11572.371353149414,11526.065020561218,11528.074446439743
philippines/family/F4,2026-04-01,11719.0,11570.320648670197,11606.885822296143,11578.191017150879,11570.992862701416
philippines/family/F4,2026-05-01,11883.0,11739.976301193237,11824.567626953125,11766.891258239746,11712.638499736786
philippines/family/F4,2026-06-01,11883.0,11905.437240600586,12020.423446655273,12062.597381591797,11894.377861976624
philippines/family/F4,2026-07-01,11900.0,11894.337633132935,11896.440466880798,12020.007034301758,11898.756856918335
