run_id,model,country,category,table,sel_mase,sel_smape,sel_mae,sel_rmse,hold_mase,hold_smape,hold_mae,hold_rmse,hold_msis,hold_interval_score,hold_coverage,secs
20260618T023105-f10f176,naive,all_chargeability,EB3,DFF,1.3089138401063587,2.2434257806993316,371.9496828968903,404.38205135759534,0.24403931389524103,0.4816658156565518,84.99348958333333,108.2156699632079,3.9222247579764122,1366.024038461539,1.0,0.0
20260618T023105-f10f176,arima,all_chargeability,EB3,DFF,0.07237775838787601,0.1232555445644701,20.567346341888108,59.776430422171494,0.0461450939593497,0.09066231713133245,16.07131449500609,32.076409777448426,1.0273533468097,357.8044233395776,1.0,2.3
20260618T023105-f10f176,prophet,all_chargeability,EB3,DFF,0.22002725855166888,0.36966624155258054,62.52441263843259,99.49227021234105,0.20676727476770015,0.40786901103003265,72.01246362168801,88.4982518826454,1.33124088642136,463.6417247982099,1.0,62.0
20260618T023105-f10f176,ets,all_chargeability,EB3,DFF,0.07417552774809887,0.12673712320407765,21.078212468418105,58.14077898092839,0.046326111311321826,0.09102228583953816,16.134358830665253,32.238647557360835,0.7188454504484161,250.3579539276252,1.0,0.6
20260618T023105-f10f176,theta,all_chargeability,EB3,DFF,0.08740664388571874,0.14813948747460395,24.838054637525083,50.04075003471337,0.06603583687939153,0.13005658208344986,22.99881983910427,31.202822037398885,0.5197943768010324,181.03287230629817,0.9583333333333334,0.1
20260618T023105-f10f176,kalman,all_chargeability,EB3,DFF,0.12304769010212646,0.2083479261513633,34.96605193735427,74.1163749940325,0.0896364781055435,0.1767104666283977,31.218400619748536,35.42469515445237,1.2483063243758528,434.7574531503269,1.0,0.5
20260618T023105-f10f176,lstm,all_chargeability,EB3,DFF,2.2721914007907613,3.89633789950826,645.2868875852519,679.782844763702,0.5823966425689117,1.1637204754135526,202.83585535237975,271.53778337392765,5.740898438449447,1999.4278128350488,1.0,3.3
20260618T023105-f10f176,deepar,all_chargeability,EB3,DFF,1.6567864655276119,2.862005948553172,470.5160759615659,570.9950523052502,0.5655326526307167,1.1156303298406611,196.96250105438867,280.17725941890245,7.037518083873869,2451.0117259673134,1.0,3.3
20260618T023105-f10f176,dlinear,all_chargeability,EB3,DFF,0.6318166636487916,1.049717200149366,179.54123525353165,207.04314550365226,0.6520136052924318,1.2798946359658787,227.0819020307637,256.9161521638274,2.668582612532906,929.4082369775218,0.7916666666666666,1.2
20260618T023105-f10f176,nlinear,all_chargeability,EB3,DFF,0.10819472121925504,0.18596268003997207,30.74533327980498,57.277919986845156,0.09725568408910755,0.19191580831579802,33.872001361616334,43.9529272604447,0.6082139080946453,211.82743729672802,1.0,1.2
20260618T023105-f10f176,nbeats,all_chargeability,EB3,DFF,0.33647763545380427,0.5584386622967783,95.6157280747894,131.53435570241325,0.32561460278082044,0.6412204296949467,113.40435648623816,147.38320180544537,1.6164705883895447,562.9809145219479,1.0,29.8
20260618T023105-f10f176,nhits,all_chargeability,EB3,DFF,0.301815222252514,0.4990108587545475,85.76582565675609,123.08971814492938,0.31763917342811704,0.6273753811262205,110.6266910322917,120.16555099819433,1.6257918513734408,566.2273040305881,1.0,4.7
20260618T023105-f10f176,tide,all_chargeability,EB3,DFF,0.37199893805277234,0.6176008441726338,105.70969822999616,135.9331278838029,0.23623013885641467,0.46534937507240554,82.27372682575636,116.01858038603042,1.8399694169692575,640.8206078712392,1.0,1.8
20260618T023105-f10f176,rlinear,all_chargeability,EB3,DFF,88.10598039554307,38.333766790220395,25036.782762400162,73415.77048224147,0.04903532786019669,0.09639735670886966,17.07791896796607,32.10558638571705,1164.419992827359,405541.7012583528,1.0,0.1
20260618T023105-f10f176,xgboost,all_chargeability,EB3,DFF,0.0923768849606299,0.15685293004502937,26.234406379814914,80.29240595607037,0.059273172285807994,0.11663941675124945,20.643533498080313,34.492350264354315,1.9060624685745307,663.8393543325365,1.0,8.6
20260618T023105-f10f176,lightgbm,all_chargeability,EB3,DFF,0.05945099647931322,0.10048997830740611,16.883678227382973,47.74627719214514,0.07240102089871298,0.14255211665009385,25.21567249701017,34.028302588386104,0.5541279675572709,192.9905017624745,0.9166666666666666,2.1
20260618T023105-f10f176,tft,all_chargeability,EB3,DFF,2.6272506883809923,4.53950393737628,746.5770706149322,965.624005007341,2.062908263273058,4.2549242542502865,718.4652717927925,1026.889407587411,12.932809829661398,4504.211309217226,0.9166666666666666,8.1
20260618T023105-f10f176,chronos,all_chargeability,EB3,DFF,0.1524300403075819,0.25545286256176936,43.3155364540712,67.97959338059255,0.10734318308151547,0.21178612339426628,37.38525390625,40.203592889986,0.9444456469939455,328.92950721154193,1.0,1.1
20260618T023105-f10f176,naive,all_chargeability,EB3_OW,DFF,1.5883366384443645,2.721150176157919,451.35232809127353,484.870906943522,0.5606827919408862,1.3465085483669668,228.875,244.37888956836403,3.889253967560701,1587.6231884057997,1.0,0.0
20260618T023105-f10f176,arima,all_chargeability,EB3_OW,DFF,0.1710557746300641,0.29193787712819297,48.608349290709896,141.858673411301,0.10272364079753303,0.2460911927920709,41.93257511283522,66.17633416147757,1.6724971125072585,682.7261013308525,1.0,2.9
20260618T023105-f10f176,prophet,all_chargeability,EB3_OW,DFF,0.5585318804912093,0.949953926745047,158.716142706252,281.1586728631016,0.30343440225731233,0.7308352705969282,123.8642416262428,162.18560010536754,4.187889197053613,1709.5283710378299,1.0,65.4
20260618T023105-f10f176,ets,all_chargeability,EB3_OW,DFF,0.1334326558311157,0.22751189080695866,37.91711303200872,133.1932698102233,0.07056694466217146,0.1685475279876988,28.805966032318185,54.81030806760186,1.3048350062446943,532.6436201483084,1.0,0.7
20260618T023105-f10f176,theta,all_chargeability,EB3_OW,DFF,0.13951820948832205,0.23724220899763954,39.64642452959819,127.86917868780019,0.07063259573107077,0.16874325620094566,28.832765300300554,54.44801944062435,0.9446298055531099,385.6051048000821,0.9583333333333334,0.2
20260618T023105-f10f176,kalman,all_chargeability,EB3_OW,DFF,0.18474389191685053,0.3140681052824402,52.498055953038374,141.74109923922748,0.08131205684337454,0.19417821238351998,33.19220293101034,52.981815255242815,1.237981490144633,505.35350403036136,1.0,0.6
20260618T023105-f10f176,lstm,all_chargeability,EB3_OW,DFF,1.8263791769526163,3.1630328222317923,518.6792513324874,599.9923990171116,0.24008613995703976,0.5719966072474267,98.00499689396732,131.8695704184039,4.922225052460759,2009.2898784750523,1.0,3.8
20260618T023105-f10f176,deepar,all_chargeability,EB3_OW,DFF,1.7036872645047436,2.9491655204411664,483.83558354648267,587.6136198226893,0.5594520950170444,1.3364236990433913,228.37262011159783,287.185139458117,6.021541248418904,2458.0391498392564,1.0,4.0
20260618T023105-f10f176,dlinear,all_chargeability,EB3_OW,DFF,0.9603557446013236,1.6152227148821154,272.9010907575429,403.10942688846217,0.22996334834130064,0.5492093098235838,93.87279600541827,132.80246461219232,5.581779807768365,2278.5251694289145,1.0,1.5
20260618T023105-f10f176,nlinear,all_chargeability,EB3_OW,DFF,0.22341573002967163,0.3827468561781961,63.4873032834317,141.48293267471382,0.07148415915174285,0.1711094519744126,29.180379995646643,61.600943817336244,1.431858505763054,584.4955832728156,1.0,1.3
20260618T023105-f10f176,nbeats,all_chargeability,EB3_OW,DFF,0.690285127884622,1.156581671125702,196.15602384054685,332.58799664953216,0.2543967680233192,0.6062090524408037,103.84670462202439,138.07539151154973,4.394931443022759,1794.0445979085562,1.0,36.0
20260618T023105-f10f176,nhits,all_chargeability,EB3_OW,DFF,0.7572434154360799,1.2719780795500053,215.18333721975273,355.8327951599297,0.4756238445922582,1.150162118440005,194.15328773373562,243.40941337327158,4.673726607769147,1907.850914507724,1.0,5.1
20260618T023105-f10f176,tide,all_chargeability,EB3_OW,DFF,0.6395306359178677,1.076197146007231,181.7332890399941,287.7133399450842,0.31683241867834105,0.7601266571223766,129.33341430719474,145.09753138082283,3.7249215637140947,1520.5414454470156,1.0,1.9
20260618T023105-f10f176,rlinear,all_chargeability,EB3_OW,DFF,83.27095218680978,36.526966111797584,23662.828913085115,71293.36399735083,0.106565196874654,0.2556508021695459,43.50072765789097,71.5192320517884,990.7424486923155,404428.6380887556,1.0,0.1
20260618T023105-f10f176,xgboost,all_chargeability,EB3_OW,DFF,0.29030627443989643,0.49985799503963735,82.44500538757272,233.11168103356692,0.13626364239931854,0.3238789256020555,55.623860054959856,79.75236575764316,4.630201349490688,1890.0835714901186,1.0,9.6
20260618T023105-f10f176,lightgbm,all_chargeability,EB3_OW,DFF,0.15924587105209256,0.2705223025197172,45.22474315158714,130.14044621419347,0.14231187043374602,0.3392420589170901,58.09279295476881,79.00748376160918,1.2244473261075939,499.828754852213,0.9583333333333334,2.3
20260618T023105-f10f176,tft,all_chargeability,EB3_OW,DFF,2.3567224236896056,4.10182993819467,669.7019553984629,825.8602671355051,1.0393863851338658,2.522888253809018,424.2854646457469,527.8141840920049,8.35058289726733,3408.7717477399688,1.0,8.6
20260618T023105-f10f176,chronos,all_chargeability,EB3_OW,DFF,0.23835417063698214,0.40447179719129006,67.7323101560091,148.12077775811494,0.0991400514610453,0.23701176480528074,40.4697265625,64.6132318294991,0.9801473973123885,400.10365715579974,1.0,0.9
20260618T023105-f10f176,naive,china,EB1,DFF,0.39654344488859333,1.3783366930100145,236.0166240409207,245.30263466855865,0.3664701839317466,0.8003944760143343,140.95833333333334,189.66582454411758,2.279350440876168,876.7246376811454,0.7916666666666666,0.0
20260618T023105-f10f176,arima,china,EB1,DFF,0.031615168786014274,0.10877286298392908,18.816867361041123,32.52241346635786,0.046835600338426285,0.10166991508258645,18.014748412930203,39.35974787758791,0.7875319321834762,302.9146530186408,1.0,1.1
20260618T023105-f10f176,sarima,china,EB1,DFF,0.8919365639794091,6.050772984077113,530.8670699328316,2927.639782687545,0.049903073266410185,0.10848954006585242,19.194614853454215,33.74532654993486,88.7438760336538,34134.260869565216,1.0,6.3
20260618T023105-f10f176,prophet,china,EB1,DFF,0.09102042630555977,0.3130246711647833,54.173972643625405,107.7731395191903,0.2303731772778285,0.5018761830841004,88.61026227398406,107.94941575493449,2.8990907356804883,1115.1002624533794,1.0,21.9
20260618T023105-f10f176,ets,china,EB1,DFF,0.02523151337662401,0.08637207063266869,15.017412803954358,29.568898577331684,0.049086327468505976,0.10654005566052362,18.88046343956724,38.514077414344996,0.7480995428211574,287.7474603585724,1.0,0.4
20260618T023105-f10f176,theta,china,EB1,DFF,0.026299356123183234,0.08997323450485183,15.652976556925482,27.630135013165212,0.06666055180421257,0.14521366249206988,25.640176727589278,38.158773671673266,0.6956602060033834,267.57730234016344,1.0,0.1
20260618T023105-f10f176,kalman,china,EB1,DFF,0.05903021114583334,0.2028007428716498,35.13388338817822,39.47466138764845,0.09634160857843753,0.20993597529137134,37.056636996144185,42.27105747388069,0.5852150313190846,225.09589885685273,1.0,0.3
20260618T023105-f10f176,lstm,china,EB1,DFF,0.740998190480422,2.523917294286299,431.14625322664426,434.1482882234185,0.4637850778136039,1.0171479223433426,178.3893327748912,237.8890359896956,2.670016859441585,1026.9897606427985,1.0,1.6
20260618T023105-f10f176,deepar,china,EB1,DFF,0.7237474917397502,2.4581498736735887,421.1090166677262,542.148403646515,0.44287870600796997,0.9783718548679309,170.3479491781345,275.6963743844185,6.716258250323598,2583.3276776977436,1.0,1.6
20260618T023105-f10f176,dlinear,china,EB1,DFF,0.8020122224377912,2.7158421917950326,477.3454702611537,571.6131782891689,0.2297079433772692,0.5011316544984529,88.35438808281894,97.03772338137269,5.396807709168056,2075.8169514453475,1.0,0.7
20260618T023105-f10f176,nlinear,china,EB1,DFF,0.08058529101972442,0.27843879695508394,47.96313891703315,55.878622888722106,0.09396685809968054,0.2052013628645295,36.14321788527195,53.58458319989673,0.920968081662341,354.2392574793994,1.0,0.7
20260618T023105-f10f176,nbeats,china,EB1,DFF,0.12987414555292454,0.44811678429461915,77.29911508740749,93.73213832440443,0.2546176739135224,0.5542323627775638,97.93561529890985,114.35743977256516,1.21787991600154,468.442811139282,0.875,15.0
20260618T023105-f10f176,nhits,china,EB1,DFF,0.06393241927509388,0.2195324687247637,38.05160306789474,49.510765160532245,0.2694749469453906,0.5869801791530874,103.65028605870202,111.94948292697238,1.2959132022519124,498.45737291444675,0.75,2.5
20260618T023105-f10f176,tide,china,EB1,DFF,0.5968443582896342,2.005865128496895,355.2326796398424,642.2753598401885,0.1766376362876487,0.38436218363232216,67.94153496450265,80.96506455053218,9.425565105663248,3625.4298610731275,1.0,1.1
20260618T023105-f10f176,rlinear,china,EB1,DFF,0.05226699836003972,0.17903108601011627,31.10852205652929,45.8467425439491,0.1672711129604072,0.3634688121968111,64.33881481092628,90.3230559159841,1.2374061215285106,475.95333043413,0.875,0.1
20260618T023105-f10f176,xgboost,china,EB1,DFF,0.024052903815520544,0.08025239492750509,13.995067049433684,39.84145865713971,0.05981804553091794,0.12970419298164781,23.008289271538768,45.8677769567292,0.7955420183426882,305.9956359863281,1.0,5.4
20260618T023105-f10f176,lightgbm,china,EB1,DFF,0.026449939136318806,0.08847095255038899,15.389770586758184,28.088308682185076,0.0593235657632688,0.1291425369878627,22.818093596771785,38.82773925163132,0.6999063409946882,269.210526918112,1.0,0.9
20260618T023105-f10f176,catboost,china,EB1,DFF,0.02475298931453117,0.08251836253368687,14.40240844879802,33.148081639905826,0.0631474821025169,0.13728350300892023,24.28891686594913,42.25275017110108,0.7659983835804364,294.63203343613714,1.0,11.6
20260618T023105-f10f176,tft,china,EB1,DFF,0.6564417930220061,2.2900522145968876,390.70416587506514,457.32654663882573,1.2358293418849413,2.7454010277175507,475.34684117433017,584.0585878366545,6.306272814784685,2425.631728017785,0.9166666666666666,4.2
20260618T023105-f10f176,chronos,china,EB1,DFF,0.04383898019619311,0.15080190447952266,26.092293897858113,41.271535766907505,0.11335403219179106,0.24543852466072447,43.600260416666664,63.001232609472865,0.9585109989242011,368.6796875,1.0,0.5
20260618T023105-f10f176,naive,china,EB2,DFF,1.30138847858198,2.3739476692433694,367.1,453.16608434436046,0.8510821244135071,1.7487088801534467,293.9583333333333,317.056580124116,5.280931407275079,1824.0,1.0,0.0
20260618T023105-f10f176,arima,china,EB2,DFF,0.1517887239266147,0.2743158718038179,42.81706920763255,70.9409517401948,0.10939823731242647,0.22343418524720549,37.785452881090954,74.57682516536292,1.7365933887740703,599.8082718439122,0.9583333333333334,2.9
20260618T023105-f10f176,prophet,china,EB2,DFF,0.5369947745665249,0.9573207010418835,151.4772759923072,179.00175431931592,0.24014923570826388,0.48949224230082283,82.94601314617239,107.89190677214943,1.87730068930281,648.4076753148333,1.0,18.2
20260618T023105-f10f176,ets,china,EB2,DFF,0.15689639479403247,0.28288694595121816,44.25785803148332,68.96676922171451,0.10124534673160779,0.20696166266170257,34.96949651420331,70.52529250176963,1.68378809113628,581.5696590949107,0.9583333333333334,0.6
20260618T023105-f10f176,theta,china,EB2,DFF,0.1474874464034899,0.26636256108256195,41.603750506317766,68.25700667271268,0.09363831581090827,0.1914574966772927,32.34207658971021,70.88679769333179,1.7076150426175367,589.7993360496124,0.9583333333333334,0.1
20260618T023105-f10f176,kalman,china,EB2,DFF,0.18005524901100411,0.3242545347847058,50.79058482518742,69.99556198362221,0.11929892084551719,0.24369247157377652,41.20508577756815,70.90511924370193,1.6413904532535535,566.9257855934375,0.9583333333333334,0.5
20260618T023105-f10f176,lstm,china,EB2,DFF,1.9183616073929048,3.632744046245861,563.7681091806269,586.4837980295212,1.3226928086479586,2.736776829016464,456.84965338694974,479.48929863836554,5.237523252914897,1809.007100557319,1.0,3.4
20260618T023105-f10f176,deepar,china,EB2,DFF,1.5453298372488036,2.9305354071540584,454.14153257067846,550.3580364958432,0.781341909956765,1.6132176419208462,269.8705084102797,321.547811080128,5.697836868669622,1967.9964852669855,1.0,3.5
20260618T023105-f10f176,dlinear,china,EB2,DFF,0.8663504900716609,1.5528638645002357,244.38303407438096,370.756748309185,0.28077411554960685,0.5732777013074764,96.97758733562857,108.90864344700029,5.582880357042652,1928.2912399159977,1.0,1.3
20260618T023105-f10f176,nlinear,china,EB2,DFF,0.16866503567251068,0.30483694126103467,47.577595479287396,74.85662811115662,0.09150339526198943,0.18679235716487189,31.604688659266078,76.05323882157866,1.8089495816104695,624.7996390015651,0.9583333333333334,1.3
20260618T023105-f10f176,nbeats,china,EB2,DFF,0.7003270280557006,1.2654920854218967,197.5505824973789,299.6983098283239,0.14742252256805063,0.3009828045110335,50.91879830017979,78.01135925123205,4.276336363113573,1477.0192840554082,1.0,31.6
20260618T023105-f10f176,nhits,china,EB2,DFF,0.9280667421529677,1.6729715593450647,261.79216018231637,349.04984463056365,0.2654131240266621,0.5409729239032154,91.67199891248553,115.06728334085352,4.589376029867179,1585.1411868265714,1.0,5.2
20260618T023105-f10f176,tide,china,EB2,DFF,0.6696328194510524,1.209149446912877,188.89225782015097,261.6668496891701,0.13838845819094123,0.283298349739337,47.798490128566904,75.29052269386987,3.8838931550589986,1341.4719049500054,1.0,1.8
20260618T023105-f10f176,rlinear,china,EB2,DFF,0.6707589120456342,1.1744296187910288,189.2099097728726,576.7487060896639,0.14370641532325337,0.2927610162792285,49.6352785776603,79.07667680842513,5.479866664146934,1892.7109679240268,1.0,0.1
20260618T023105-f10f176,xgboost,china,EB2,DFF,0.2103916033692356,0.39389672182723307,61.82988439815096,96.84983609473588,0.10582929375852125,0.21587415841608484,36.552762558062874,65.05490501819526,1.7699262813895293,611.3212401901474,1.0,11.7
20260618T023105-f10f176,lightgbm,china,EB2,DFF,0.17925475244563596,0.3338680492322017,52.679386648723494,73.06887248749517,0.12601510798357662,0.25754516118457227,43.52481394577429,74.83086576927491,1.6750385695046879,578.5476301713692,0.9583333333333334,3.0
20260618T023105-f10f176,catboost,china,EB2,DFF,0.17469740319325958,0.32731348490112244,51.34007285043513,74.2958375574342,0.11210244766389828,0.22877207853512727,38.71946987557218,66.78640955582564,1.467048251984021,506.7091020975022,0.9583333333333334,21.1
20260618T023105-f10f176,tft,china,EB2,DFF,2.9108343907166403,5.357510593573261,821.0978677146524,1020.4792687535127,2.009439408514972,4.2490555625011135,694.047545492081,894.0270403259304,12.03073806181454,4155.340134605667,0.9166666666666666,8.5
20260618T023105-f10f176,chronos,china,EB2,DFF,0.21416726564148558,0.3833180998725618,60.413016183035715,77.93319787038308,0.2391898999930057,0.486096192351037,82.61466471354167,101.30289828615808,1.6779029796921947,579.5369791666648,0.9166666666666666,0.7
20260618T023105-f10f176,naive,china,EB3,DFF,1.367191407974106,2.438400778844404,387.2,478.8132054510253,0.8609480546296568,1.8392291595802657,310.5,346.3587975880888,5.734108138402997,2068.0,1.0,0.0
20260618T023105-f10f176,sarima,china,EB3,DFF,0.22006045358051143,0.39332206084922533,62.322954291114,109.94235129983004,0.13392338202259138,0.28487823733365514,48.299325254764575,92.89802445090503,1.9360180326618617,698.2228438858486,0.9583333333333334,11.0
20260618T023105-f10f176,prophet,china,EB3,DFF,0.8175520123624408,1.4624153979091348,231.53754283447955,265.12584786702575,0.7464347082820599,1.5834170562854843,269.200883462448,308.35970920626795,2.865702811489138,1033.5126703435453,1.0,16.1
20260618T023105-f10f176,ets,china,EB3,DFF,0.18740941890046192,0.3340214503936177,53.07590917776831,97.7965586970687,0.11586064017974358,0.2465362363717425,41.785016624824344,90.9569378309953,1.931326571182823,696.5308732943498,0.9583333333333334,0.7
20260618T023105-f10f176,theta,china,EB3,DFF,0.17888642071155914,0.3191579760956887,50.66212506568614,97.87616339544596,0.10107560834514813,0.21515959553526245,36.452810622434754,89.7074850605036,1.951851034450411,703.93299913727,0.9583333333333334,0.1
20260618T023105-f10f176,kalman,china,EB3,DFF,0.2881672859785333,0.5147832350543827,81.61137678317046,122.31470227512365,0.1510255547758107,0.321314546964786,54.467205664412326,94.53218689956293,1.8921322970705696,682.3955000318019,0.9583333333333334,0.5
20260618T023105-f10f176,lstm,china,EB3,DFF,1.9133383264392934,3.315614756694669,522.0352289856968,599.7747695392588,1.229875909439027,2.6551305239752407,443.5534383605581,487.45212195757574,5.918476740700874,2134.4923402819186,1.0,3.1
20260618T023105-f10f176,deepar,china,EB3,DFF,1.6707570446228663,2.9075842769850606,455.84935205490274,570.5409178718096,0.9769192413809048,2.1034677853391988,352.32488512823465,443.9621804101867,6.328335813102995,2282.3075787234534,0.9583333333333334,3.2
20260618T023105-f10f176,dlinear,china,EB3,DFF,0.8415977021703026,1.4914962777848308,238.3474825688144,287.70161889318825,0.4688388841902615,0.9903010103744796,169.0862448184474,187.28934059108727,3.2137937381564887,1159.051292736629,1.0,1.3
20260618T023105-f10f176,nlinear,china,EB3,DFF,0.2258505655631698,0.40345728145377857,63.96276225553603,105.19052857193083,0.09928871279740896,0.21152904917103635,35.80836864409533,95.62715317461327,2.0723141131148846,747.377880305401,0.9583333333333334,1.3
20260618T023105-f10f176,nbeats,china,EB3,DFF,0.9981311606493128,1.7617537313002223,282.6790624555576,357.6216131090085,0.4667622893794194,0.9958344507326405,168.33732310906058,209.88849747171787,4.054408966799614,1462.2182806752523,1.0,29.6
20260618T023105-f10f176,nhits,china,EB3,DFF,0.756264201040448,1.3378463260755988,214.1803239363302,294.24351732047126,0.4757979725154405,1.0207515129997293,171.59603261963775,198.28656347673294,3.6519249023207205,1317.0628309954761,1.0,4.6
20260618T023105-f10f176,tide,china,EB3,DFF,0.7893157612647395,1.416806723481856,223.54080122151805,273.6520553952675,0.18058698200284207,0.3838351173319136,65.12850294551436,100.15300293819956,2.9485874098683507,1063.4049125739039,1.0,1.7
20260618T023105-f10f176,rlinear,china,EB3,DFF,0.39552257201697627,0.7158771681553434,112.01528841664116,200.98372298505168,0.17091611819541663,0.3624699807088326,61.64071620151935,92.6493960085611,2.7693373429018395,998.7585666139921,1.0,0.1
20260618T023105-f10f176,xgboost,china,EB3,DFF,0.2587473424883765,0.4423392021144272,70.59662492452865,122.06702029742334,0.10552773527510861,0.22552377965488904,38.05846546341976,61.257459743314556,1.6785677058884245,605.3736574183349,1.0,11.9
20260618T023105-f10f176,lightgbm,china,EB3,DFF,0.20743471964358334,0.354742156162535,56.59648890755528,100.72582848928043,0.15309602942920517,0.3253814476973959,55.21392014552642,104.73642346019807,2.0349866486055825,733.91576994019,0.9166666666666666,2.7
20260618T023105-f10f176,catboost,china,EB3,DFF,0.23860821744068433,0.4072364164073432,65.10186604651632,108.37978510719661,0.12446159000559037,0.26453607523238093,44.88694002956936,80.62594056583426,1.8125987198300126,653.7118000101837,1.0,19.8
20260618T023105-f10f176,tft,china,EB3,DFF,2.3658539448519007,4.285859676124483,670.0295526315986,850.3695052850856,2.8073183371454746,6.242838723257762,1012.4563717826462,1196.728029902593,11.599574143864126,4183.374075012104,0.9166666666666666,8.1
20260618T023105-f10f176,chronos,china,EB3,DFF,0.23005030120956727,0.40883565030801183,65.15216238839285,104.0444837376464,0.1752169681188731,0.37114259846326575,63.191813151041664,101.21279636032024,1.9352114928087176,697.9319661458334,0.9583333333333334,0.8
20260618T023105-f10f176,naive,china,EB3_OW,DFF,1.2055238792697598,3.9862264444016446,548.7142857142857,904.7535891848438,0.7055462088350158,2.345369127157357,370.2916666666667,416.1843041249874,8.23831724281718,4323.714285714284,1.0,0.0
20260618T023105-f10f176,prophet,china,EB3_OW,DFF,0.6184121987773173,1.9636478958522576,281.48061914347574,445.1893373116783,0.2993259597638607,0.9862334467589334,157.0951797764926,165.86549086537877,4.25831473097126,2234.8904142312354,1.0,18.9
20260618T023105-f10f176,ets,china,EB3_OW,DFF,0.1368965174651472,0.4435439662410125,62.310731532886166,232.23469604154005,0.09733505938730884,0.32058749922458596,51.084338508654206,100.00110945492597,1.3162221926731252,690.7926133333613,0.9166666666666666,0.7
20260618T023105-f10f176,theta,china,EB3_OW,DFF,0.11318782184464107,0.3711418862887208,51.51932357628581,228.9165151013549,0.09446572250719275,0.3114366434380449,49.578425044360074,97.91913559677891,1.3486570580336013,707.8153968194647,0.9166666666666666,0.1
20260618T023105-f10f176,kalman,china,EB3_OW,DFF,0.1580648296800338,0.5221964516928858,71.9458416426954,233.77813717718837,0.11859612342968368,0.39078200397394475,62.24277822638313,96.84275485305125,1.2777512677608076,670.6019259969328,1.0,0.6
20260618T023105-f10f176,lstm,china,EB3_OW,DFF,1.6340145173562248,5.14600371617529,713.9989835039761,1015.665306180012,1.4643290638834838,4.939818606758554,768.5235110385935,795.637097267595,8.402432598374267,4409.84691285315,1.0,3.2
20260618T023105-f10f176,deepar,china,EB3_OW,DFF,2.0242757764127104,6.415438466304137,884.5275432612979,1197.051949705796,1.88158654787648,6.505335481837279,987.5126675844496,1202.3918095473784,11.578058310018882,6076.509879430549,0.9583333333333334,3.3
20260618T023105-f10f176,dlinear,china,EB3_OW,DFF,0.8471305605019552,2.6926787781089403,385.58559345513993,538.658173632666,0.4276310436399951,1.4083007474464608,224.43350964825018,303.49022807822894,4.895197291758161,2569.145353102097,1.0,1.3
20260618T023105-f10f176,nlinear,china,EB3_OW,DFF,0.2136274186699816,0.7133708894877777,97.23608006462,239.63072136220686,0.0784222795445778,0.25841025674449564,41.15834828778937,102.9624824472018,1.3926919295040647,730.9262090441865,0.9166666666666666,1.2
20260618T023105-f10f176,nbeats,china,EB3_OW,DFF,0.7369163654079371,2.3706591060830045,335.41976565484606,502.0741452080306,0.3990708878740672,1.3130997152022408,209.44428917424716,232.5015285554411,4.181433185424072,2194.5406890394806,1.0,29.9
20260618T023105-f10f176,nhits,china,EB3_OW,DFF,0.9805484720225384,3.0416173553050108,446.31297951559213,705.4615939628092,0.304161646773457,1.0026070517278116,159.63309236086943,174.10043275129516,6.823568295692601,3581.211896805306,1.0,4.6
20260618T023105-f10f176,tide,china,EB3_OW,DFF,0.6027478973083907,1.9031956557673193,274.3507512582024,452.609862900532,0.17137412390473603,0.5664011681273515,89.94224498634306,115.90995380884347,4.658529779633516,2444.9351930685093,1.0,1.8
20260618T023105-f10f176,rlinear,china,EB3_OW,DFF,0.8833827199700981,2.6373231086490456,402.08636803972297,897.5756724710922,0.10723499314874796,0.3536732368770054,56.280118638301396,108.46191889837472,9.506304072093563,4989.191543538977,1.0,0.1
20260618T023105-f10f176,xgboost,china,EB3_OW,DFF,0.19685823744805375,0.5936936669475475,86.01917543530156,305.0507095136941,0.2811150570555934,0.9000165138102806,147.53755558277285,396.2572577371931,6.109124989449384,3206.250768398893,0.9583333333333334,10.1
20260618T023105-f10f176,lightgbm,china,EB3_OW,DFF,0.16580372741377275,0.5116521119032793,72.44959673072215,234.89504837341875,0.10902550510483859,0.3591768113059639,57.21983264725645,98.4623231471402,1.2815278976304971,672.5840138479036,0.9583333333333334,2.3
20260618T023105-f10f176,tft,china,EB3_OW,DFF,2.252069267632761,7.516922700027016,1025.0668616508453,1506.7772104207168,2.5633838095748063,9.042501050074717,1345.3401793783348,1668.7443654714136,12.709252539277614,6670.194306092785,0.875,8.2
20260618T023105-f10f176,chronos,china,EB3_OW,DFF,0.19763613333355132,0.6466556788265958,89.95738002232143,234.1346324925763,0.1720156379458766,0.5656442401539968,90.2789306640625,120.66770203217114,1.3535269853978804,710.3712797619046,0.9583333333333334,0.7
20260618T023105-f10f176,naive,china,EB5_NONRC,DFF,0.2441901896353775,0.27198953723730795,39.53846153846154,49.180984442864,1.7224621212121214,1.388547190453836,204.83333333333334,268.98884735245065,51.10484848484848,6077.333333333333,0.375,0.0
20260618T023105-f10f176,arima,china,EB5_NONRC,DFF,0.0470660822146924,0.052315385174652555,7.620783145262276,13.235839502123499,0.16810326424053845,0.13478965082132663,19.990658450226192,51.79927579205033,4.3693686393066145,519.6005949445704,0.9166666666666666,1.1
20260618T023105-f10f176,sarima,china,EB5_NONRC,DFF,0.05400612753285864,0.060052137695363154,8.744492149695361,13.545861870893898,0.17047703875628675,0.13670810122753127,20.272945149396264,52.414159305438794,4.443946881738369,528.4693589094277,0.9166666666666666,2.8
20260618T023105-f10f176,prophet,china,EB5_NONRC,DFF,0.303121264487463,0.3380377206042659,49.08038474159506,68.38069126249877,0.6380319420996723,0.5077845304524564,75.8740687902313,93.26388519780363,3.287484243203868,390.9440721647843,1.0,61.7
20260618T023105-f10f176,ets,china,EB5_NONRC,DFF,0.05372245607332248,0.05975011409539648,8.698561012538798,13.845520653744972,0.16121458996275917,0.1293125324545018,19.17146475232812,52.38343613052717,4.431634639637905,527.0052003893725,0.9166666666666666,0.3
20260618T023105-f10f176,theta,china,EB5_NONRC,DFF,0.060254626465671,0.0670286358067228,9.756228268566561,14.494886808440754,0.137748701646174,0.11067943181557227,16.38092668224772,51.85099625686687,4.437305343485628,527.679554360453,0.9166666666666666,0.1
20260618T023105-f10f176,kalman,china,EB5_NONRC,DFF,0.1394520509980375,0.15531203927375453,22.57961125743224,24.731640150334226,0.1817035704546235,0.1458683695946902,21.60799216217144,54.04119692541216,4.451688178437126,529.3899455438744,0.9166666666666666,0.2
20260618T023105-f10f176,lstm,china,EB5_NONRC,DFF,0.15811786894309507,0.16884748061677346,24.577841548514698,33.98355047640121,2.7029515149295946,2.175730021573567,321.43207204568154,327.1480340291122,84.36527397779489,10032.62717573777,0.0,0.7
20260618T023105-f10f176,deepar,china,EB5_NONRC,DFF,0.6092158634806972,0.6518392591526756,94.69651381943959,116.31764429410363,2.548574984219952,2.0542593792599892,303.07378190723756,334.61040888015816,33.36364550267818,3967.5686543725405,0.4166666666666667,0.7
20260618T023105-f10f176,dlinear,china,EB5_NONRC,DFF,0.1893941562021618,0.21087737828775557,30.66607045840003,35.6946786610261,1.6152582800660047,1.2863488220889845,192.08476844028164,207.31950936225965,39.59831316122599,4708.9885921457935,0.125,0.5
20260618T023105-f10f176,nlinear,china,EB5_NONRC,DFF,0.20613575509573587,0.22970382398654557,33.3768143459179,36.876099820648236,0.2506155208367591,0.2003646536367167,29.802926802209186,53.06681432759465,3.7672310168088585,447.9950398367291,0.9166666666666666,0.5
20260618T023105-f10f176,nbeats,china,EB5_NONRC,DFF,0.21533707264293506,0.23978117410534416,34.8666610121019,45.33772428264737,1.4093735684284086,1.1328912679095566,167.6011811104053,219.99874643655264,33.66192115075319,4003.0392719814604,0.5416666666666666,10.5
20260618T023105-f10f176,nhits,china,EB5_NONRC,DFF,0.24568388011630213,0.27373022096309363,39.78031492216458,49.317662427574305,0.954798969951938,0.7658743181730157,113.54366129158181,155.71518899931834,18.344286558575753,2181.482725884684,0.5416666666666666,1.7
20260618T023105-f10f176,tide,china,EB5_NONRC,DFF,0.12401809809448959,0.13800375004956503,20.080597049799437,26.674180796124585,1.511972229500506,1.202827854699644,179.80210296762775,197.55294062028833,40.08308892180825,4766.637601512332,0.08333333333333333,0.7
20260618T023105-f10f176,rlinear,china,EB5_NONRC,DFF,0.052810337881377754,0.058691209630071,8.550873875293082,13.85769734142563,1.3360833261836824,1.0557536786952453,158.88558473535682,231.24878942248472,43.70847939131516,5197.765116805046,0.375,0.1
20260618T023105-f10f176,xgboost,china,EB5_NONRC,DFF,0.07560052470235129,0.08070225940553272,11.751345559733485,18.931836134164367,0.3957480983734731,0.31505610539546275,47.06193602279139,90.5868435026825,11.698543926531618,1391.1781966686249,0.75,3.5
20260618T023105-f10f176,lightgbm,china,EB5_NONRC,DFF,0.048456823081368956,0.05170920564215128,7.532128579767989,12.810534702874603,0.2076514756256985,0.16621384449846452,24.693688993326305,51.0307799454545,4.284252499744911,509.47867564534073,0.9166666666666666,0.3
20260618T023105-f10f176,catboost,china,EB5_NONRC,DFF,0.051819080134975416,0.055302361115554984,8.054757816180578,12.88395331171682,0.2282224860404908,0.1826848577715712,27.139971312923233,55.80845512558512,5.493962242916895,653.3360505090362,0.7916666666666666,7.4
20260618T023105-f10f176,tft,china,EB5_NONRC,DFF,0.2723915691373541,0.30346541256917353,44.10473490282325,51.77296909190927,2.743528588032278,2.214346216200057,326.25745371194654,368.8484130065148,80.79495244864754,9608.048399298626,0.20833333333333334,2.8
20260618T023105-f10f176,chronos,china,EB5_NONRC,DFF,0.0626379458806762,0.06965642204237796,10.142127403846153,14.422296207132158,0.224330703272964,0.17954925280322245,26.677164713541668,53.829587770176076,4.411279888731061,524.5846354166666,0.875,0.3
20260618T023105-f10f176,naive,china,EB5_RC,DFF,0.7085263338480013,0.7829236610647548,114.72222222222223,177.2883714930753,0.989539573180978,0.948682110658812,140.20833333333334,223.81195604048204,6.210720887245841,880.0,1.0,0.0
20260618T023105-f10f176,arima,china,EB5_RC,DFF,0.1560715467810194,0.17145718521540915,25.27058461629339,60.35724412630091,0.04066835797800632,0.038522902739320276,5.762319007788467,6.9412728797164425,3.0682176638293974,434.73722184401777,1.0,1.2
20260618T023105-f10f176,sarima,china,EB5_RC,DFF,0.16689463119969516,0.1833652296503069,27.023022368417312,60.87039818459416,0.03975487312011018,0.037664696087209425,5.632886903280375,8.710372763875958,3.0132038520977735,426.9422886627108,1.0,3.2
20260618T023105-f10f176,prophet,china,EB5_RC,DFF,0.4050951466785934,0.4479738809066359,65.59165583304224,87.90024003456429,0.3842573329164291,0.36280116443120236,54.44560448061119,73.85606968764904,2.7591414940213306,390.9440721647843,1.0,62.7
20260618T023105-f10f176,ets,china,EB5_RC,DFF,0.16140000144710773,0.17741163729586992,26.13335023431086,60.83036444289755,0.032852684694935956,0.031103526055708902,4.654912538561045,8.560063183494352,3.0256233899139056,428.70201888994416,1.0,0.3
20260618T023105-f10f176,theta,china,EB5_RC,DFF,0.16463780649569548,0.18107632920478403,26.65760483509469,61.08150834562949,0.01645571448441682,0.015586379514040329,2.331618021351536,2.490857538455321,3.0295587792239798,429.25962607528345,1.0,0.1
20260618T023105-f10f176,kalman,china,EB5_RC,DFF,0.2528351056231497,0.27872038114820713,40.93821751881498,65.71330485784273,0.027172382744872565,0.025735716254339694,3.850067850350873,3.9421941766585684,3.04640409176877,431.64644643133215,1.0,0.2
20260618T023105-f10f176,lstm,china,EB5_RC,DFF,0.6660247647315652,0.7053729549949215,103.52688942987452,169.73434458249102,1.9568942781647696,1.8730845857178984,277.2732821275844,297.5982155140181,5.903799202612989,836.5121203511881,1.0,1.0
20260618T023105-f10f176,deepar,china,EB5_RC,DFF,1.0206377222675354,1.0852469235014663,158.64792754926566,205.57816572910346,1.7759438634313616,1.7026285458107384,251.63433169714366,300.40734844203604,7.874897623944933,1115.7979942880072,0.9166666666666666,1.1
20260618T023105-f10f176,dlinear,china,EB5_RC,DFF,0.4949164823336957,0.5454751255294394,80.13522709786422,122.13732394005505,1.2107990820055556,1.1444231756551246,171.55869850035864,187.2176868760589,4.699268716956058,665.841622252512,1.0,0.5
20260618T023105-f10f176,nlinear,china,EB5_RC,DFF,0.29095850032580467,0.321294610892911,47.11103051108653,65.37890687543597,0.09968725497811769,0.09435526529619015,14.124734627970915,18.943351233212002,2.785079325857006,394.6192159089296,1.0,0.5
20260618T023105-f10f176,nbeats,china,EB5_RC,DFF,0.6051024927927232,0.6677311383736918,97.97617862468844,152.6011929956127,0.8014585052631972,0.7656769279170019,113.55903725764968,179.02280760285606,5.456148753551346,773.0843150567634,1.0,10.4
20260618T023105-f10f176,nhits,china,EB5_RC,DFF,0.5115449930806938,0.5642900228529037,82.827660129649,119.26084975886901,0.5379931666968284,0.5127215231557163,76.22850797649585,122.30662824659886,4.59287745564847,650.7669937753344,1.0,1.7
20260618T023105-f10f176,tide,china,EB5_RC,DFF,0.3983064137382828,0.43823200590262495,64.49244682445695,106.93444165754502,1.0881172070842258,1.028070975721969,154.17584522281496,177.68813693264073,4.372512264581438,619.5433449172415,1.0,0.7
20260618T023105-f10f176,rlinear,china,EB5_RC,DFF,0.3380275742857747,0.36737007404099903,54.73229806977169,111.26771441505394,0.8740123762403034,0.8211877819188312,123.83922978585822,210.5064936513905,10.061156111876196,1425.5700005184583,0.875,0.1
20260618T023105-f10f176,xgboost,china,EB5_RC,DFF,0.23577396785234417,0.24864453042875823,36.648705562968374,70.70462913789633,0.19051127947898686,0.17938781629306297,26.993633909034543,69.59974715767557,3.0258128666673416,428.72886594136554,0.9166666666666666,4.1
20260618T023105-f10f176,lightgbm,china,EB5_RC,DFF,0.1739382824695389,0.18333708832227402,27.036966627065127,60.19597400732546,0.08456706668333687,0.08006808574789852,11.982347948393757,13.134914841763171,2.9025187176758327,411.2592592592591,1.0,0.5
20260618T023105-f10f176,catboost,china,EB5_RC,DFF,0.19246702399020743,0.20291265114702214,29.917074209037846,62.91321419282831,0.07150585931349081,0.06764653047569819,10.13169925653771,19.852672014713484,2.971738321273714,421.0670178547589,1.0,8.3
20260618T023105-f10f176,tft,china,EB5_RC,DFF,0.7178258884156343,0.7933867219706701,116.22797509929812,179.30404992270073,2.024961593763557,1.9445335278336164,286.9177724877841,342.45269194384576,7.988966082147724,1131.960408449074,0.75,2.8
20260618T023105-f10f176,chronos,china,EB5_RC,DFF,0.17222146272945618,0.18936213793049922,27.88552517361111,60.51399534008551,0.10570115743414972,0.10011338904514648,14.976847330729166,18.269752039461206,2.985973339564779,423.083984375,1.0,0.3
20260618T023105-f10f176,naive,india,EB1,DFF,0.4822786815063579,2.1095306462259877,358.2212276214833,424.9538731910114,0.8892373301726083,2.6759213670990576,460.0416666666667,534.7021367079058,4.0240647871364645,2081.82608695652,1.0,0.0
20260618T023105-f10f176,arima,india,EB1,DFF,0.1131655741592469,0.5038941285128048,84.05578030776178,231.80822100938315,0.10248521029103685,0.3030231131969236,53.020116622657646,93.6560789156036,4.118555102897134,2130.7100922399695,1.0,1.3
20260618T023105-f10f176,sarima,india,EB1,DFF,0.13074450865939258,0.5774945247332888,97.11285236670334,216.40782892741322,0.14282123936461422,0.42380998493133104,73.8877223923364,158.29011929735876,3.674097186401549,1900.7724212380854,1.0,6.4
20260618T023105-f10f176,prophet,india,EB1,DFF,0.24884312821388455,1.0986975671092165,184.83274150854777,335.3419846807781,0.466594839685953,1.4037756655639224,241.39007711869908,309.69053456309416,3.8479888558067135,1990.7342466116024,1.0,22.4
20260618T023105-f10f176,ets,india,EB1,DFF,0.10425058171329256,0.46406740802852986,77.43400816504287,219.40809103480754,0.07561441304633258,0.22338773166206713,39.11866879801861,79.29718779679057,4.121192617950747,2132.0745950334895,1.0,0.4
20260618T023105-f10f176,theta,india,EB1,DFF,0.09085316463197099,0.40156181868332763,67.48283392106008,214.4797001278341,0.06971958601160383,0.2059994898827416,36.06901494099717,79.55674453560013,4.199094316475837,2172.3765774285494,1.0,0.1
20260618T023105-f10f176,kalman,india,EB1,DFF,0.1207733723066456,0.532399061578646,89.70661020417238,223.53199044929949,0.086949492347953,0.25714924504038467,44.98280494793047,77.87760615599795,4.287071252661183,2217.8909243611924,1.0,0.3
20260618T023105-f10f176,lstm,india,EB1,DFF,0.6154270784941718,2.635895676371065,445.2770107559909,483.7157273571519,0.5103613896125933,1.5131535723057585,264.0324425360316,336.69143961638486,2.7751631379190096,1435.7142147781196,1.0,1.5
20260618T023105-f10f176,deepar,india,EB1,DFF,0.7208645944217088,3.061091266903971,521.5637123886612,640.923737625049,0.6352715331950194,1.9024802407142698,328.6539655956605,409.72939759088723,5.162931564679583,2671.012069905002,1.0,1.6
20260618T023105-f10f176,dlinear,india,EB1,DFF,0.8599083541177962,3.654336678891222,638.7125080708865,731.2934530572185,0.2181747439619023,0.6434629836181163,112.87141174935186,148.40380560103307,4.957431911408863,2564.6980412623525,1.0,0.7
20260618T023105-f10f176,nlinear,india,EB1,DFF,0.1662630178590974,0.733938572313064,123.4948685260377,233.71009042095108,0.0935038295844156,0.2772853236776625,48.373652502173776,90.97178738185774,4.003567587620826,2071.2219821723193,1.0,0.7
20260618T023105-f10f176,nbeats,india,EB1,DFF,0.3398700113029578,1.484150787345018,252.4446079606941,394.8357390028,0.6144803643448272,1.827634681240422,317.8977775171259,343.71681563380434,4.420072038391893,2286.698093223138,1.0,14.2
20260618T023105-f10f176,nhits,india,EB1,DFF,0.3172065354511798,1.3851219951987486,235.61090070157127,392.26263598451027,0.3125217997505545,0.9321054645214772,161.681302334669,177.23034429255316,4.352956291285217,2251.9761589195696,1.0,2.4
20260618T023105-f10f176,tide,india,EB1,DFF,0.8518347524484078,3.5924980528973225,632.7156941700486,899.5943763221699,0.39985140618644727,1.1839149112571363,206.86075705494463,238.8037268802776,8.786802948348969,4545.800469538764,1.0,1.0
20260618T023105-f10f176,rlinear,india,EB1,DFF,0.16336554629611075,0.7189137465175603,121.34271903220248,276.079316620284,0.3066788672574187,0.91228122354394,158.65849581141916,186.1854762194153,4.275286641805536,2211.7942257239483,1.0,0.1
20260618T023105-f10f176,xgboost,india,EB1,DFF,0.0879858489456068,0.37958656408155395,63.659980485728624,216.10085284012,0.1618603427837876,0.4896160046934548,83.73748979593317,245.34221014266058,4.3336489423294555,2241.9876162761793,0.9583333333333334,5.7
20260618T023105-f10f176,lightgbm,india,EB1,DFF,0.10670030306792269,0.4593237040490059,77.20035997293681,226.66761571759332,0.11911872823945914,0.3522804810173341,61.62536862893224,89.05993031059135,4.191518245941113,2168.457142203195,1.0,0.9
20260618T023105-f10f176,catboost,india,EB1,DFF,0.10205945836150271,0.44084991636844717,73.842591797845,220.31905985656272,0.15309266094945598,0.4580777499494409,79.20158152149527,200.9293086394166,4.129220782191437,2136.227918260309,1.0,12.5
20260618T023105-f10f176,tft,india,EB1,DFF,0.5351710192915435,2.3459270876462655,397.507969705955,489.8495220040324,1.0133791618130636,3.050309022428209,524.2657080930902,653.8733650192248,6.269616259264085,3243.548842818394,0.9583333333333334,3.8
20260618T023105-f10f176,chronos,india,EB1,DFF,0.13274096546053768,0.5875912968726857,98.59575682344952,224.24237492713658,0.12318919629476648,0.36436664026735804,63.731201171875,95.06035147351346,4.118028195850969,2130.4375,1.0,0.5
20260618T023105-f10f176,naive,india,EB2,DFF,4.6083804326642,3.113395511378017,422.24285714285713,590.7276505656877,1.0038339211487595,2.4162141560489063,339.125,392.8427908633851,7.13596890576359,2410.7428571428572,1.0,0.0
20260618T023105-f10f176,arima,india,EB2,DFF,0.6419508004337815,0.4299269864182244,58.81874208974524,162.20714459265943,0.13362541059532904,0.3190684636821744,45.142644030481584,101.35467127272005,1.9977853466781523,674.9113986075681,0.9583333333333334,3.2
20260618T023105-f10f176,sarima,india,EB2,DFF,0.7189156504136935,0.48137589538018843,65.87064646915468,161.03748666855523,0.1624348168990871,0.3872746253325914,54.875319632419256,92.5257777440965,2.332423053220245,787.9619838091712,1.0,12.0
20260618T023105-f10f176,prophet,india,EB2,DFF,2.4433871095962374,1.623531747081518,223.87534391675524,366.48690456329484,0.5967905605893887,1.4420135836687733,201.6136281071982,242.77532639876813,6.151988487418512,2078.3249617708752,1.0,64.5
20260618T023105-f10f176,ets,india,EB2,DFF,0.5864522762343377,0.39088879225848133,53.73368980997119,158.64991408607779,0.1277539867696855,0.30501899201491545,43.159102168703534,96.85295893734252,1.9298774854682643,651.9701003035128,0.9583333333333334,0.6
20260618T023105-f10f176,theta,india,EB2,DFF,0.5131177055803141,0.34251271906879194,47.014409773796274,153.5193705358381,0.12756904795247734,0.30461542682755827,43.09662432743479,96.73642213963414,2.164432257173752,731.2096889235072,1.0,0.1
20260618T023105-f10f176,kalman,india,EB2,DFF,0.6760674372833392,0.4516870549290863,61.94467894108597,165.90484203510482,0.13663574046930507,0.32622999778387857,46.159623131311186,95.32457509004396,2.156461489855462,728.5169262962772,1.0,0.6
20260618T023105-f10f176,lstm,india,EB2,DFF,6.110173639779686,4.2118087382134215,562.6247887509134,729.0961921181769,2.4601039723637945,6.053407172092528,831.0964015572836,876.8412359485324,9.810423102763867,3314.2531494826526,1.0,3.2
20260618T023105-f10f176,deepar,india,EB2,DFF,7.044132284003927,4.904158559567869,648.6237007110815,875.32441222884,3.4611276831932876,8.74289567222361,1169.272028803043,1306.3359045000348,14.098733281764218,4762.972064847921,0.9166666666666666,3.3
20260618T023105-f10f176,dlinear,india,EB2,DFF,4.079823365698755,2.645294769486318,373.81381588214845,646.45089310741,0.27223023199988633,0.6486555473312213,91.96748135519563,132.40383768301658,9.41561426693209,3180.874964475484,1.0,1.3
20260618T023105-f10f176,nlinear,india,EB2,DFF,0.615536845912873,0.4133519146248219,56.39856350676699,157.36179217279724,0.12573354309910115,0.3001416158428349,42.47653611335166,99.30293107249453,1.9779196053740478,668.2001594495559,1.0,1.2
20260618T023105-f10f176,nbeats,india,EB2,DFF,3.657237346824934,2.394012153990974,335.09437190283455,533.466255714527,0.8831824180540435,2.1474257711959965,298.36532838004473,312.23011163825,7.520539147162941,2540.662139971344,1.0,30.1
20260618T023105-f10f176,nhits,india,EB2,DFF,3.334820766964335,2.203564680936728,305.55295277310717,463.7020103903869,1.28281930238999,3.1531996305383814,433.3745719861333,471.649266728889,7.1781690348916385,2424.999317787435,1.0,4.7
20260618T023105-f10f176,tide,india,EB2,DFF,2.997646406767445,1.9778570002690974,274.65935202006733,401.0281135675344,0.7336927244835777,1.7918613568205781,247.86325700745206,291.6230237810297,5.553771061088321,1876.2292959140505,1.0,1.8
20260618T023105-f10f176,rlinear,india,EB2,DFF,3.4174583748184957,2.2688081107275173,313.1246235927446,607.7842310506401,0.18615671062472286,0.4449335981385148,62.889281942539355,113.06968834590494,8.371937919724912,2828.29000615728,1.0,0.1
20260618T023105-f10f176,xgboost,india,EB2,DFF,0.6815190447310767,0.4554541373599445,62.75427363883753,185.55834714537832,0.15141095747845792,0.3602711201484697,51.151131549850106,120.59571130740541,3.1430067042794425,1061.8012861818934,1.0,10.8
20260618T023105-f10f176,lightgbm,india,EB2,DFF,0.6281395646021937,0.4210776203119105,57.83909110857,165.50481630729624,0.16429780521602616,0.3946829564144254,55.50469257915029,110.32091890484776,2.1228504472382728,717.1621149201977,0.9583333333333334,2.5
20260618T023105-f10f176,catboost,india,EB2,DFF,0.616281016088547,0.4122632924100444,56.74715596143339,167.41931844989833,0.11253702093181184,0.26672830594960956,38.01835783734699,74.1728562244061,2.43108634086226,821.2933812810843,1.0,20.9
20260618T023105-f10f176,tft,india,EB2,DFF,7.438347217104201,5.145981960074795,681.5385637671725,886.8480637515776,2.9859539518618328,7.413667593508666,1008.7441882481316,1077.825864671782,11.577700007033963,3911.2919300358567,0.9583333333333334,8.1
20260618T023105-f10f176,chronos,india,EB2,DFF,0.8404588835022412,0.5594163297717849,77.00704520089286,162.51891170825232,0.2277268166555467,0.5407529376827868,76.93290201822917,110.35754615985488,1.9057076179642003,643.8047991071398,1.0,0.7
20260618T023105-f10f176,naive,india,EB3,DFF,0.9913989125061792,4.002955848838037,537.2142857142857,749.4708895518987,0.6561055127445169,2.501656648215391,353.25,380.04725583362216,5.563636774211753,2995.485714285711,1.0,0.0
20260618T023105-f10f176,arima,india,EB3,DFF,0.118117958418694,0.46527051448014406,64.0051687181298,238.77336329534646,0.0808192083706333,0.30581018845938535,43.51340569827395,105.6377445009656,1.538223322990451,828.1859827292204,0.9583333333333334,2.5
20260618T023105-f10f176,prophet,india,EB3,DFF,0.5686289966372571,2.2335123168875635,308.12583755281383,482.5365194003215,0.42729354770771294,1.6308529195754045,230.05666435624843,244.0772146375005,5.341126765277553,2875.6853786244355,1.0,25.2
20260618T023105-f10f176,ets,india,EB3,DFF,0.12507379728921725,0.4922173334860988,67.7743639060946,240.8211035514354,0.0860833252222855,0.32579442818791055,46.347628611700735,100.43342542635101,1.557549331764602,838.5911880915586,0.9583333333333334,0.6
20260618T023105-f10f176,theta,india,EB3,DFF,0.12760762410733847,0.5053955480364629,69.14738131316403,237.6911616527211,0.08201182438014956,0.31059506733091385,44.15551523275925,100.23100089390825,1.5436742731848088,831.1207975093954,0.9583333333333334,0.1
20260618T023105-f10f176,kalman,india,EB3,DFF,0.17561107715095017,0.6997417737374589,95.15925243117113,244.60871503072642,0.10113389000483793,0.38259700056581597,54.45091673558348,97.86627587138324,1.4725726934739898,792.8394044331768,0.9583333333333334,0.6
20260618T023105-f10f176,lstm,india,EB3,DFF,0.8847465492794405,3.6422932707947373,482.8592767347474,721.1759950800748,0.44003490009167257,1.6664367642778253,236.91666269829307,280.6740117076037,5.499681300607855,2961.0518151464203,1.0,3.2
20260618T023105-f10f176,deepar,india,EB3,DFF,1.1851407453136564,4.814239265337582,646.8024131623812,813.3043599278768,0.5115549170222246,1.9561346248894493,275.4233441541998,331.244157171123,6.329739686229935,3407.9587821286914,1.0,3.3
20260618T023105-f10f176,dlinear,india,EB3,DFF,1.008994439251136,4.014269640390654,546.7488617692093,662.2685495061529,0.1835561757287875,0.6919661925202173,98.82742610248867,142.9856755258374,4.339442894431869,2336.3745200765625,1.0,1.3
20260618T023105-f10f176,nlinear,india,EB3,DFF,0.16474263532313627,0.6518312832525055,89.26991551572446,251.59939186511616,0.07992807573777701,0.30325282437599693,43.033616096690366,107.15792168227604,1.9351637583827666,1041.9004022526788,1.0,1.3
20260618T023105-f10f176,nbeats,india,EB3,DFF,0.9948184666949638,3.891886254465951,539.0672566403333,705.5010241105795,0.22512303435645928,0.8497319614389952,121.20719966787662,160.8909577522244,6.091634267796902,3279.7618116298,1.0,29.4
20260618T023105-f10f176,nhits,india,EB3,DFF,0.6475765291733228,2.5329226599318804,350.9055317457943,525.3712835561777,0.274831150145626,1.0360208039432184,147.97026073266093,191.81086589056488,5.865198538274408,3157.847851298593,1.0,4.5
20260618T023105-f10f176,tide,india,EB3,DFF,0.6864174472313483,2.7035322127957175,371.9524542184868,510.12830896741644,0.2492900060027515,0.9413789998190758,134.2188000404176,173.28900816798134,3.6896458959394165,1986.5210509946155,1.0,1.8
20260618T023105-f10f176,rlinear,india,EB3,DFF,0.6992352240125465,2.526828910886,378.8980870117985,985.0820288114369,0.1082555419095439,0.40803765892553495,58.285244425978895,112.83097153509036,7.15440870410285,3851.964090581332,1.0,0.1
20260618T023105-f10f176,xgboost,india,EB3,DFF,0.208774611137704,0.8122682660752195,113.94083177451334,382.3758002024024,0.07268812441139057,0.27614865507215297,39.13559549426039,101.81478319196357,6.193123025979563,3334.403790902401,1.0,9.4
20260618T023105-f10f176,lightgbm,india,EB3,DFF,0.15460861196450137,0.6138269174413804,84.37919606574626,246.21625126968027,0.07530120210686803,0.28404380375212196,40.54248764498501,68.35078745719545,1.6471374777385173,886.8258271100676,1.0,2.0
20260618T023105-f10f176,catboost,india,EB3,DFF,0.1770357842334943,0.6999976223156107,96.61904960327186,288.661608353283,0.06953058564496477,0.26291247363135734,37.43556318608156,93.7999846706661,2.7338972440354348,1471.9419097939717,1.0,17.6
20260618T023105-f10f176,tft,india,EB3,DFF,1.416098452162591,5.800258588805936,767.3483487656041,937.0605094870158,1.5403455813839066,6.0550906537267375,829.3286156791437,978.6357030205795,7.541543865753909,4060.399308997929,0.9166666666666666,7.9
20260618T023105-f10f176,chronos,india,EB3,DFF,0.18216072458395122,0.7210378604279137,98.70834263392857,246.80715323998743,0.14779921127607767,0.554205469021896,79.57572428385417,112.68186748745997,1.692049998941483,911.0069196428558,1.0,0.7
20260618T023105-f10f176,naive,india,EB3_OW,DFF,0.9913989125061792,4.002955848838037,537.2142857142857,749.4708895518987,0.6561055127445169,2.501656648215391,353.25,380.04725583362216,5.563636774211753,2995.485714285711,1.0,0.0
20260618T023105-f10f176,arima,india,EB3_OW,DFF,0.118117958418694,0.46527051448014406,64.0051687181298,238.77336329534646,0.0808192083706333,0.30581018845938535,43.51340569827395,105.6377445009656,1.538223322990451,828.1859827292204,0.9583333333333334,2.4
20260618T023105-f10f176,prophet,india,EB3_OW,DFF,0.5686289966372571,2.2335123168875635,308.12583755281383,482.5365194003215,0.42729354770771294,1.6308529195754045,230.05666435624843,244.0772146375005,5.341126765277553,2875.6853786244355,1.0,24.8
20260618T023105-f10f176,ets,india,EB3_OW,DFF,0.12507379728921725,0.4922173334860988,67.7743639060946,240.8211035514354,0.0860833252222855,0.32579442818791055,46.347628611700735,100.43342542635101,1.557549331764602,838.5911880915586,0.9583333333333334,0.6
20260618T023105-f10f176,theta,india,EB3_OW,DFF,0.12760762410733847,0.5053955480364629,69.14738131316403,237.6911616527211,0.08201182438014956,0.31059506733091385,44.15551523275925,100.23100089390825,1.5436742731848088,831.1207975093954,0.9583333333333334,0.1
20260618T023105-f10f176,kalman,india,EB3_OW,DFF,0.17561107715095017,0.6997417737374589,95.15925243117113,244.60871503072642,0.10113389000483793,0.38259700056581597,54.45091673558348,97.86627587138324,1.4725726934739898,792.8394044331768,0.9583333333333334,0.5
20260618T023105-f10f176,lstm,india,EB3_OW,DFF,0.8847465492794405,3.6422932707947373,482.8592767347474,721.1759950800748,0.44003490009167257,1.6664367642778253,236.91666269829307,280.6740117076037,5.499681300607855,2961.0518151464203,1.0,3.2
20260618T023105-f10f176,deepar,india,EB3_OW,DFF,1.1851407453136564,4.814239265337582,646.8024131623812,813.3043599278768,0.5115549170222246,1.9561346248894493,275.4233441541998,331.244157171123,6.329739686229935,3407.9587821286914,1.0,3.3
20260618T023105-f10f176,dlinear,india,EB3_OW,DFF,1.008994439251136,4.014269640390654,546.7488617692093,662.2685495061529,0.1835561757287875,0.6919661925202173,98.82742610248867,142.9856755258374,4.339442894431869,2336.3745200765625,1.0,1.2
20260618T023105-f10f176,nlinear,india,EB3_OW,DFF,0.16474263532313627,0.6518312832525055,89.26991551572446,251.59939186511616,0.07992807573777701,0.30325282437599693,43.033616096690366,107.15792168227604,1.9351637583827666,1041.9004022526788,1.0,1.2
20260618T023105-f10f176,nbeats,india,EB3_OW,DFF,0.9948184666949638,3.891886254465951,539.0672566403333,705.5010241105795,0.22512303435645928,0.8497319614389952,121.20719966787662,160.8909577522244,6.091634267796902,3279.7618116298,1.0,29.9
20260618T023105-f10f176,nhits,india,EB3_OW,DFF,0.6475765291733228,2.5329226599318804,350.9055317457943,525.3712835561777,0.274831150145626,1.0360208039432184,147.97026073266093,191.81086589056488,5.865198538274408,3157.847851298593,1.0,4.6
20260618T023105-f10f176,tide,india,EB3_OW,DFF,0.6864174472313483,2.7035322127957175,371.9524542184868,510.12830896741644,0.2492900060027515,0.9413789998190758,134.2188000404176,173.28900816798134,3.6896458959394165,1986.5210509946155,1.0,1.8
20260618T023105-f10f176,rlinear,india,EB3_OW,DFF,0.6992352240125465,2.526828910886,378.8980870117985,985.0820288114369,0.1082555419095439,0.40803765892553495,58.285244425978895,112.83097153509036,7.15440870410285,3851.964090581332,1.0,0.1
20260618T023105-f10f176,xgboost,india,EB3_OW,DFF,0.208774611137704,0.8122682660752195,113.94083177451334,382.3758002024024,0.07268812441139057,0.27614865507215297,39.13559549426039,101.81478319196357,6.193123025979563,3334.403790902401,1.0,12.9
20260618T023105-f10f176,lightgbm,india,EB3_OW,DFF,0.15460861196450137,0.6138269174413804,84.37919606574626,246.21625126968027,0.07530120210686803,0.28404380375212196,40.54248764498501,68.35078745719545,1.6471374777385173,886.8258271100676,1.0,2.6
20260618T023105-f10f176,catboost,india,EB3_OW,DFF,0.1770357842334943,0.6999976223156107,96.61904960327186,288.661608353283,0.06953058564496477,0.26291247363135734,37.43556318608156,93.7999846706661,2.7338972440354348,1471.9419097939717,1.0,17.0
20260618T023105-f10f176,tft,india,EB3_OW,DFF,1.416098452162591,5.800258588805936,767.3483487656041,937.0605094870158,1.5403455813839066,6.0550906537267375,829.3286156791437,978.6357030205795,7.541543865753909,4060.399308997929,0.9166666666666666,8.0
20260618T023105-f10f176,chronos,india,EB3_OW,DFF,0.18216072458395122,0.7210378604279137,98.70834263392857,246.80715323998743,0.14779921127607767,0.554205469021896,79.57572428385417,112.68186748745997,1.692049998941483,911.0069196428558,1.0,0.7
20260618T023105-f10f176,naive,mexico,EB3,DFF,1.298533131024432,2.236645598421517,370.5539269019987,402.7823597355846,0.24434898624550253,0.4816658156565518,84.99348958333333,108.2156699632079,3.927149069819133,1366.0056818181838,1.0,0.0
20260618T023105-f10f176,prophet,mexico,EB3,DFF,0.20938491987604077,0.3526252656760097,59.75080838554856,97.13499881506651,0.2129754746294763,0.41959388096081557,74.08063795377848,90.5007657211967,1.3477302924431174,468.7897516252342,1.0,60.9
20260618T023105-f10f176,ets,mexico,EB3,DFF,0.0727081394201307,0.1248481192262169,20.748247338604497,57.587103380534295,0.047004151213151484,0.09224987864673483,16.349758179452845,32.232521893257285,0.7198168533234537,250.37855554426642,1.0,0.7
20260618T023105-f10f176,theta,mexico,EB3,DFF,0.086281551883567,0.14691885726072193,24.621603489185624,49.6730768350568,0.06608006012338094,0.12997835331360333,22.98505505613078,31.196452255029804,0.5204051481438656,181.01589131799724,0.9583333333333334,0.1
20260618T023105-f10f176,kalman,mexico,EB3,DFF,0.18064392792136458,0.3112448727980937,51.5491790413192,163.47340326466656,0.08972001399909717,0.17665069836382705,31.207893236713364,35.41159933065823,1.9889389512166435,691.8255100198076,1.0,0.5
20260618T023105-f10f176,lstm,mexico,EB3,DFF,2.250124050875483,3.8765838007573934,641.6051593646158,675.3892440754794,0.5978688386209695,1.1929021358102287,207.9605882075407,273.70538735860066,5.704572680184203,1984.2584416677855,1.0,3.2
20260618T023105-f10f176,deepar,mexico,EB3,DFF,1.6394175382666365,2.844392196330327,467.4670049837707,566.0228534152483,0.5877200108923378,1.1581160854778865,204.43045576422523,291.14968707371594,6.922962721462432,2408.0589364968255,1.0,3.3
20260618T023105-f10f176,dlinear,mexico,EB3,DFF,0.650022544233534,1.0873943152333043,185.4926921660747,207.98796010082836,0.6468065737392129,1.2680464984834658,224.98291739300052,257.7974034829213,3.1742272304305117,1104.1120046786953,0.75,1.3
20260618T023105-f10f176,nlinear,mexico,EB3,DFF,0.1058700832524317,0.1829656165945628,30.211454874224508,56.59210529848865,0.0957979203646133,0.18878325326343537,33.322010750779704,43.49881999859795,0.6047165437894428,210.34246982223098,0.9583333333333334,1.2
20260618T023105-f10f176,nbeats,mexico,EB3,DFF,0.33843685718592487,0.5639502605951945,96.5775176946608,134.33996959216117,0.4237447498791162,0.8338063081193248,147.39387929629993,177.62297179410416,1.9604738566420066,681.924311916259,0.875,30.1
20260618T023105-f10f176,nhits,mexico,EB3,DFF,0.28247377480961705,0.4697349579017955,80.6076980261238,109.56173969900283,0.38077294104402926,0.7520448521952178,132.44671686799998,138.89986536332736,1.6184541629886096,562.9573879421272,0.9583333333333334,5.5
20260618T023105-f10f176,tide,mexico,EB3,DFF,0.3210258615511858,0.535861361694376,91.60905547403476,117.50565123728323,0.24610538847767452,0.4843336628519869,85.60443034113239,119.06104483825106,1.6329010292944799,567.9825349654348,1.0,2.0
20260618T023105-f10f176,rlinear,mexico,EB3,DFF,76.69053856638612,36.72726394324805,21884.678598523078,67224.42620996916,0.04875261101002201,0.09571486317013574,16.957936268568726,31.98738928184339,891.4036792254793,310062.7118979516,1.0,0.1
20260618T023105-f10f176,xgboost,mexico,EB3,DFF,0.09093064263031905,0.15497904724774633,25.928156909061588,79.68465230710245,0.06145091667087993,0.12074015267003137,21.37487012409838,36.75365702878245,1.9083857505279518,663.806168794632,1.0,10.4
20260618T023105-f10f176,lightgbm,mexico,EB3,DFF,0.05810034293909707,0.09859775315087152,16.56685540340508,47.25231498460138,0.0726801762296496,0.14291786817431437,25.28081616464351,34.26914068225017,0.569475852973317,198.08447221883398,0.9166666666666666,2.5
20260618T023105-f10f176,tft,mexico,EB3,DFF,2.600595939933242,4.515983718132126,742.11509495134,956.9100223087582,1.097130933645679,2.2068873532165587,381.62215449781974,524.5609463839438,11.164639189312739,3883.468719142244,1.0,9.4
20260618T023105-f10f176,chronos,mexico,EB3,DFF,0.15102235857852345,0.2541086927462383,43.096265073440534,66.43098167357373,0.1151135467373728,0.22681768645181888,40.040690104166664,43.494984253560645,0.8750591422317457,304.37748579545587,1.0,1.1
20260618T023105-f10f176,naive,mexico,EB3_OW,DFF,1.5730885173728375,2.707932798646571,448.9020060790274,482.5555580365787,0.562142729595921,1.3465085483669668,228.875,244.37888956836403,3.899352144160889,1587.6114285714302,1.0,0.0
20260618T023105-f10f176,prophet,mexico,EB3_OW,DFF,0.5402646319125294,0.9222385139143073,154.17179287794696,279.1153527921917,0.3072319220904554,0.73815955310412,125.08870517457142,163.63287984761723,4.163609725924748,1695.2032390528693,1.0,62.9
20260618T023105-f10f176,ets,mexico,EB3_OW,DFF,0.1312036422702598,0.22480699102134508,37.44072731416129,132.22862172677824,0.07079537704350058,0.1686536969523539,28.82415989348192,54.764582424537174,1.3147014454654955,535.27739040085,1.0,0.7
20260618T023105-f10f176,theta,mexico,EB3_OW,DFF,0.13750575893372916,0.23486455088383146,39.23912122622171,126.95279691845653,0.0708674241186297,0.16886452748387507,28.853493679106123,54.436830430423704,0.9468352541844633,385.50159486584863,0.9583333333333334,0.1
20260618T023105-f10f176,kalman,mexico,EB3_OW,DFF,0.2380783571569332,0.409924522957169,67.93886736280606,200.14024876971473,0.08152743714356488,0.19418762589458557,33.19369119946865,52.98104501303983,1.8190777279779098,740.6329266060566,1.0,0.6
20260618T023105-f10f176,lstm,mexico,EB3_OW,DFF,1.7966778886696881,3.1269580811138398,512.3085558941871,591.9371826675574,0.2536187634318732,0.6026810806897819,103.26024232706034,138.44937992736376,4.895811321212853,1993.3172789552027,1.0,3.5
20260618T023105-f10f176,deepar,mexico,EB3_OW,DFF,1.6783534451082207,2.91832703924953,478.5692723029349,579.1818768826963,0.47834625471716485,1.139743080502503,194.75747578748997,235.02235395393294,5.929837540077664,2414.318456027797,1.0,3.5
20260618T023105-f10f176,dlinear,mexico,EB3_OW,DFF,0.9513702258094074,1.6091354582442932,271.4863138171899,400.4468774511405,0.22618637088170424,0.5388603593733908,92.09121262274827,129.40365898699724,5.65268232313583,2301.4754057882965,1.0,1.4
20260618T023105-f10f176,nlinear,mexico,EB3_OW,DFF,0.21904130473993547,0.3769358453218312,62.506387927959075,139.0393490039655,0.07163989657203247,0.1710237456298034,29.168003897711362,60.92410480301827,1.1878535219568216,483.6315770432411,1.0,1.3
20260618T023105-f10f176,nbeats,mexico,EB3_OW,DFF,0.6899730521139913,1.1647129172819546,196.89310792994038,329.8146731848824,0.3760585129020922,0.8977971699087051,153.11127870022514,192.5937769451135,4.419843168550505,1799.5280414444715,1.0,31.2
20260618T023105-f10f176,nhits,mexico,EB3_OW,DFF,0.7419609677753904,1.2559499685396063,211.72856021030185,364.67841743524065,0.5034223679965301,1.2115707826504074,204.96715230672598,232.0134123339145,4.751217271443304,1934.446174876717,1.0,5.0
20260618T023105-f10f176,tide,mexico,EB3_OW,DFF,0.5798126448827868,0.9809804209588088,165.45735129549672,272.7133707350045,0.2508877512728846,0.5993141865592659,102.14831758805713,116.61785136671844,3.729029303340773,1518.2649118589834,1.0,1.9
20260618T023105-f10f176,rlinear,mexico,EB3_OW,DFF,72.57294756635831,35.00633226766667,20709.668521396346,65297.44830596273,0.10464909684595582,0.25036443470368197,42.60761685530466,70.97897058551105,764.9445117709514,311445.2360834142,1.0,0.1
20260618T023105-f10f176,xgboost,mexico,EB3_OW,DFF,0.28496300141115377,0.4926462575037381,81.25495652663476,231.45806293886247,0.13957010701561143,0.3308789171504764,56.82561840862036,80.9029563706902,4.66523820487334,1899.4400139407824,1.0,10.5
20260618T023105-f10f176,lightgbm,mexico,EB3_OW,DFF,0.1539211466478093,0.26253997467375256,43.88940324695774,128.93280855910663,0.14881317939073024,0.3539166901023101,60.58891210340138,80.5824708721131,1.230212422787095,500.87789709170585,0.9583333333333334,2.6
20260618T023105-f10f176,tft,mexico,EB3_OW,DFF,2.176100358677434,3.806541364139582,620.9795606867723,789.0316306144878,0.9613465895614524,2.303534148129673,391.4098486055986,465.52117713499337,8.497646210453599,3459.795304682848,1.0,8.8
20260618T023105-f10f176,chronos,mexico,EB3_OW,DFF,0.23230317858973534,0.39591636439137345,66.29084233710098,146.27921394098846,0.10369539528640055,0.24732981760949246,42.219319661458336,65.95232750986546,0.9556855400444704,389.104966517858,1.0,0.8
20260618T023105-f10f176,naive,philippines,EB3,DFF,0.3261461250354395,2.3702310617444136,390.3017857142857,427.1508500711638,0.23076985987475193,0.7785217452652334,137.58333333333334,163.71087318806897,2.2911002214851774,1365.9375,1.0,0.0
20260618T023105-f10f176,arima,philippines,EB3,DFF,0.025045301904588407,0.1811050976928379,29.971921500070156,56.87429442907771,0.034331216756641116,0.11542670946132268,20.46802490295507,35.12837789100825,0.40131339610874633,239.26016498830722,1.0,2.4
20260618T023105-f10f176,prophet,philippines,EB3,DFF,0.14617423211955685,1.0604271113736126,174.92792169607472,240.32326514057232,0.20454642053913372,0.6892088066299169,121.94910710805,153.4660788014916,2.0604377261828795,1228.418176653795,1.0,18.9
20260618T023105-f10f176,ets,philippines,EB3,DFF,0.024636297069460716,0.1795451318410218,29.482462005499215,54.25147165931248,0.03999605034826268,0.13472819639980815,23.845358011953522,31.16622878721683,0.32955270463709335,196.4769560357454,1.0,0.7
20260618T023105-f10f176,theta,philippines,EB3,DFF,0.02406569575823056,0.17464690594166737,28.79961866133916,52.6840460660883,0.04593259593985305,0.15471856500411715,27.384683864209972,31.224734123612222,0.36842638470003364,219.65316494316357,1.0,0.1
20260618T023105-f10f176,kalman,philippines,EB3,DFF,0.06460997046442887,0.46908209875972917,77.31929007120257,116.4880722145596,0.07558105688303228,0.2545120687820909,45.060883377351125,47.6670605118264,1.2382325020193556,738.2253261407604,1.0,0.6
20260618T023105-f10f176,lstm,philippines,EB3,DFF,0.7664445491633728,5.417902757578464,890.7618550376719,909.7916803579252,0.5342982143770069,1.8265845093269562,318.5447586956704,379.6174977966545,3.925797787829516,2340.5324505347367,1.0,3.4
20260618T023105-f10f176,deepar,philippines,EB3,DFF,0.5680490189692355,4.095449604285051,660.1865698460456,896.8999215017958,0.199779241575463,0.674293976922893,119.10694924231166,155.08979142790085,6.838134726376134,4076.8468202384265,1.0,3.4
20260618T023105-f10f176,dlinear,philippines,EB3,DFF,0.28576628243211927,2.0530853558465196,341.9788915722041,469.17750635456997,0.16993301655923085,0.5720821295306774,101.31284420893068,132.04363459089208,3.3588366189642116,2002.5142729209547,1.0,1.4
20260618T023105-f10f176,nlinear,philippines,EB3,DFF,0.0584443445221303,0.4251470792683927,69.94083412583768,93.31293764279742,0.1063566280899206,0.35967468124893553,63.409057936104695,71.57359012935665,0.6701889041260084,399.5618121132211,1.0,1.2
20260618T023105-f10f176,nbeats,philippines,EB3,DFF,0.1292021579506123,0.9157382553712577,154.61729910414732,185.284987621906,0.1868407754870199,0.6282231864617369,111.39312866957987,155.32064510613597,1.4778835920697788,881.1035851300379,0.9166666666666666,31.0
20260618T023105-f10f176,nhits,philippines,EB3,DFF,0.13176747759071658,0.9348269161428273,157.68723849512378,170.51185295730997,0.24339786893031934,0.8212565041076153,145.11206165241038,162.37978437286006,0.9786360972248166,583.4558137253758,0.875,5.0
20260618T023105-f10f176,tide,philippines,EB3,DFF,0.11775693149347295,0.8352534830845814,140.9207012260015,178.57657708935923,0.22442535338302183,0.7547689842885351,133.80078412192006,176.93983429540748,1.7363013550647561,1035.170399768175,0.9166666666666666,1.9
20260618T023105-f10f176,rlinear,philippines,EB3,DFF,0.04480802674553804,0.32385265864230844,53.62213900660824,101.0648501758,0.04414117511456498,0.14860477058312546,26.316651632099365,34.12845945187238,1.233387994192235,735.3370653619204,1.0,0.1
20260618T023105-f10f176,xgboost,philippines,EB3,DFF,0.02890699482811448,0.2040063963131462,33.595709389234656,66.86252952672163,0.045098379483108075,0.15190670126793232,26.887330003082752,48.57453381831588,0.5682846060776513,338.80720137637763,0.9583333333333334,12.1
20260618T023105-f10f176,lightgbm,philippines,EB3,DFF,0.025916242179289478,0.18196038345917454,30.119856660770232,54.213519737177634,0.055921764183064514,0.1880401284778872,33.340154240083244,42.141790838567914,0.41893230812025517,249.7644338107857,1.0,2.7
20260618T023105-f10f176,catboost,philippines,EB3,DFF,0.02262649987626495,0.15943383689661353,26.29651815619513,55.037911755864535,0.049060582121806584,0.16502978463662896,29.249566764287767,45.434530102340574,0.3897263267787804,232.35203745880062,0.9583333333333334,17.6
20260618T023105-f10f176,tft,philippines,EB3,DFF,0.8167946577181924,6.004758489487851,977.4649735135082,1207.784974543138,1.9504013473501356,6.938307497639478,1162.8152777485611,1483.618799613085,9.736646338184423,5804.918629418338,0.9166666666666666,8.7
20260618T023105-f10f176,chronos,philippines,EB3,DFF,0.05204758946291166,0.36600613334923165,62.28578404017857,84.64255520414382,0.10191089689508115,0.34201339812707277,60.758544921875,74.82851437265366,0.6342676439342979,378.14581473214275,0.9583333333333334,0.9
20260618T023105-f10f176,naive,philippines,EB3_OW,DFF,0.39973697692579346,2.902191491243368,478.36857142857144,521.5591006094818,0.48638171389623003,1.9041455437835353,321.875,345.0855570241483,2.556762283223056,1692.0,1.0,0.0
20260618T023105-f10f176,arima,philippines,EB3_OW,DFF,0.04781309189997147,0.34577342599608724,57.218325519128356,133.6995906771043,0.11061014314637223,0.43148818000575634,73.19896864550795,114.26602540004723,1.2199820898173637,807.3529985622423,0.9583333333333334,3.0
20260618T023105-f10f176,prophet,philippines,EB3_OW,DFF,0.21303531660522546,1.5516238404734244,254.94113867577846,348.53692302795764,0.3410296910683579,1.3425976331331155,225.68474240799068,299.6873932152233,2.577438639556665,1705.683084714612,1.0,18.5
20260618T023105-f10f176,ets,philippines,EB3_OW,DFF,0.03583191667714778,0.2606269173191954,42.88035328684839,128.7261990775366,0.057384513792952875,0.22363253282357723,37.975606091653844,88.5557452562466,1.1929957513293576,789.4941287637776,0.875,0.6
20260618T023105-f10f176,theta,philippines,EB3_OW,DFF,0.03612244694700829,0.2621181583136722,43.22803328187604,127.58351530456127,0.06349767627162473,0.24740308869970418,42.02114093929473,86.55964804905521,1.1337908509466719,750.3138373049939,0.875,0.1
20260618T023105-f10f176,kalman,philippines,EB3_OW,DFF,0.0755391165998456,0.5512421309186571,90.39829032767356,168.13645193117043,0.08235821008716561,0.32042046933742524,54.50256067287546,85.12136489055683,1.3764326984262905,910.888016856006,1.0,0.6
20260618T023105-f10f176,lstm,philippines,EB3_OW,DFF,0.5760801420255826,4.130392688381691,669.5203410621318,756.9408341072015,0.4447390983069246,1.735807567307311,294.3169802187149,321.72068952512257,3.3210294374258376,2197.7724894474636,1.0,3.4
20260618T023105-f10f176,deepar,philippines,EB3_OW,DFF,0.656851578880715,4.719981748964373,763.3929049751671,957.6748521060922,0.292425798620174,1.1342477618235351,193.51992733622805,236.49061183564677,6.160477650392113,4076.8468202384265,1.0,3.3
20260618T023105-f10f176,dlinear,philippines,EB3_OW,DFF,0.36828538899118396,2.6516817956074012,440.73019405065804,587.1360644456631,0.15656935141196002,0.6092406445267917,103.61359924907993,129.69911501199255,3.5552450833149636,2352.7704239229497,1.0,1.3
20260618T023105-f10f176,nlinear,philippines,EB3_OW,DFF,0.086694963363778,0.6333518454340623,103.74858511546115,160.17514695131854,0.08273509169338583,0.324059525455588,54.75197129736292,107.16672854344844,1.2285976627228876,813.0545647390439,0.9583333333333334,1.2
20260618T023105-f10f176,nbeats,philippines,EB3_OW,DFF,0.19260302373908325,1.3756494230224792,230.4896435337588,381.30302403022387,0.20922479874460595,0.8114356494179326,138.45962989942504,176.84714974974966,3.2860399808290826,2174.617360419559,1.0,29.6
20260618T023105-f10f176,nhits,philippines,EB3_OW,DFF,0.23328959978420422,1.6689623873270911,279.1796081417553,406.0176194952343,0.23888918669272627,0.9365691667149906,158.09076445486258,204.0862811870808,3.293941341442748,2179.8462791368165,1.0,4.6
20260618T023105-f10f176,tide,philippines,EB3_OW,DFF,0.1885670834849209,1.3525256375879438,225.6598001987672,345.15085554775425,0.1601573065903507,0.6263267745300961,105.98801637877266,134.37557321742617,2.7597055921728377,1826.3027003316731,1.0,1.7
20260618T023105-f10f176,rlinear,philippines,EB3_OW,DFF,0.07319910733689086,0.5295457957572823,87.59798174261846,165.0380632417401,0.09327864467412246,0.3645089274538045,61.72942546291703,126.26612443783219,1.5289224056449076,1011.8018117390599,0.9583333333333334,0.1
20260618T023105-f10f176,xgboost,philippines,EB3_OW,DFF,0.06570073701025239,0.4671794668467745,76.35739655331534,209.91022161307927,0.10638694144487411,0.41494677074237085,70.40416158588293,147.71745845581142,2.870508825522219,1899.62945114357,1.0,10.8
20260618T023105-f10f176,lightgbm,philippines,EB3_OW,DFF,0.04188683465223111,0.2945253720356295,48.680879232822996,129.90721153877118,0.09323963116269464,0.3624370230180201,61.70360731714376,102.51855076773987,1.2262236682080156,811.4835157817275,0.9166666666666666,2.6
20260618T023105-f10f176,catboost,philippines,EB3_OW,DFF,0.054766992557741284,0.3876308073978712,63.650198750606926,171.89492499663484,0.07638266028669562,0.297123154458861,50.54809438215337,93.82780850415212,1.1358815185189381,751.6973877255732,1.0,17.8
20260618T023105-f10f176,tft,philippines,EB3_OW,DFF,0.6899306317189977,5.119952370616374,825.6457364000555,990.7636568246847,1.164790442156807,4.6486877416742205,770.8285752889369,925.9794377939095,5.931896486431177,3925.577642043904,0.9583333333333334,7.8
20260618T023105-f10f176,chronos,philippines,EB3_OW,DFF,0.06133087350221593,0.43887982927197694,73.39516741071431,154.92714551429646,0.12537942213260847,0.4855410322296047,82.972900390625,115.14993353488542,1.0310368422964862,682.3138578869049,0.9583333333333334,0.7
