run_id,model,country,category,table,sel_mase,sel_smape,sel_mae,sel_rmse,hold_mase,hold_smape,hold_mae,hold_rmse,secs
20260617T163621-97373bc,naive,all_chargeability,F1,DFF,0.8154198515411573,2.420183293494433,351.7857142857143,424.4428785394534,0.16325509591469167,0.38489692284402777,60.75,155.72143932890765,0.0
20260617T163621-97373bc,arima,all_chargeability,F1,DFF,0.08240075357623611,0.23924197449444234,35.5490584386812,48.288686429045,0.07296609762333624,0.1721392432700286,27.15192690177317,59.57737321719988,3.1
20260617T163621-97373bc,sarima,all_chargeability,F1,DFF,0.08348811670390777,0.24576686375882123,36.01816501467755,56.55009360689901,0.06339481823177147,0.14939035378419505,23.59029092477802,56.18853644913465,7.9
20260617T163621-97373bc,prophet,all_chargeability,F1,DFF,0.19665491589218861,0.5691025307060147,84.84020829782172,107.85972952438189,0.33746843743369914,0.7992127750303407,125.57774971269532,165.72875485658284,46.0
20260617T163621-97373bc,ets,all_chargeability,F1,DFF,0.08211329665672962,0.2395044397611282,35.42504473265744,47.48229396122049,0.08805437538063532,0.20826193220919886,32.76653187701322,57.509754779208556,0.7
20260617T163621-97373bc,theta,all_chargeability,F1,DFF,0.07604836127953196,0.2228214221191956,32.808530528678084,48.6616390169884,0.08438420861136138,0.19950666722167928,31.40080035124265,57.352620590366634,0.1
20260617T163621-97373bc,kalman,all_chargeability,F1,DFF,0.09841242042820453,0.2882325981572835,42.45675837973457,53.93572748704816,0.1068982548693811,0.25326092062703903,39.77866018166045,57.485649769044954,0.6
20260617T163621-97373bc,lstm,all_chargeability,F1,DFF,1.5614091348074175,4.478945867027956,650.8577837531236,704.5203418136879,0.4675089458372564,1.1203403766093918,173.96803634512116,251.2703141832391,3.2
20260617T163621-97373bc,deepar,all_chargeability,F1,DFF,1.1979773960638769,3.4744800490510883,499.36489777526634,659.6990054389154,0.4428163559067461,1.061845321883087,164.77950333257522,245.98392991973955,3.2
20260617T163621-97373bc,dlinear,all_chargeability,F1,DFF,0.593169579972045,1.7105119155436694,255.90324295960642,285.80998522394026,0.4016754158059102,0.9517488248664691,149.47025924973332,157.10384455977933,1.3
20260617T163621-97373bc,nlinear,all_chargeability,F1,DFF,0.10179938225358,0.30092515240655704,43.917950160565304,61.94163785843601,0.10522354191371049,0.24932047391043757,39.155470985102966,65.88534080531036,1.1
20260617T163621-97373bc,nbeats,all_chargeability,F1,DFF,0.46650394822865443,1.3565598297423394,201.2575783316453,260.39923374649925,0.2813704558427713,0.6661748097051479,104.70273590344998,133.5729437869512,28.9
20260617T163621-97373bc,nhits,all_chargeability,F1,DFF,0.2955906742177385,0.8551856364208037,127.52274336876934,163.2543880670626,0.2695809723766513,0.6388927775298562,100.31566843364772,129.0755533759992,4.5
20260617T163621-97373bc,tide,all_chargeability,F1,DFF,0.3645333607814339,1.0619544616006151,157.2657673971236,195.3581893461915,0.2450908099808713,0.5813060714422958,91.20246215234995,104.54460346939327,1.7
20260617T163621-97373bc,rlinear,all_chargeability,F1,DFF,0.11055015127060905,0.3210474324894139,47.693177760661925,64.93326286259934,0.0908000893803728,0.21415061363617824,33.78825879187298,61.90088865270867,0.1
20260617T163621-97373bc,xgboost,all_chargeability,F1,DFF,0.07285026616892777,0.20381149137659843,30.366904949855847,51.33430562077926,0.0664696810435803,0.1568595990662024,24.734499715142494,52.65409010946853,9.9
20260617T163621-97373bc,lightgbm,all_chargeability,F1,DFF,0.07657884852357735,0.2157361625692989,31.921127218567985,46.53168445706882,0.08042032241461415,0.18985204160629987,29.925770827029663,59.34183055223082,2.7
20260617T163621-97373bc,catboost,all_chargeability,F1,DFF,0.0689002048730621,0.19312655205714027,28.720361399287206,44.85843226835115,0.0772109392763019,0.18205274308054453,28.731504733465574,56.176878495352625,17.3
20260617T163621-97373bc,tft,all_chargeability,F1,DFF,1.727863327427232,5.1772571271789,745.4290371742318,944.3064314193437,1.1839670923142287,2.873105670576122,440.57430768148305,586.8039030529811,7.7
20260617T163621-97373bc,chronos,all_chargeability,F1,DFF,0.09210997647562019,0.266023162855407,39.73777901785714,52.87423541782965,0.12310659275029302,0.2905876178610401,45.81005859375,69.74709281252134,1.2
20260617T163621-97373bc,naive,all_chargeability,F2A,DFF,1.20691154339223,2.474708793860488,410.0984848484849,433.22468189151,0.9277181551041266,2.0051974936690127,363.0625,387.4652000502755,0.0
20260617T163621-97373bc,prophet,all_chargeability,F2A,DFF,0.23188601506203785,0.4740066442541957,78.79293553462162,109.02032111333712,0.25967486320183714,0.5588216635586586,101.62375771403897,113.88701201262052,22.1
20260617T163621-97373bc,ets,all_chargeability,F2A,DFF,0.06922902198001034,0.14183811930611068,23.523444760291017,55.70498656167446,0.08769224795648874,0.1892461598341393,34.318361237771875,54.685434466664645,0.6
20260617T163621-97373bc,theta,all_chargeability,F2A,DFF,0.07674076274737766,0.15673524655447577,26.0758716752027,57.227672292711176,0.08952926431970476,0.1929384135100151,35.037277591516464,56.261749975552846,0.1
20260617T163621-97373bc,kalman,all_chargeability,F2A,DFF,0.08872327107813896,0.18205476074035254,30.147428151759303,61.07516732357745,0.10587972374678818,0.2289103302595675,41.43602988830556,58.481665195647594,0.5
20260617T163621-97373bc,lstm,all_chargeability,F2A,DFF,1.888798173616291,3.9190667191417297,645.9689753767716,685.3528872955181,1.4755186489627767,3.2201275924532298,577.4442232715827,596.2630644959937,3.1
20260617T163621-97373bc,deepar,all_chargeability,F2A,DFF,1.53318452836915,3.1875952034245767,524.3491087022493,624.1366033631454,0.8595961779867226,1.8746571664266953,336.4029642551039,419.44523367032144,3.2
20260617T163621-97373bc,dlinear,all_chargeability,F2A,DFF,0.8185794197932239,1.6461129927297073,278.14646535057256,300.32680043730403,0.22340690241315134,0.4834138710005745,87.4302912593868,122.04858779877803,1.3
20260617T163621-97373bc,nlinear,all_chargeability,F2A,DFF,0.08550368081846597,0.17581955102064611,29.053438211441254,62.762063669340016,0.08511314906838181,0.18356900078929753,33.30903088791123,58.89999208344097,1.1
20260617T163621-97373bc,nbeats,all_chargeability,F2A,DFF,0.4307778480004433,0.8709855580845605,146.37472293515066,198.45819978474375,0.22907509637693466,0.4936688260445388,89.64853896711338,113.528802885988,29.1
20260617T163621-97373bc,nhits,all_chargeability,F2A,DFF,0.29091947850073185,0.5914049750073456,98.85201446556115,123.25474429568246,0.232119960563308,0.49803574505759746,90.84014656645058,115.96907248148119,4.5
20260617T163621-97373bc,tide,all_chargeability,F2A,DFF,0.42177153139287626,0.8546684599465288,143.31445160453774,196.21396069192835,0.2067067014104438,0.44504170017326167,80.89466759697719,92.40889884989508,1.8
20260617T163621-97373bc,rlinear,all_chargeability,F2A,DFF,0.3733361091461696,0.7729809939826022,126.85649875362554,245.9721456837081,0.11767402547928568,0.2527570765170501,46.05172987131846,59.593540750279196,0.1
20260617T163621-97373bc,xgboost,all_chargeability,F2A,DFF,0.09164042991972418,0.19081699267860333,31.341027032545668,73.1273846597837,0.12901498629324815,0.2774735002984889,50.49001488586267,78.0507856456276,10.3
20260617T163621-97373bc,lightgbm,all_chargeability,F2A,DFF,0.08500369052139724,0.17450837622089302,29.07126215831785,58.0790589812242,0.12025612146636615,0.2588199384917291,47.06223313586239,61.91851275914077,2.2
20260617T163621-97373bc,catboost,all_chargeability,F2A,DFF,0.06439557633772017,0.13413586383470313,22.0232871075003,56.53407421243023,0.09997705731196978,0.21555725522557612,39.12602137903938,62.89236165137005,15.7
20260617T163621-97373bc,tft,all_chargeability,F2A,DFF,2.274185201591718,4.7134815455824475,772.7491799575193,985.6934239952694,2.9054728191067745,6.578898070968864,1137.056787757436,1444.729707339305,7.7
20260617T163621-97373bc,chronos,all_chargeability,F2A,DFF,0.12124428682905077,0.24239316675001754,41.19779829545455,66.782721826092,0.19614075442645115,0.4214790317198771,76.75968424479167,85.65860199323139,0.7
20260617T163621-97373bc,naive,all_chargeability,F2B,DFF,1.6127226463104327,2.203599326250376,316.9,456.9589384491471,0.27708898719902847,0.5109473240206119,79.29166666666667,168.0078123183562,0.0
20260617T163621-97373bc,arima,all_chargeability,F2B,DFF,0.15353786778382142,0.2028611975225946,30.170191019520903,58.47506284710064,0.07980475069416769,0.14669780254177198,22.836893499174646,47.435302559293234,3.0
20260617T163621-97373bc,prophet,all_chargeability,F2B,DFF,0.503178061331631,0.6679998465320284,98.87448905166548,164.7658312169847,0.2933666154790154,0.5414340228024642,83.94966584861739,142.30885728766586,17.4
20260617T163621-97373bc,ets,all_chargeability,F2B,DFF,0.15142012665183027,0.1997290027761722,29.754054887084646,52.7327728733588,0.09864682307108497,0.1818020219663293,28.228732912650155,46.78587735561276,0.6
20260617T163621-97373bc,theta,all_chargeability,F2B,DFF,0.1031825884265692,0.13507183469405198,20.27537862582085,24.900380264324156,0.10089052704875924,0.18597062138311915,28.870790288133776,46.46451923593734,0.1
20260617T163621-97373bc,kalman,all_chargeability,F2B,DFF,0.43130578615291754,0.5853185610103464,84.75158697904828,167.45526708461853,0.11423603157139924,0.21111267849852242,32.68973418339434,43.57980555972194,0.6
20260617T163621-97373bc,lstm,all_chargeability,F2B,DFF,2.1186153954095897,3.32497712346442,478.72233474675096,645.7313249307746,0.33751466250200934,0.6235301144158133,96.58305219831436,129.22228603196808,3.1
20260617T163621-97373bc,deepar,all_chargeability,F2B,DFF,1.961937000923305,3.077030509146849,443.3192847286299,626.9838219548625,0.3217826011537726,0.5949164411073049,92.08117221739712,136.10943821173151,3.2
20260617T163621-97373bc,dlinear,all_chargeability,F2B,DFF,1.7693442360930078,2.2908556195178837,347.676142392276,397.90537808541376,0.28005045636682196,0.5171217974883738,80.13911942352281,108.44694321827834,1.3
20260617T163621-97373bc,nlinear,all_chargeability,F2B,DFF,0.22221496467499818,0.29460783700921794,43.665240558637144,58.10071606551702,0.14680166044615447,0.2714857317981647,42.00870068447989,57.89540424358776,1.1
20260617T163621-97373bc,nbeats,all_chargeability,F2B,DFF,0.8592917729694921,1.1558813566308734,168.85083338850518,251.94551269760632,0.25659243243287555,0.4730183329965369,73.42638127672255,130.7091959752326,29.0
20260617T163621-97373bc,nhits,all_chargeability,F2B,DFF,0.7624938979017196,0.9994358106793373,149.8300509376879,198.74317543643383,0.2601861843676023,0.47999083860380987,74.45476780110782,126.91031219865546,4.6
20260617T163621-97373bc,tide,all_chargeability,F2B,DFF,1.1089276835508788,1.4366703969480417,217.9042898177477,367.54425330688156,0.16933257174402372,0.31164432169994644,48.456136673856314,83.43260379909738,1.7
20260617T163621-97373bc,rlinear,all_chargeability,F2B,DFF,1.6423624603453781,2.319767289474548,322.7242234578668,926.5019288476976,0.07672433263109353,0.14079393620788153,21.955402377061546,50.20459955247641,0.1
20260617T163621-97373bc,xgboost,all_chargeability,F2B,DFF,0.11684583072799337,0.1760015618943712,26.402483911297377,93.60311487097445,0.07417676874856426,0.13609545063671288,21.2263925805067,47.642166805210174,10.8
20260617T163621-97373bc,lightgbm,all_chargeability,F2B,DFF,0.14268296464408808,0.21453990837026202,32.240642690978135,42.16422741350919,0.1119493881356078,0.20670278648902066,32.03538927084802,51.8470509351604,2.8
20260617T163621-97373bc,catboost,all_chargeability,F2B,DFF,0.11970861781956497,0.18213461495008493,27.049359282508902,54.832819828134475,0.06985950073528499,0.12840687582644358,19.99096500296203,44.69057331872503,16.7
20260617T163621-97373bc,tft,all_chargeability,F2B,DFF,3.5372812121733523,4.846584532539048,695.0757581920637,947.4967410391903,0.9127935928542897,1.7255770822424399,261.2046261083781,483.9602195402823,7.8
20260617T163621-97373bc,chronos,all_chargeability,F2B,DFF,0.21285079573336968,0.27818106621819855,41.82518136160714,48.068305980111745,0.15681951926457924,0.2878786092621703,44.875406901041664,70.23909381124678,0.7
20260617T163621-97373bc,naive,all_chargeability,F3,DFF,1.698261612995155,2.04528421834578,248.3,304.87105002419815,1.9757699058560714,3.2964193637787687,439.0833333333333,544.4422987486063,0.0
20260617T163621-97373bc,arima,all_chargeability,F3,DFF,0.14637816079141022,0.17259075389824133,21.401706925710773,31.41611331716274,0.21685190010304925,0.3553174883820069,48.191874395241484,77.46382066230149,2.2
20260617T163621-97373bc,prophet,all_chargeability,F3,DFF,0.34739172947473407,0.4100680303677481,50.79156578028508,68.61910215076064,1.0554748862728611,1.725111179979171,234.56245078978796,270.73469912467004,31.4
20260617T163621-97373bc,ets,all_chargeability,F3,DFF,0.14921387021534452,0.1755887682284105,21.81631127440183,30.942494264300212,0.21492465013985143,0.3521393297054038,47.76357384490954,77.67006707886436,0.7
20260617T163621-97373bc,theta,all_chargeability,F3,DFF,0.15792204905209728,0.18627644247750125,23.08951958849206,32.59646077724582,0.17487618333905477,0.2877822819571137,38.86344116971122,75.94483163381575,0.1
20260617T163621-97373bc,kalman,all_chargeability,F3,DFF,0.19180754689100096,0.22451394996290047,28.043861751688436,33.75869217484172,0.21558177946621623,0.35340545705121235,47.909610351587844,78.99773117676106,0.6
20260617T163621-97373bc,lstm,all_chargeability,F3,DFF,2.7088550484803995,3.484265987703305,423.8816379862129,495.0067790498278,3.5692232061549256,5.970717962111512,793.2029018784724,801.6529933139651,3.1
20260617T163621-97373bc,deepar,all_chargeability,F3,DFF,2.58504703083209,3.3074577020039677,404.50815938460545,493.4098965657461,3.000038350255167,5.031248094057593,666.7106503918131,723.410882360428,3.2
20260617T163621-97373bc,dlinear,all_chargeability,F3,DFF,1.4787441665308723,1.6925898839728815,216.204720014868,273.5108524598492,0.5444090250563169,0.8974464301659032,120.98621844070703,183.90727939089305,1.2
20260617T163621-97373bc,nlinear,all_chargeability,F3,DFF,0.17242866094277068,0.20380958069178742,25.210507135340933,38.122865072760895,0.25208355440367247,0.4122618534995514,56.02154735630552,78.28643456180899,1.2
20260617T163621-97373bc,nbeats,all_chargeability,F3,DFF,0.7243502547351119,0.8406399263345042,105.90604349439616,163.08834787920094,0.9539735372805751,1.5619234491621417,212.00539567862992,248.5189951506407,28.9
20260617T163621-97373bc,nhits,all_chargeability,F3,DFF,0.5436257969163071,0.6327542723808902,79.48262172413841,120.25403095914504,0.4115912456219994,0.6794301781271869,91.46958639408051,140.253555681771,4.5
20260617T163621-97373bc,tide,all_chargeability,F3,DFF,0.7267525544655,0.8468400170600617,106.25727973414334,150.82129073077354,0.614325999733116,1.0082724200039754,136.5241503662212,169.80257265641492,1.7
20260617T163621-97373bc,rlinear,all_chargeability,F3,DFF,2.3145683563329675,2.4650759869456196,338.409181765516,1214.7962851047055,0.27962552715580874,0.45717182849663124,62.1423113009026,88.82269584317571,0.1
20260617T163621-97373bc,xgboost,all_chargeability,F3,DFF,0.21443037576322108,0.2732456939423898,33.554065199428834,65.85912156370645,0.3109140447210577,0.5067369636918658,69.09568504492442,96.37495687110746,10.5
20260617T163621-97373bc,lightgbm,all_chargeability,F3,DFF,0.1532745574841523,0.1915184844830217,23.984402755120147,30.46143670960638,0.2216630045414516,0.3627816805427073,49.26106558373325,76.48372721629899,2.6
20260617T163621-97373bc,catboost,all_chargeability,F3,DFF,0.15805937845966303,0.1984594586797457,24.73313154136807,32.57780693701956,0.2528741187001392,0.41393253340100156,56.197237655807534,82.31174249542899,17.4
20260617T163621-97373bc,tft,all_chargeability,F3,DFF,3.561525418613102,4.302042973495448,520.724695579724,663.5260123823633,4.098739516233358,6.917400447838749,910.8794520650516,988.5132971106833,7.9
20260617T163621-97373bc,chronos,all_chargeability,F3,DFF,0.20652461273052963,0.2430977224314717,30.195619419642856,37.73203055147324,0.42661085285523376,0.6893151817760792,94.80745442708333,151.5745767153761,0.7
20260617T163621-97373bc,naive,all_chargeability,F4,DFF,1.314806378132118,1.6669649737506975,192.4,287.5329546330298,1.1952983902630547,1.7485198377924176,215.91666666666666,290.9326955385615,0.0
20260617T163621-97373bc,arima,all_chargeability,F4,DFF,0.11147270822088634,0.1394932808969944,16.31217296965637,33.77103701103825,0.16696161569425996,0.24278488119983424,30.15966206902696,41.86709328641583,2.8
20260617T163621-97373bc,sarima,all_chargeability,F4,DFF,0.11201151573114373,0.14037573639217116,16.391018468657368,34.449716191019014,0.17189819313758345,0.24950578271504376,31.051397015703895,44.22303423503079,7.1
20260617T163621-97373bc,prophet,all_chargeability,F4,DFF,0.34029643082423777,0.4231191587607347,49.79671104394679,69.51500047873223,0.595476061116051,0.8672656878638088,107.5657821037292,135.47313049073534,35.7
20260617T163621-97373bc,ets,all_chargeability,F4,DFF,0.11822520854552607,0.14821673369719063,17.300288850495313,36.18554278774005,0.16692942489364315,0.24226016538676198,30.15384717759639,43.45546958134092,0.7
20260617T163621-97373bc,theta,all_chargeability,F4,DFF,0.1320176048268683,0.1650157240879703,19.318576172998394,36.94775079689213,0.17975797999935517,0.2608636911090161,32.47117553605373,48.55048454233904,0.2
20260617T163621-97373bc,kalman,all_chargeability,F4,DFF,0.24690753909233903,0.3088682116727508,36.13080322051228,60.83700317253019,0.21299842635154995,0.3096353510260271,38.475673185631045,51.67898712882314,0.6
20260617T163621-97373bc,lstm,all_chargeability,F4,DFF,2.396407285218369,3.0689296077443915,355.626841126406,435.3693151333035,1.4921169369063894,2.191676200753671,269.53346370926056,326.75267138554767,3.2
20260617T163621-97373bc,deepar,all_chargeability,F4,DFF,2.6886078165188247,3.4248675691143498,398.9893999713935,489.1617702896928,1.5466902932314122,2.2874567149906513,279.3915019049934,347.5565714108076,3.3
20260617T163621-97373bc,dlinear,all_chargeability,F4,DFF,1.4498456314792507,1.757533709116298,212.16074407313036,278.7771109912449,0.42837388796526815,0.6235109256444067,77.3807299750027,104.11676998796614,1.3
20260617T163621-97373bc,nlinear,all_chargeability,F4,DFF,0.12525244808854805,0.1567810650145471,18.328608236957525,37.41666901354989,0.18629756117228866,0.2711776310537337,33.65247434793044,46.02944830125294,1.3
20260617T163621-97373bc,nbeats,all_chargeability,F4,DFF,0.7385422070844067,0.910721528093347,108.07334297001816,166.01291085798496,0.48226699793486455,0.7018165636832082,87.11588962695744,108.75954176194897,29.9
20260617T163621-97373bc,nhits,all_chargeability,F4,DFF,0.7194007397270709,0.8858095910461997,105.27230824672803,174.16669130493526,0.42321956921276654,0.6145595826675742,76.44966260885933,100.36677210644528,4.7
20260617T163621-97373bc,tide,all_chargeability,F4,DFF,0.9222210176377329,1.1299969601437887,134.95167558098828,206.39714459408916,0.41102058674484193,0.5966683125365897,74.24605918007887,98.6701792720502,1.8
20260617T163621-97373bc,rlinear,all_chargeability,F4,DFF,0.2910161504496586,0.35807728636157055,42.58536334913338,93.482218645088,0.17916587746888865,0.26089669652839803,32.36421914278435,43.43198213614377,0.1
20260617T163621-97373bc,xgboost,all_chargeability,F4,DFF,0.1475641840506756,0.18602707466222582,21.89852491312026,45.832442300052556,0.13540485068339553,0.1970076679683248,24.459301751106977,36.70578065161725,10.4
20260617T163621-97373bc,lightgbm,all_chargeability,F4,DFF,0.15822256512771077,0.19907188530648953,23.48022866495228,36.84203216471519,0.1773170600043592,0.25766744624974214,32.0302519029151,44.84662978273009,2.8
20260617T163621-97373bc,catboost,all_chargeability,F4,DFF,0.13181071787295554,0.1663895798915205,19.560710532346608,35.91968177894501,0.1571955360472115,0.22856492571532439,28.39553406469842,40.850325427796186,19.7
20260617T163621-97373bc,tft,all_chargeability,F4,DFF,3.169147022738004,4.019585645969674,463.7518476606612,581.2458505250675,1.9991754479577935,2.966611812044437,361.1276500672695,478.9075157590379,8.1
20260617T163621-97373bc,chronos,all_chargeability,F4,DFF,0.18876883211641718,0.23458546848913286,27.623172433035716,42.85222850927301,0.3008652038933672,0.43545257885669814,54.3477783203125,73.55893015808641,0.7
20260617T163621-97373bc,naive,china,F1,DFF,0.8154198515411573,2.420183293494433,351.7857142857143,424.4428785394534,0.16325509591469167,0.38489692284402777,60.75,155.72143932890765,0.0
20260617T163621-97373bc,arima,china,F1,DFF,0.08240075357623611,0.23924197449444234,35.5490584386812,48.288686429045,0.07296609762333624,0.1721392432700286,27.15192690177317,59.57737321719988,3.2
20260617T163621-97373bc,sarima,china,F1,DFF,0.08348811670390777,0.24576686375882123,36.01816501467755,56.55009360689901,0.06339481823177147,0.14939035378419505,23.59029092477802,56.18853644913465,8.1
20260617T163621-97373bc,prophet,china,F1,DFF,0.19665491589218861,0.5691025307060147,84.84020829782172,107.85972952438189,0.33746843743369914,0.7992127750303407,125.57774971269532,165.72875485658284,49.8
20260617T163621-97373bc,ets,china,F1,DFF,0.08211329665672962,0.2395044397611282,35.42504473265744,47.48229396122049,0.08805437538063532,0.20826193220919886,32.76653187701322,57.509754779208556,0.7
20260617T163621-97373bc,theta,china,F1,DFF,0.07604836127953196,0.2228214221191956,32.808530528678084,48.6616390169884,0.08438420861136138,0.19950666722167928,31.40080035124265,57.352620590366634,0.1
20260617T163621-97373bc,kalman,china,F1,DFF,0.09841242042820453,0.2882325981572835,42.45675837973457,53.93572748704816,0.1068982548693811,0.25326092062703903,39.77866018166045,57.485649769044954,0.5
20260617T163621-97373bc,lstm,china,F1,DFF,1.5614091348074175,4.478945867027956,650.8577837531236,704.5203418136879,0.4675089458372564,1.1203403766093918,173.96803634512116,251.2703141832391,3.3
20260617T163621-97373bc,deepar,china,F1,DFF,1.1979773960638769,3.4744800490510883,499.36489777526634,659.6990054389154,0.4428163559067461,1.061845321883087,164.77950333257522,245.98392991973955,3.3
20260617T163621-97373bc,dlinear,china,F1,DFF,0.593169579972045,1.7105119155436694,255.90324295960642,285.80998522394026,0.4016754158059102,0.9517488248664691,149.47025924973332,157.10384455977933,1.3
20260617T163621-97373bc,nlinear,china,F1,DFF,0.10179938225358,0.30092515240655704,43.917950160565304,61.94163785843601,0.10522354191371049,0.24932047391043757,39.155470985102966,65.88534080531036,1.2
20260617T163621-97373bc,nbeats,china,F1,DFF,0.46650394822865443,1.3565598297423394,201.2575783316453,260.39923374649925,0.2813704558427713,0.6661748097051479,104.70273590344998,133.5729437869512,29.8
20260617T163621-97373bc,nhits,china,F1,DFF,0.2955906742177385,0.8551856364208037,127.52274336876934,163.2543880670626,0.2695809723766513,0.6388927775298562,100.31566843364772,129.0755533759992,4.7
20260617T163621-97373bc,tide,china,F1,DFF,0.3645333607814339,1.0619544616006151,157.2657673971236,195.3581893461915,0.2450908099808713,0.5813060714422958,91.20246215234995,104.54460346939327,1.8
20260617T163621-97373bc,rlinear,china,F1,DFF,0.11055015127060905,0.3210474324894139,47.693177760661925,64.93326286259934,0.0908000893803728,0.21415061363617824,33.78825879187298,61.90088865270867,0.1
20260617T163621-97373bc,xgboost,china,F1,DFF,0.07285026616892777,0.20381149137659843,30.366904949855847,51.33430562077926,0.0664696810435803,0.1568595990662024,24.734499715142494,52.65409010946853,9.9
20260617T163621-97373bc,lightgbm,china,F1,DFF,0.07657884852357735,0.2157361625692989,31.921127218567985,46.53168445706882,0.08042032241461415,0.18985204160629987,29.925770827029663,59.34183055223082,2.6
20260617T163621-97373bc,catboost,china,F1,DFF,0.0689002048730621,0.19312655205714027,28.720361399287206,44.85843226835115,0.0772109392763019,0.18205274308054453,28.731504733465574,56.176878495352625,19.5
20260617T163621-97373bc,tft,china,F1,DFF,1.727863327427232,5.1772571271789,745.4290371742318,944.3064314193437,1.1839670923142287,2.873105670576122,440.57430768148305,586.8039030529811,8.0
20260617T163621-97373bc,chronos,china,F1,DFF,0.09210997647562019,0.266023162855407,39.73777901785714,52.87423541782965,0.12310659275029302,0.2905876178610401,45.81005859375,69.74709281252134,0.7
20260617T163621-97373bc,naive,china,F2A,DFF,1.20691154339223,2.474708793860488,410.0984848484849,433.22468189151,0.9277181551041266,2.0051974936690127,363.0625,387.4652000502755,0.0
20260617T163621-97373bc,prophet,china,F2A,DFF,0.23188601506203785,0.4740066442541957,78.79293553462162,109.02032111333712,0.25967486320183714,0.5588216635586586,101.62375771403897,113.88701201262052,23.7
20260617T163621-97373bc,ets,china,F2A,DFF,0.06922902198001034,0.14183811930611068,23.523444760291017,55.70498656167446,0.08769224795648874,0.1892461598341393,34.318361237771875,54.685434466664645,0.6
20260617T163621-97373bc,theta,china,F2A,DFF,0.07674076274737766,0.15673524655447577,26.0758716752027,57.227672292711176,0.08952926431970476,0.1929384135100151,35.037277591516464,56.261749975552846,0.1
20260617T163621-97373bc,kalman,china,F2A,DFF,0.08872327107813896,0.18205476074035254,30.147428151759303,61.07516732357745,0.10587972374678818,0.2289103302595675,41.43602988830556,58.481665195647594,0.6
20260617T163621-97373bc,lstm,china,F2A,DFF,1.888798173616291,3.9190667191417297,645.9689753767716,685.3528872955181,1.4755186489627767,3.2201275924532298,577.4442232715827,596.2630644959937,3.2
20260617T163621-97373bc,deepar,china,F2A,DFF,1.53318452836915,3.1875952034245767,524.3491087022493,624.1366033631454,0.8595961779867226,1.8746571664266953,336.4029642551039,419.44523367032144,3.3
20260617T163621-97373bc,dlinear,china,F2A,DFF,0.8185794197932239,1.6461129927297073,278.14646535057256,300.32680043730403,0.22340690241315134,0.4834138710005745,87.4302912593868,122.04858779877803,1.2
20260617T163621-97373bc,nlinear,china,F2A,DFF,0.08550368081846597,0.17581955102064611,29.053438211441254,62.762063669340016,0.08511314906838181,0.18356900078929753,33.30903088791123,58.89999208344097,1.2
20260617T163621-97373bc,nbeats,china,F2A,DFF,0.4307778480004433,0.8709855580845605,146.37472293515066,198.45819978474375,0.22907509637693466,0.4936688260445388,89.64853896711338,113.528802885988,29.6
20260617T163621-97373bc,nhits,china,F2A,DFF,0.29091947850073185,0.5914049750073456,98.85201446556115,123.25474429568246,0.232119960563308,0.49803574505759746,90.84014656645058,115.96907248148119,4.6
20260617T163621-97373bc,tide,china,F2A,DFF,0.42177153139287626,0.8546684599465288,143.31445160453774,196.21396069192835,0.2067067014104438,0.44504170017326167,80.89466759697719,92.40889884989508,1.8
20260617T163621-97373bc,rlinear,china,F2A,DFF,0.3733361091461696,0.7729809939826022,126.85649875362554,245.9721456837081,0.11767402547928568,0.2527570765170501,46.05172987131846,59.593540750279196,0.1
20260617T163621-97373bc,xgboost,china,F2A,DFF,0.09164042991972418,0.19081699267860333,31.341027032545668,73.1273846597837,0.12901498629324815,0.2774735002984889,50.49001488586267,78.0507856456276,9.7
20260617T163621-97373bc,lightgbm,china,F2A,DFF,0.08500369052139724,0.17450837622089302,29.07126215831785,58.0790589812242,0.12025612146636615,0.2588199384917291,47.06223313586239,61.91851275914077,2.2
20260617T163621-97373bc,catboost,china,F2A,DFF,0.06439557633772017,0.13413586383470313,22.0232871075003,56.53407421243023,0.09997705731196978,0.21555725522557612,39.12602137903938,62.89236165137005,16.9
20260617T163621-97373bc,tft,china,F2A,DFF,2.274185201591718,4.7134815455824475,772.7491799575193,985.6934239952694,2.9054728191067745,6.578898070968864,1137.056787757436,1444.729707339305,7.9
20260617T163621-97373bc,chronos,china,F2A,DFF,0.12124428682905077,0.24239316675001754,41.19779829545455,66.782721826092,0.19614075442645115,0.4214790317198771,76.75968424479167,85.65860199323139,0.7
20260617T163621-97373bc,naive,china,F2B,DFF,1.6127226463104327,2.203599326250376,316.9,456.9589384491471,0.27708898719902847,0.5109473240206119,79.29166666666667,168.0078123183562,0.0
20260617T163621-97373bc,arima,china,F2B,DFF,0.15353786778382142,0.2028611975225946,30.170191019520903,58.47506284710064,0.07980475069416769,0.14669780254177198,22.836893499174646,47.435302559293234,3.1
20260617T163621-97373bc,prophet,china,F2B,DFF,0.503178061331631,0.6679998465320284,98.87448905166548,164.7658312169847,0.2933666154790154,0.5414340228024642,83.94966584861739,142.30885728766586,18.9
20260617T163621-97373bc,ets,china,F2B,DFF,0.15142012665183027,0.1997290027761722,29.754054887084646,52.7327728733588,0.09864682307108497,0.1818020219663293,28.228732912650155,46.78587735561276,0.6
20260617T163621-97373bc,theta,china,F2B,DFF,0.1031825884265692,0.13507183469405198,20.27537862582085,24.900380264324156,0.10089052704875924,0.18597062138311915,28.870790288133776,46.46451923593734,0.1
20260617T163621-97373bc,kalman,china,F2B,DFF,0.43130578615291754,0.5853185610103464,84.75158697904828,167.45526708461853,0.11423603157139924,0.21111267849852242,32.68973418339434,43.57980555972194,0.5
20260617T163621-97373bc,lstm,china,F2B,DFF,2.1186153954095897,3.32497712346442,478.72233474675096,645.7313249307746,0.33751466250200934,0.6235301144158133,96.58305219831436,129.22228603196808,3.2
20260617T163621-97373bc,deepar,china,F2B,DFF,1.961937000923305,3.077030509146849,443.3192847286299,626.9838219548625,0.3217826011537726,0.5949164411073049,92.08117221739712,136.10943821173151,3.3
20260617T163621-97373bc,dlinear,china,F2B,DFF,1.7693442360930078,2.2908556195178837,347.676142392276,397.90537808541376,0.28005045636682196,0.5171217974883738,80.13911942352281,108.44694321827834,1.3
20260617T163621-97373bc,nlinear,china,F2B,DFF,0.22221496467499818,0.29460783700921794,43.665240558637144,58.10071606551702,0.14680166044615447,0.2714857317981647,42.00870068447989,57.89540424358776,1.3
20260617T163621-97373bc,nbeats,china,F2B,DFF,0.8592917729694921,1.1558813566308734,168.85083338850518,251.94551269760632,0.25659243243287555,0.4730183329965369,73.42638127672255,130.7091959752326,29.6
20260617T163621-97373bc,nhits,china,F2B,DFF,0.7624938979017196,0.9994358106793373,149.8300509376879,198.74317543643383,0.2601861843676023,0.47999083860380987,74.45476780110782,126.91031219865546,4.7
20260617T163621-97373bc,tide,china,F2B,DFF,1.1089276835508788,1.4366703969480417,217.9042898177477,367.54425330688156,0.16933257174402372,0.31164432169994644,48.456136673856314,83.43260379909738,1.8
20260617T163621-97373bc,rlinear,china,F2B,DFF,1.6423624603453781,2.319767289474548,322.7242234578668,926.5019288476976,0.07672433263109353,0.14079393620788153,21.955402377061546,50.20459955247641,0.1
20260617T163621-97373bc,xgboost,china,F2B,DFF,0.11684583072799337,0.1760015618943712,26.402483911297377,93.60311487097445,0.07417676874856426,0.13609545063671288,21.2263925805067,47.642166805210174,10.8
20260617T163621-97373bc,lightgbm,china,F2B,DFF,0.14268296464408808,0.21453990837026202,32.240642690978135,42.16422741350919,0.1119493881356078,0.20670278648902066,32.03538927084802,51.8470509351604,2.7
20260617T163621-97373bc,catboost,china,F2B,DFF,0.11970861781956497,0.18213461495008493,27.049359282508902,54.832819828134475,0.06985950073528499,0.12840687582644358,19.99096500296203,44.69057331872503,18.8
20260617T163621-97373bc,tft,china,F2B,DFF,3.5372812121733523,4.846584532539048,695.0757581920637,947.4967410391903,0.9127935928542897,1.7255770822424399,261.2046261083781,483.9602195402823,8.0
20260617T163621-97373bc,chronos,china,F2B,DFF,0.21285079573336968,0.27818106621819855,41.82518136160714,48.068305980111745,0.15681951926457924,0.2878786092621703,44.875406901041664,70.23909381124678,0.7
20260617T163621-97373bc,naive,china,F3,DFF,1.698261612995155,2.04528421834578,248.3,304.87105002419815,1.9757699058560714,3.2964193637787687,439.0833333333333,544.4422987486063,0.0
20260617T163621-97373bc,arima,china,F3,DFF,0.14637816079141022,0.17259075389824133,21.401706925710773,31.41611331716274,0.21685190010304925,0.3553174883820069,48.191874395241484,77.46382066230149,2.2
20260617T163621-97373bc,prophet,china,F3,DFF,0.34739172947473407,0.4100680303677481,50.79156578028508,68.61910215076064,1.0554748862728611,1.725111179979171,234.56245078978796,270.73469912467004,32.6
20260617T163621-97373bc,ets,china,F3,DFF,0.14921387021534452,0.1755887682284105,21.81631127440183,30.942494264300212,0.21492465013985143,0.3521393297054038,47.76357384490954,77.67006707886436,0.7
20260617T163621-97373bc,theta,china,F3,DFF,0.15792204905209728,0.18627644247750125,23.08951958849206,32.59646077724582,0.17487618333905477,0.2877822819571137,38.86344116971122,75.94483163381575,0.1
20260617T163621-97373bc,kalman,china,F3,DFF,0.19180754689100096,0.22451394996290047,28.043861751688436,33.75869217484172,0.21558177946621623,0.35340545705121235,47.909610351587844,78.99773117676106,0.5
20260617T163621-97373bc,lstm,china,F3,DFF,2.7088550484803995,3.484265987703305,423.8816379862129,495.0067790498278,3.5692232061549256,5.970717962111512,793.2029018784724,801.6529933139651,3.2
20260617T163621-97373bc,deepar,china,F3,DFF,2.58504703083209,3.3074577020039677,404.50815938460545,493.4098965657461,3.000038350255167,5.031248094057593,666.7106503918131,723.410882360428,3.3
20260617T163621-97373bc,dlinear,china,F3,DFF,1.4787441665308723,1.6925898839728815,216.204720014868,273.5108524598492,0.5444090250563169,0.8974464301659032,120.98621844070703,183.90727939089305,1.3
20260617T163621-97373bc,nlinear,china,F3,DFF,0.17242866094277068,0.20380958069178742,25.210507135340933,38.122865072760895,0.25208355440367247,0.4122618534995514,56.02154735630552,78.28643456180899,1.2
20260617T163621-97373bc,nbeats,china,F3,DFF,0.7243502547351119,0.8406399263345042,105.90604349439616,163.08834787920094,0.9539735372805751,1.5619234491621417,212.00539567862992,248.5189951506407,29.8
20260617T163621-97373bc,nhits,china,F3,DFF,0.5436257969163071,0.6327542723808902,79.48262172413841,120.25403095914504,0.4115912456219994,0.6794301781271869,91.46958639408051,140.253555681771,4.8
20260617T163621-97373bc,tide,china,F3,DFF,0.7267525544655,0.8468400170600617,106.25727973414334,150.82129073077354,0.614325999733116,1.0082724200039754,136.5241503662212,169.80257265641492,1.7
20260617T163621-97373bc,rlinear,china,F3,DFF,2.3145683563329675,2.4650759869456196,338.409181765516,1214.7962851047055,0.27962552715580874,0.45717182849663124,62.1423113009026,88.82269584317571,0.1
20260617T163621-97373bc,xgboost,china,F3,DFF,0.21443037576322108,0.2732456939423898,33.554065199428834,65.85912156370645,0.3109140447210577,0.5067369636918658,69.09568504492442,96.37495687110746,10.3
20260617T163621-97373bc,lightgbm,china,F3,DFF,0.1532745574841523,0.1915184844830217,23.984402755120147,30.46143670960638,0.2216630045414516,0.3627816805427073,49.26106558373325,76.48372721629899,2.6
20260617T163621-97373bc,catboost,china,F3,DFF,0.15805937845966303,0.1984594586797457,24.73313154136807,32.57780693701956,0.2528741187001392,0.41393253340100156,56.197237655807534,82.31174249542899,19.1
20260617T163621-97373bc,tft,china,F3,DFF,3.561525418613102,4.302042973495448,520.724695579724,663.5260123823633,4.098739516233358,6.917400447838749,910.8794520650516,988.5132971106833,8.0
20260617T163621-97373bc,chronos,china,F3,DFF,0.20652461273052963,0.2430977224314717,30.195619419642856,37.73203055147324,0.42661085285523376,0.6893151817760792,94.80745442708333,151.5745767153761,0.7
20260617T163621-97373bc,naive,china,F4,DFF,1.314806378132118,1.6669649737506975,192.4,287.5329546330298,1.1952983902630547,1.7485198377924176,215.91666666666666,290.9326955385615,0.0
20260617T163621-97373bc,arima,china,F4,DFF,0.11147270822088634,0.1394932808969944,16.31217296965637,33.77103701103825,0.16696161569425996,0.24278488119983424,30.15966206902696,41.86709328641583,2.8
20260617T163621-97373bc,sarima,china,F4,DFF,0.11201151573114373,0.14037573639217116,16.391018468657368,34.449716191019014,0.17189819313758345,0.24950578271504376,31.051397015703895,44.22303423503079,7.4
20260617T163621-97373bc,prophet,china,F4,DFF,0.34029643082423777,0.4231191587607347,49.79671104394679,69.51500047873223,0.595476061116051,0.8672656878638088,107.5657821037292,135.47313049073534,36.5
20260617T163621-97373bc,ets,china,F4,DFF,0.11822520854552607,0.14821673369719063,17.300288850495313,36.18554278774005,0.16692942489364315,0.24226016538676198,30.15384717759639,43.45546958134092,0.6
20260617T163621-97373bc,theta,china,F4,DFF,0.1320176048268683,0.1650157240879703,19.318576172998394,36.94775079689213,0.17975797999935517,0.2608636911090161,32.47117553605373,48.55048454233904,0.1
20260617T163621-97373bc,kalman,china,F4,DFF,0.24690753909233903,0.3088682116727508,36.13080322051228,60.83700317253019,0.21299842635154995,0.3096353510260271,38.475673185631045,51.67898712882314,0.6
20260617T163621-97373bc,lstm,china,F4,DFF,2.396407285218369,3.0689296077443915,355.626841126406,435.3693151333035,1.4921169369063894,2.191676200753671,269.53346370926056,326.75267138554767,3.2
20260617T163621-97373bc,deepar,china,F4,DFF,2.6886078165188247,3.4248675691143498,398.9893999713935,489.1617702896928,1.5466902932314122,2.2874567149906513,279.3915019049934,347.5565714108076,3.2
20260617T163621-97373bc,dlinear,china,F4,DFF,1.4498456314792507,1.757533709116298,212.16074407313036,278.7771109912449,0.42837388796526815,0.6235109256444067,77.3807299750027,104.11676998796614,1.4
20260617T163621-97373bc,nlinear,china,F4,DFF,0.12525244808854805,0.1567810650145471,18.328608236957525,37.41666901354989,0.18629756117228866,0.2711776310537337,33.65247434793044,46.02944830125294,1.2
20260617T163621-97373bc,nbeats,china,F4,DFF,0.7385422070844067,0.910721528093347,108.07334297001816,166.01291085798496,0.48226699793486455,0.7018165636832082,87.11588962695744,108.75954176194897,29.8
20260617T163621-97373bc,nhits,china,F4,DFF,0.7194007397270709,0.8858095910461997,105.27230824672803,174.16669130493526,0.42321956921276654,0.6145595826675742,76.44966260885933,100.36677210644528,4.6
20260617T163621-97373bc,tide,china,F4,DFF,0.9222210176377329,1.1299969601437887,134.95167558098828,206.39714459408916,0.41102058674484193,0.5966683125365897,74.24605918007887,98.6701792720502,1.8
20260617T163621-97373bc,rlinear,china,F4,DFF,0.2910161504496586,0.35807728636157055,42.58536334913338,93.482218645088,0.17916587746888865,0.26089669652839803,32.36421914278435,43.43198213614377,0.1
20260617T163621-97373bc,xgboost,china,F4,DFF,0.1475641840506756,0.18602707466222582,21.89852491312026,45.832442300052556,0.13540485068339553,0.1970076679683248,24.459301751106977,36.70578065161725,10.4
20260617T163621-97373bc,lightgbm,china,F4,DFF,0.15822256512771077,0.19907188530648953,23.48022866495228,36.84203216471519,0.1773170600043592,0.25766744624974214,32.0302519029151,44.84662978273009,2.8
20260617T163621-97373bc,catboost,china,F4,DFF,0.13181071787295554,0.1663895798915205,19.560710532346608,35.91968177894501,0.1571955360472115,0.22856492571532439,28.39553406469842,40.850325427796186,19.7
20260617T163621-97373bc,tft,china,F4,DFF,3.169147022738004,4.019585645969674,463.7518476606612,581.2458505250675,1.9991754479577935,2.966611812044437,361.1276500672695,478.9075157590379,8.0
20260617T163621-97373bc,chronos,china,F4,DFF,0.18876883211641718,0.23458546848913286,27.623172433035716,42.85222850927301,0.3008652038933672,0.43545257885669814,54.3477783203125,73.55893015808641,0.7
20260617T163621-97373bc,naive,india,F1,DFF,0.8154198515411573,2.420183293494433,351.7857142857143,424.4428785394534,0.16325509591469167,0.38489692284402777,60.75,155.72143932890765,0.0
20260617T163621-97373bc,arima,india,F1,DFF,0.08240075357623611,0.23924197449444234,35.5490584386812,48.288686429045,0.07296609762333624,0.1721392432700286,27.15192690177317,59.57737321719988,3.1
20260617T163621-97373bc,sarima,india,F1,DFF,0.08348811670390777,0.24576686375882123,36.01816501467755,56.55009360689901,0.06339481823177147,0.14939035378419505,23.59029092477802,56.18853644913465,8.1
20260617T163621-97373bc,prophet,india,F1,DFF,0.19665491589218861,0.5691025307060147,84.84020829782172,107.85972952438189,0.33746843743369914,0.7992127750303407,125.57774971269532,165.72875485658284,50.3
20260617T163621-97373bc,ets,india,F1,DFF,0.08211329665672962,0.2395044397611282,35.42504473265744,47.48229396122049,0.08805437538063532,0.20826193220919886,32.76653187701322,57.509754779208556,0.6
20260617T163621-97373bc,theta,india,F1,DFF,0.07604836127953196,0.2228214221191956,32.808530528678084,48.6616390169884,0.08438420861136138,0.19950666722167928,31.40080035124265,57.352620590366634,0.1
20260617T163621-97373bc,kalman,india,F1,DFF,0.09841242042820453,0.2882325981572835,42.45675837973457,53.93572748704816,0.1068982548693811,0.25326092062703903,39.77866018166045,57.485649769044954,0.6
20260617T163621-97373bc,lstm,india,F1,DFF,1.5614091348074175,4.478945867027956,650.8577837531236,704.5203418136879,0.4675089458372564,1.1203403766093918,173.96803634512116,251.2703141832391,3.2
20260617T163621-97373bc,deepar,india,F1,DFF,1.1979773960638769,3.4744800490510883,499.36489777526634,659.6990054389154,0.4428163559067461,1.061845321883087,164.77950333257522,245.98392991973955,3.3
20260617T163621-97373bc,dlinear,india,F1,DFF,0.593169579972045,1.7105119155436694,255.90324295960642,285.80998522394026,0.4016754158059102,0.9517488248664691,149.47025924973332,157.10384455977933,1.4
20260617T163621-97373bc,nlinear,india,F1,DFF,0.10179938225358,0.30092515240655704,43.917950160565304,61.94163785843601,0.10522354191371049,0.24932047391043757,39.155470985102966,65.88534080531036,1.2
20260617T163621-97373bc,nbeats,india,F1,DFF,0.46650394822865443,1.3565598297423394,201.2575783316453,260.39923374649925,0.2813704558427713,0.6661748097051479,104.70273590344998,133.5729437869512,29.9
20260617T163621-97373bc,nhits,india,F1,DFF,0.2955906742177385,0.8551856364208037,127.52274336876934,163.2543880670626,0.2695809723766513,0.6388927775298562,100.31566843364772,129.0755533759992,4.7
20260617T163621-97373bc,tide,india,F1,DFF,0.3645333607814339,1.0619544616006151,157.2657673971236,195.3581893461915,0.2450908099808713,0.5813060714422958,91.20246215234995,104.54460346939327,1.8
20260617T163621-97373bc,rlinear,india,F1,DFF,0.11055015127060905,0.3210474324894139,47.693177760661925,64.93326286259934,0.0908000893803728,0.21415061363617824,33.78825879187298,61.90088865270867,0.1
20260617T163621-97373bc,xgboost,india,F1,DFF,0.07285026616892777,0.20381149137659843,30.366904949855847,51.33430562077926,0.0664696810435803,0.1568595990662024,24.734499715142494,52.65409010946853,9.8
20260617T163621-97373bc,lightgbm,india,F1,DFF,0.07657884852357735,0.2157361625692989,31.921127218567985,46.53168445706882,0.08042032241461415,0.18985204160629987,29.925770827029663,59.34183055223082,2.7
20260617T163621-97373bc,catboost,india,F1,DFF,0.0689002048730621,0.19312655205714027,28.720361399287206,44.85843226835115,0.0772109392763019,0.18205274308054453,28.731504733465574,56.176878495352625,19.8
20260617T163621-97373bc,tft,india,F1,DFF,1.727863327427232,5.1772571271789,745.4290371742318,944.3064314193437,1.1839670923142287,2.873105670576122,440.57430768148305,586.8039030529811,7.9
20260617T163621-97373bc,chronos,india,F1,DFF,0.09210997647562019,0.266023162855407,39.73777901785714,52.87423541782965,0.12310659275029302,0.2905876178610401,45.81005859375,69.74709281252134,0.7
20260617T163621-97373bc,naive,india,F2A,DFF,1.20691154339223,2.474708793860488,410.0984848484849,433.22468189151,0.9277181551041266,2.0051974936690127,363.0625,387.4652000502755,0.0
20260617T163621-97373bc,prophet,india,F2A,DFF,0.23188601506203785,0.4740066442541957,78.79293553462162,109.02032111333712,0.25967486320183714,0.5588216635586586,101.62375771403897,113.88701201262052,23.9
20260617T163621-97373bc,ets,india,F2A,DFF,0.06922902198001034,0.14183811930611068,23.523444760291017,55.70498656167446,0.08769224795648874,0.1892461598341393,34.318361237771875,54.685434466664645,0.6
20260617T163621-97373bc,theta,india,F2A,DFF,0.07674076274737766,0.15673524655447577,26.0758716752027,57.227672292711176,0.08952926431970476,0.1929384135100151,35.037277591516464,56.261749975552846,0.1
20260617T163621-97373bc,kalman,india,F2A,DFF,0.08872327107813896,0.18205476074035254,30.147428151759303,61.07516732357745,0.10587972374678818,0.2289103302595675,41.43602988830556,58.481665195647594,0.5
20260617T163621-97373bc,lstm,india,F2A,DFF,1.888798173616291,3.9190667191417297,645.9689753767716,685.3528872955181,1.4755186489627767,3.2201275924532298,577.4442232715827,596.2630644959937,3.2
20260617T163621-97373bc,deepar,india,F2A,DFF,1.53318452836915,3.1875952034245767,524.3491087022493,624.1366033631454,0.8595961779867226,1.8746571664266953,336.4029642551039,419.44523367032144,3.3
20260617T163621-97373bc,dlinear,india,F2A,DFF,0.8185794197932239,1.6461129927297073,278.14646535057256,300.32680043730403,0.22340690241315134,0.4834138710005745,87.4302912593868,122.04858779877803,1.2
20260617T163621-97373bc,nlinear,india,F2A,DFF,0.08550368081846597,0.17581955102064611,29.053438211441254,62.762063669340016,0.08511314906838181,0.18356900078929753,33.30903088791123,58.89999208344097,1.2
20260617T163621-97373bc,nbeats,india,F2A,DFF,0.4307778480004433,0.8709855580845605,146.37472293515066,198.45819978474375,0.22907509637693466,0.4936688260445388,89.64853896711338,113.528802885988,29.5
20260617T163621-97373bc,nhits,india,F2A,DFF,0.29091947850073185,0.5914049750073456,98.85201446556115,123.25474429568246,0.232119960563308,0.49803574505759746,90.84014656645058,115.96907248148119,4.6
20260617T163621-97373bc,tide,india,F2A,DFF,0.42177153139287626,0.8546684599465288,143.31445160453774,196.21396069192835,0.2067067014104438,0.44504170017326167,80.89466759697719,92.40889884989508,1.7
20260617T163621-97373bc,rlinear,india,F2A,DFF,0.3733361091461696,0.7729809939826022,126.85649875362554,245.9721456837081,0.11767402547928568,0.2527570765170501,46.05172987131846,59.593540750279196,0.1
20260617T163621-97373bc,xgboost,india,F2A,DFF,0.09164042991972418,0.19081699267860333,31.341027032545668,73.1273846597837,0.12901498629324815,0.2774735002984889,50.49001488586267,78.0507856456276,9.7
20260617T163621-97373bc,lightgbm,india,F2A,DFF,0.08500369052139724,0.17450837622089302,29.07126215831785,58.0790589812242,0.12025612146636615,0.2588199384917291,47.06223313586239,61.91851275914077,2.2
20260617T163621-97373bc,catboost,india,F2A,DFF,0.06439557633772017,0.13413586383470313,22.0232871075003,56.53407421243023,0.09997705731196978,0.21555725522557612,39.12602137903938,62.89236165137005,18.1
20260617T163621-97373bc,tft,india,F2A,DFF,2.274185201591718,4.7134815455824475,772.7491799575193,985.6934239952694,2.9054728191067745,6.578898070968864,1137.056787757436,1444.729707339305,8.0
20260617T163621-97373bc,chronos,india,F2A,DFF,0.12124428682905077,0.24239316675001754,41.19779829545455,66.782721826092,0.19614075442645115,0.4214790317198771,76.75968424479167,85.65860199323139,0.7
20260617T163621-97373bc,naive,india,F2B,DFF,1.6127226463104327,2.203599326250376,316.9,456.9589384491471,0.27708898719902847,0.5109473240206119,79.29166666666667,168.0078123183562,0.0
20260617T163621-97373bc,arima,india,F2B,DFF,0.15353786778382142,0.2028611975225946,30.170191019520903,58.47506284710064,0.07980475069416769,0.14669780254177198,22.836893499174646,47.435302559293234,3.0
20260617T163621-97373bc,prophet,india,F2B,DFF,0.503178061331631,0.6679998465320284,98.87448905166548,164.7658312169847,0.2933666154790154,0.5414340228024642,83.94966584861739,142.30885728766586,19.1
20260617T163621-97373bc,ets,india,F2B,DFF,0.15142012665183027,0.1997290027761722,29.754054887084646,52.7327728733588,0.09864682307108497,0.1818020219663293,28.228732912650155,46.78587735561276,0.6
20260617T163621-97373bc,theta,india,F2B,DFF,0.1031825884265692,0.13507183469405198,20.27537862582085,24.900380264324156,0.10089052704875924,0.18597062138311915,28.870790288133776,46.46451923593734,0.1
20260617T163621-97373bc,kalman,india,F2B,DFF,0.43130578615291754,0.5853185610103464,84.75158697904828,167.45526708461853,0.11423603157139924,0.21111267849852242,32.68973418339434,43.57980555972194,0.6
20260617T163621-97373bc,lstm,india,F2B,DFF,2.1186153954095897,3.32497712346442,478.72233474675096,645.7313249307746,0.33751466250200934,0.6235301144158133,96.58305219831436,129.22228603196808,3.3
20260617T163621-97373bc,deepar,india,F2B,DFF,1.961937000923305,3.077030509146849,443.3192847286299,626.9838219548625,0.3217826011537726,0.5949164411073049,92.08117221739712,136.10943821173151,3.3
20260617T163621-97373bc,dlinear,india,F2B,DFF,1.7693442360930078,2.2908556195178837,347.676142392276,397.90537808541376,0.28005045636682196,0.5171217974883738,80.13911942352281,108.44694321827834,1.3
20260617T163621-97373bc,nlinear,india,F2B,DFF,0.22221496467499818,0.29460783700921794,43.665240558637144,58.10071606551702,0.14680166044615447,0.2714857317981647,42.00870068447989,57.89540424358776,1.3
20260617T163621-97373bc,nbeats,india,F2B,DFF,0.8592917729694921,1.1558813566308734,168.85083338850518,251.94551269760632,0.25659243243287555,0.4730183329965369,73.42638127672255,130.7091959752326,29.8
20260617T163621-97373bc,nhits,india,F2B,DFF,0.7624938979017196,0.9994358106793373,149.8300509376879,198.74317543643383,0.2601861843676023,0.47999083860380987,74.45476780110782,126.91031219865546,4.6
20260617T163621-97373bc,tide,india,F2B,DFF,1.1089276835508788,1.4366703969480417,217.9042898177477,367.54425330688156,0.16933257174402372,0.31164432169994644,48.456136673856314,83.43260379909738,1.8
20260617T163621-97373bc,rlinear,india,F2B,DFF,1.6423624603453781,2.319767289474548,322.7242234578668,926.5019288476976,0.07672433263109353,0.14079393620788153,21.955402377061546,50.20459955247641,0.1
20260617T163621-97373bc,xgboost,india,F2B,DFF,0.11684583072799337,0.1760015618943712,26.402483911297377,93.60311487097445,0.07417676874856426,0.13609545063671288,21.2263925805067,47.642166805210174,10.7
20260617T163621-97373bc,lightgbm,india,F2B,DFF,0.14268296464408808,0.21453990837026202,32.240642690978135,42.16422741350919,0.1119493881356078,0.20670278648902066,32.03538927084802,51.8470509351604,2.7
20260617T163621-97373bc,catboost,india,F2B,DFF,0.11970861781956497,0.18213461495008493,27.049359282508902,54.832819828134475,0.06985950073528499,0.12840687582644358,19.99096500296203,44.69057331872503,18.9
20260617T163621-97373bc,tft,india,F2B,DFF,3.5372812121733523,4.846584532539048,695.0757581920637,947.4967410391903,0.9127935928542897,1.7255770822424399,261.2046261083781,483.9602195402823,8.0
20260617T163621-97373bc,chronos,india,F2B,DFF,0.21285079573336968,0.27818106621819855,41.82518136160714,48.068305980111745,0.15681951926457924,0.2878786092621703,44.875406901041664,70.23909381124678,0.7
20260617T163621-97373bc,naive,india,F3,DFF,1.698261612995155,2.04528421834578,248.3,304.87105002419815,1.9757699058560714,3.2964193637787687,439.0833333333333,544.4422987486063,0.0
20260617T163621-97373bc,arima,india,F3,DFF,0.14637816079141022,0.17259075389824133,21.401706925710773,31.41611331716274,0.21685190010304925,0.3553174883820069,48.191874395241484,77.46382066230149,2.3
20260617T163621-97373bc,prophet,india,F3,DFF,0.34739172947473407,0.4100680303677481,50.79156578028508,68.61910215076064,1.0554748862728611,1.725111179979171,234.56245078978796,270.73469912467004,33.1
20260617T163621-97373bc,ets,india,F3,DFF,0.14921387021534452,0.1755887682284105,21.81631127440183,30.942494264300212,0.21492465013985143,0.3521393297054038,47.76357384490954,77.67006707886436,0.7
20260617T163621-97373bc,theta,india,F3,DFF,0.15792204905209728,0.18627644247750125,23.08951958849206,32.59646077724582,0.17487618333905477,0.2877822819571137,38.86344116971122,75.94483163381575,0.1
20260617T163621-97373bc,kalman,india,F3,DFF,0.19180754689100096,0.22451394996290047,28.043861751688436,33.75869217484172,0.21558177946621623,0.35340545705121235,47.909610351587844,78.99773117676106,0.6
20260617T163621-97373bc,lstm,india,F3,DFF,2.7088550484803995,3.484265987703305,423.8816379862129,495.0067790498278,3.5692232061549256,5.970717962111512,793.2029018784724,801.6529933139651,3.2
20260617T163621-97373bc,deepar,india,F3,DFF,2.58504703083209,3.3074577020039677,404.50815938460545,493.4098965657461,3.000038350255167,5.031248094057593,666.7106503918131,723.410882360428,3.3
20260617T163621-97373bc,dlinear,india,F3,DFF,1.4787441665308723,1.6925898839728815,216.204720014868,273.5108524598492,0.5444090250563169,0.8974464301659032,120.98621844070703,183.90727939089305,1.3
20260617T163621-97373bc,nlinear,india,F3,DFF,0.17242866094277068,0.20380958069178742,25.210507135340933,38.122865072760895,0.25208355440367247,0.4122618534995514,56.02154735630552,78.28643456180899,1.4
20260617T163621-97373bc,nbeats,india,F3,DFF,0.7243502547351119,0.8406399263345042,105.90604349439616,163.08834787920094,0.9539735372805751,1.5619234491621417,212.00539567862992,248.5189951506407,29.8
20260617T163621-97373bc,nhits,india,F3,DFF,0.5436257969163071,0.6327542723808902,79.48262172413841,120.25403095914504,0.4115912456219994,0.6794301781271869,91.46958639408051,140.253555681771,4.7
20260617T163621-97373bc,tide,india,F3,DFF,0.7267525544655,0.8468400170600617,106.25727973414334,150.82129073077354,0.614325999733116,1.0082724200039754,136.5241503662212,169.80257265641492,1.8
20260617T163621-97373bc,rlinear,india,F3,DFF,2.3145683563329675,2.4650759869456196,338.409181765516,1214.7962851047055,0.27962552715580874,0.45717182849663124,62.1423113009026,88.82269584317571,0.1
20260617T163621-97373bc,xgboost,india,F3,DFF,0.21443037576322108,0.2732456939423898,33.554065199428834,65.85912156370645,0.3109140447210577,0.5067369636918658,69.09568504492442,96.37495687110746,10.3
20260617T163621-97373bc,lightgbm,india,F3,DFF,0.1532745574841523,0.1915184844830217,23.984402755120147,30.46143670960638,0.2216630045414516,0.3627816805427073,49.26106558373325,76.48372721629899,2.6
20260617T163621-97373bc,catboost,india,F3,DFF,0.15805937845966303,0.1984594586797457,24.73313154136807,32.57780693701956,0.2528741187001392,0.41393253340100156,56.197237655807534,82.31174249542899,19.4
20260617T163621-97373bc,tft,india,F3,DFF,3.561525418613102,4.302042973495448,520.724695579724,663.5260123823633,4.098739516233358,6.917400447838749,910.8794520650516,988.5132971106833,8.0
20260617T163621-97373bc,chronos,india,F3,DFF,0.20652461273052963,0.2430977224314717,30.195619419642856,37.73203055147324,0.42661085285523376,0.6893151817760792,94.80745442708333,151.5745767153761,0.7
20260617T163621-97373bc,naive,india,F4,DFF,1.2975912234676843,0.8740349488461572,97.15714285714286,120.4266819034956,1.4303714042025277,1.1344257213592048,130.83333333333334,139.04345843416488,0.0
20260617T163621-97373bc,arima,india,F4,DFF,0.1322594795997991,0.08777568925865151,9.902928535034958,14.542785907486957,0.13508352755918104,0.10649201169051699,12.3558315952536,17.52285242740833,3.2
20260617T163621-97373bc,sarima,india,F4,DFF,0.14446107055903734,0.09612468041492801,10.816522658107923,17.540893933035193,0.14331215155408172,0.11290038909178945,13.108488075127601,18.242478977646655,11.8
20260617T163621-97373bc,prophet,india,F4,DFF,0.34936882632567057,0.23278219440445602,26.158990871134588,38.93038123912018,0.4584168250486588,0.3614645965562108,41.930509167748596,49.33096147319919,56.1
20260617T163621-97373bc,ets,india,F4,DFF,0.12874871118008607,0.0854547236578721,9.640059749608943,13.756141988552244,0.12203732021736464,0.0962522421270296,11.162519991796822,17.324470467454432,0.7
20260617T163621-97373bc,theta,india,F4,DFF,0.12289275547411632,0.0816861036441648,9.20159506612446,14.005933877659047,0.11034404832057639,0.08706150709115246,10.092958802769317,17.57552885744724,0.1
20260617T163621-97373bc,kalman,india,F4,DFF,0.15916043755657797,0.10560649898135707,11.917137762048775,15.012921402933907,0.13845708405975773,0.10913272769474314,12.66440434835954,17.284416948663253,0.5
20260617T163621-97373bc,lstm,india,F4,DFF,1.912841493997129,1.3714178304846727,152.26218292217146,190.30338587450643,1.3906538346923674,1.1008584420687153,127.2004433051593,131.03615223092535,3.2
20260617T163621-97373bc,deepar,india,F4,DFF,1.6724163436176958,1.1998802053605784,133.12434095196858,183.40505883494401,1.1377548121557617,0.9021893077529605,104.06825398845997,119.14758757247385,3.3
20260617T163621-97373bc,dlinear,india,F4,DFF,1.1425801486211977,0.7536383875308986,85.55068862801218,98.73278640168553,0.2607376887989303,0.20543665767140215,23.849177109502154,30.80986489522025,1.3
20260617T163621-97373bc,nlinear,india,F4,DFF,0.1522734410018771,0.10137992361830948,11.401473895015547,17.72581719811451,0.13312672850593463,0.10490323500971943,12.176846932915169,17.962729446531203,1.1
20260617T163621-97373bc,nbeats,india,F4,DFF,0.6049728084313124,0.4018746646036931,45.29733903129451,65.64456716288115,0.7612448183813633,0.5998725395270854,69.6296058344996,74.60393653410847,29.7
20260617T163621-97373bc,nhits,india,F4,DFF,0.4462934848451936,0.29626449266206334,33.41622467778387,47.223124083048134,0.3125402928676859,0.24665571339121004,28.587462107195353,34.999911101849236,4.6
20260617T163621-97373bc,tide,india,F4,DFF,0.5194396942086487,0.34583449972510866,38.89304710387257,52.98956949981286,0.2913820694649033,0.23032093506981818,26.652159928289773,34.887866524528484,1.9
20260617T163621-97373bc,rlinear,india,F4,DFF,5.486909002784047,4.338957073068481,410.83231158345546,1404.2334409790312,0.1526383993153844,0.12030195386835045,13.96154209908165,19.586769713916453,0.1
20260617T163621-97373bc,xgboost,india,F4,DFF,0.16106122152880095,0.1135292606868469,12.820473233692557,30.33194839049569,0.15280953561162317,0.12052872443982232,13.977195608390806,21.055273218080785,10.4
20260617T163621-97373bc,lightgbm,india,F4,DFF,0.14035127868683964,0.09894798650816762,11.171961783472437,15.19059455817477,0.16738436351264943,0.1317352641202021,15.310327207252763,21.011643987141365,2.8
20260617T163621-97373bc,catboost,india,F4,DFF,0.1439849784825397,0.10140969065094671,11.461204287210158,22.137402149927986,0.1830727931294913,0.14412731217948627,16.745317822631552,22.780348049770755,17.7
20260617T163621-97373bc,tft,india,F4,DFF,2.802676305211242,1.8905992315481428,209.85038835269174,273.80547947166593,4.440308383274135,3.584785540183853,406.14650509990446,487.5104739979717,8.1
20260617T163621-97373bc,chronos,india,F4,DFF,0.1690531466134033,0.11235733132006197,12.657854352678571,17.415282812612254,0.27405071946237497,0.21561051226365624,25.06689453125,28.510072757392173,0.7
20260617T163621-97373bc,naive,mexico,F1,DFF,1.02844629822732,4.89417231889864,469.65714285714284,573.8543369183508,0.945571752288834,3.8223853323922063,440.9583333333333,520.8455065244076,0.0
20260617T163621-97373bc,arima,mexico,F1,DFF,0.10228216204586453,0.4699698622657013,46.7088540009448,116.45773002502679,0.13391112865692445,0.5376850056365846,62.44817272132915,79.66772658438806,3.2
20260617T163621-97373bc,sarima,mexico,F1,DFF,0.10748584607386666,0.49566540231101014,49.08520304039911,114.18760871606234,0.13504619346441332,0.542387553209127,62.9774993266598,76.23057870946843,11.9
20260617T163621-97373bc,prophet,mexico,F1,DFF,0.28565348049079065,1.3129293565212585,130.4484227574611,183.9874908070376,0.48285176942922226,1.9358718869106941,225.17329962446152,249.20159657457964,19.7
20260617T163621-97373bc,ets,mexico,F1,DFF,0.10211247920317244,0.47152890779587203,46.63136550278208,112.70797201686536,0.12835219561158676,0.514196343809176,59.85581751946294,79.05036320970271,0.6
20260617T163621-97373bc,theta,mexico,F1,DFF,0.0906104720085088,0.420379763232138,41.37878221721902,112.65503860930464,0.12389106678256145,0.49608416720589094,57.7754128029826,81.22884621844447,0.1
20260617T163621-97373bc,kalman,mexico,F1,DFF,0.15246569331926857,0.7084403031020506,69.62599994913266,118.8380442635675,0.1364605531423256,0.54837267630328,63.637072420712606,73.81998841540414,0.6
20260617T163621-97373bc,lstm,mexico,F1,DFF,1.345081270798973,6.562196026639644,627.6687242056327,719.5188759172447,1.5234738982315832,6.341130182786455,710.4574659880818,778.6424444513779,3.3
20260617T163621-97373bc,deepar,mexico,F1,DFF,1.0441416400088783,5.167163921040255,487.23825489374303,589.081953136787,0.8289748742779638,3.3927289523999398,386.58449562605125,474.51732119863027,3.3
20260617T163621-97373bc,dlinear,mexico,F1,DFF,0.7406260925828146,3.489919477886669,338.219248946152,465.5710833193976,0.20442329124966951,0.8233505436609323,95.33084463000546,115.0156141171448,1.3
20260617T163621-97373bc,nlinear,mexico,F1,DFF,0.14218399044387198,0.6515152082336108,64.9306889693682,122.22475765649739,0.13139365755658874,0.526104173631527,61.274174177134306,83.02935947005196,1.3
20260617T163621-97373bc,nbeats,mexico,F1,DFF,0.41139786814399215,1.8440723164197703,187.87169311908974,269.53123300065346,0.6083340431444864,2.4232197844895924,283.6907565455501,402.86281855425835,29.8
20260617T163621-97373bc,nhits,mexico,F1,DFF,0.23887708439183808,1.0857391595924955,109.08720187227274,157.71475515823397,0.37006114290127295,1.4866891141145826,172.5744708534064,221.10306778230904,4.6
20260617T163621-97373bc,tide,mexico,F1,DFF,0.4041809757522199,1.869255683883599,184.57597892684709,276.74801425646905,0.3417914837547403,1.386769447447908,159.39118597737016,214.3613607379412,1.9
20260617T163621-97373bc,rlinear,mexico,F1,DFF,0.29772873735546534,1.3995710665984074,135.96279005899584,203.72618303284287,0.2563208397367443,1.0476122165392256,119.53276947553111,158.44803285445238,0.1
20260617T163621-97373bc,xgboost,mexico,F1,DFF,0.146818922889691,0.6737196347842692,68.51158217724542,153.5498697387087,0.1298909224221936,0.5209263650824492,60.57338803509871,85.58930388141725,10.5
20260617T163621-97373bc,lightgbm,mexico,F1,DFF,0.13925166232716193,0.6546861599950682,64.98039570834685,118.94497608045442,0.15738591289054651,0.6333883080643364,73.39541359010634,90.85672790497789,2.7
20260617T163621-97373bc,catboost,mexico,F1,DFF,0.12308543908153355,0.5759449564507655,57.4365892930068,121.24800270690807,0.12373387136162865,0.4961075287079659,57.702106223493125,80.24539340369249,20.0
20260617T163621-97373bc,tft,mexico,F1,DFF,1.8021630653680307,8.829972414805496,822.9877998514007,1023.4892367421694,3.1611132363575964,14.069347148725443,1474.15489179757,1784.1510614895546,8.0
20260617T163621-97373bc,chronos,mexico,F1,DFF,0.1810952571037539,0.8213380238517581,82.70016741071429,133.20679608616052,0.22964523115395072,0.912006633487743,107.09285481770833,129.92701575713474,0.7
20260617T163621-97373bc,naive,mexico,F2A,DFF,1.20691154339223,2.474708793860488,410.0984848484849,433.22468189151,0.9277181551041266,2.0051974936690127,363.0625,387.4652000502755,0.0
20260617T163621-97373bc,prophet,mexico,F2A,DFF,0.23188601506203785,0.4740066442541957,78.79293553462162,109.02032111333712,0.25967486320183714,0.5588216635586586,101.62375771403897,113.88701201262052,24.1
20260617T163621-97373bc,ets,mexico,F2A,DFF,0.06922902198001034,0.14183811930611068,23.523444760291017,55.70498656167446,0.08769224795648874,0.1892461598341393,34.318361237771875,54.685434466664645,0.6
20260617T163621-97373bc,theta,mexico,F2A,DFF,0.07674076274737766,0.15673524655447577,26.0758716752027,57.227672292711176,0.08952926431970476,0.1929384135100151,35.037277591516464,56.261749975552846,0.1
20260617T163621-97373bc,kalman,mexico,F2A,DFF,0.08872327107813896,0.18205476074035254,30.147428151759303,61.07516732357745,0.10587972374678818,0.2289103302595675,41.43602988830556,58.481665195647594,0.5
20260617T163621-97373bc,lstm,mexico,F2A,DFF,1.888798173616291,3.9190667191417297,645.9689753767716,685.3528872955181,1.4755186489627767,3.2201275924532298,577.4442232715827,596.2630644959937,3.2
20260617T163621-97373bc,deepar,mexico,F2A,DFF,1.53318452836915,3.1875952034245767,524.3491087022493,624.1366033631454,0.8595961779867226,1.8746571664266953,336.4029642551039,419.44523367032144,3.3
20260617T163621-97373bc,dlinear,mexico,F2A,DFF,0.8185794197932239,1.6461129927297073,278.14646535057256,300.32680043730403,0.22340690241315134,0.4834138710005745,87.4302912593868,122.04858779877803,1.3
20260617T163621-97373bc,nlinear,mexico,F2A,DFF,0.08550368081846597,0.17581955102064611,29.053438211441254,62.762063669340016,0.08511314906838181,0.18356900078929753,33.30903088791123,58.89999208344097,1.2
20260617T163621-97373bc,nbeats,mexico,F2A,DFF,0.4307778480004433,0.8709855580845605,146.37472293515066,198.45819978474375,0.22907509637693466,0.4936688260445388,89.64853896711338,113.528802885988,29.8
20260617T163621-97373bc,nhits,mexico,F2A,DFF,0.29091947850073185,0.5914049750073456,98.85201446556115,123.25474429568246,0.232119960563308,0.49803574505759746,90.84014656645058,115.96907248148119,4.7
20260617T163621-97373bc,tide,mexico,F2A,DFF,0.42177153139287626,0.8546684599465288,143.31445160453774,196.21396069192835,0.2067067014104438,0.44504170017326167,80.89466759697719,92.40889884989508,1.7
20260617T163621-97373bc,rlinear,mexico,F2A,DFF,0.3733361091461696,0.7729809939826022,126.85649875362554,245.9721456837081,0.11767402547928568,0.2527570765170501,46.05172987131846,59.593540750279196,0.1
20260617T163621-97373bc,xgboost,mexico,F2A,DFF,0.09164042991972418,0.19081699267860333,31.341027032545668,73.1273846597837,0.12901498629324815,0.2774735002984889,50.49001488586267,78.0507856456276,9.8
20260617T163621-97373bc,lightgbm,mexico,F2A,DFF,0.08500369052139724,0.17450837622089302,29.07126215831785,58.0790589812242,0.12025612146636615,0.2588199384917291,47.06223313586239,61.91851275914077,2.1
20260617T163621-97373bc,catboost,mexico,F2A,DFF,0.06439557633772017,0.13413586383470313,22.0232871075003,56.53407421243023,0.09997705731196978,0.21555725522557612,39.12602137903938,62.89236165137005,17.7
20260617T163621-97373bc,tft,mexico,F2A,DFF,2.274185201591718,4.7134815455824475,772.7491799575193,985.6934239952694,2.9054728191067745,6.578898070968864,1137.056787757436,1444.729707339305,8.0
20260617T163621-97373bc,chronos,mexico,F2A,DFF,0.12124428682905077,0.24239316675001754,41.19779829545455,66.782721826092,0.19614075442645115,0.4214790317198771,76.75968424479167,85.65860199323139,0.7
20260617T163621-97373bc,naive,mexico,F2B,DFF,2.8478717643236218,4.992287424830384,469.54285714285714,543.8427030992378,2.3193686354378817,7.734691162506546,908.625,951.2012361570324,0.0
20260617T163621-97373bc,arima,mexico,F2B,DFF,0.3086391185061852,0.5127081244630158,50.88687466370728,121.16980892158804,0.2127056163487361,0.6947094006334621,83.32855661747028,113.94543948812563,2.9
20260617T163621-97373bc,sarima,mexico,F2B,DFF,0.31526407271098017,0.5278256265843452,51.979163988222844,130.0360597365368,0.23432295635398406,0.7669303748990913,91.79726455037728,121.58781079449962,8.7
20260617T163621-97373bc,prophet,mexico,F2B,DFF,0.6958625161795436,1.1854704055564484,114.73033235510229,196.02899787776454,0.3221419216552745,1.038611035718117,126.20081132931364,152.05615853077833,32.6
20260617T163621-97373bc,ets,mexico,F2B,DFF,0.2692126953253344,0.45762360424382414,44.386443141764516,111.0385584042509,0.22155466764796672,0.722355992872099,86.79521953336568,118.30815087586944,0.6
20260617T163621-97373bc,theta,mexico,F2B,DFF,0.2529903380403396,0.432772976393158,41.711781984401,111.38627408087758,0.20320896822166687,0.6641462304594249,79.60819419960512,125.72335907525924,0.1
20260617T163621-97373bc,kalman,mexico,F2B,DFF,0.30732276108104645,0.5244799045090538,50.66984023323754,112.74952355349497,0.21487939449729365,0.6995179267575823,84.18014576981743,115.88887865629079,0.6
20260617T163621-97373bc,lstm,mexico,F2B,DFF,4.598017050635896,8.182147350554725,759.4084960830246,840.7755790410989,5.518502406396844,19.506940796104757,2161.9026714421675,2203.1926789992663,3.2
20260617T163621-97373bc,deepar,mexico,F2B,DFF,3.87542003341878,6.923844201628653,640.0643727194456,822.2877458546636,5.945629957666202,22.069055044512698,2329.232161606999,2728.7132053048385,3.3
20260617T163621-97373bc,dlinear,mexico,F2B,DFF,1.3937952730917929,2.4031870863546327,229.8019956510093,278.73938476842045,0.22095210651186692,0.7164130560680843,86.55916300318616,112.16917326195615,1.3
20260617T163621-97373bc,nlinear,mexico,F2B,DFF,0.3247159949280601,0.5467328836585494,53.5375496637639,114.98248589492393,0.23778710789916135,0.7759186323737431,93.15436434453848,117.48853563802014,1.2
20260617T163621-97373bc,nbeats,mexico,F2B,DFF,0.8980355539738083,1.5585803092704713,148.06361196143166,216.60475242641186,0.4792083532046847,1.5505073603150017,187.7324213485374,213.1084070826354,29.8
20260617T163621-97373bc,nhits,mexico,F2B,DFF,0.8178103160723437,1.4199632227218282,134.83647586242765,186.88894157682293,0.29117581503760276,0.9407406920354155,114.06967434850769,136.96273120239232,4.7
20260617T163621-97373bc,tide,mexico,F2B,DFF,0.8711694000523894,1.5120996304010508,143.6340548336377,214.28812717607113,0.24579572592718693,0.8007719419352091,96.29178305604955,111.3234094763822,1.7
20260617T163621-97373bc,rlinear,mexico,F2B,DFF,0.5715240999148433,0.9802458663886899,94.23003597345978,150.85685464903005,0.4087831460317301,1.3625911714776546,160.14297183636663,204.15855607551893,0.1
20260617T163621-97373bc,xgboost,mexico,F2B,DFF,0.2812943612489505,0.47432615076593027,46.45857670387667,101.24082621021303,0.3177056826916309,1.0097768603071187,124.46289111829053,187.60879145582402,10.1
20260617T163621-97373bc,lightgbm,mexico,F2B,DFF,0.3071433799990368,0.5181546919019064,50.727800640640915,112.57450296262796,0.26568482164381485,0.8663184824337596,104.08344209610088,128.2607240283132,2.4
20260617T163621-97373bc,catboost,mexico,F2B,DFF,0.2774115928150439,0.4700266326380145,45.81729866933265,109.73833006146249,0.23298508220653083,0.7605844700020449,91.27314523676061,123.36736908325604,20.1
20260617T163621-97373bc,tft,mexico,F2B,DFF,5.234042213825216,9.402894694501544,862.9627100044327,1032.6946032012318,6.3843856520580635,22.992791972168376,2501.1170386918952,2616.5900103927524,8.0
20260617T163621-97373bc,chronos,mexico,F2B,DFF,0.35003418444709195,0.5869498317726715,57.711886160714286,114.12589530886113,0.461462101242504,1.475418978140129,180.78023274739584,200.13596954945058,0.7
20260617T163621-97373bc,naive,mexico,F3,DFF,0.7183278153876563,2.9513521661140545,259.5857142857143,483.28812760682865,0.02713828043510654,0.08011672577511106,7.75,13.285330255586423,0.0
20260617T163621-97373bc,arima,mexico,F3,DFF,0.10472889937764604,0.4058249364322809,37.84640601259684,55.76991718952564,0.009956216358778148,0.029379084630265815,2.8432411907983046,5.0901276239890905,2.5
20260617T163621-97373bc,sarima,mexico,F3,DFF,0.051022994564973854,0.19878980961176754,18.43843466091743,44.981137813575664,0.013387363938467775,0.03954761470997325,3.82308933578967,7.01251921589101,9.5
20260617T163621-97373bc,prophet,mexico,F3,DFF,0.30475813204193103,1.163801869489075,110.1319699666528,162.6712330839578,0.088598063095085,0.2615242196788388,25.301344741749592,28.902492429029277,19.5
20260617T163621-97373bc,ets,mexico,F3,DFF,0.046517836936628414,0.18182303298371585,16.810383322974094,43.76130076703997,0.006967405526623049,0.020554078665710532,1.989713127198608,4.684991953737361,0.5
20260617T163621-97373bc,theta,mexico,F3,DFF,0.07380347461852677,0.2861486442098181,26.67073064027011,46.783551819892175,0.03861004058792337,0.11397794022367706,11.026041803640586,11.246537323685722,0.1
20260617T163621-97373bc,kalman,mexico,F3,DFF,0.4179039479861849,1.77798719997026,151.02003920350757,486.89971309711035,0.07544278640747826,0.22257727436869687,21.5445335991739,22.0350521100545,0.6
20260617T163621-97373bc,lstm,mexico,F3,DFF,0.7337310853009765,3.1694032445141533,289.1193968519968,363.28445223233257,0.12327578320122574,0.36507801707905313,35.20441621546494,41.29973189370283,3.2
20260617T163621-97373bc,deepar,mexico,F3,DFF,1.147273748478497,4.947356969584421,452.071747850467,637.6046761188352,0.3353019397091131,0.9896585423387233,95.7536730803344,125.00430419161694,3.3
20260617T163621-97373bc,dlinear,mexico,F3,DFF,0.8719864267907348,3.220803371544038,315.11409498150186,546.3645019138092,0.022472229881358104,0.06636743300583675,6.417495095055074,7.163736835573913,1.3
20260617T163621-97373bc,nlinear,mexico,F3,DFF,0.09547745415904867,0.3698770252485837,34.50316499672621,55.006015711245155,0.06922840996886638,0.2046703752122098,19.769866353236694,20.217400010554293,1.3
20260617T163621-97373bc,nbeats,mexico,F3,DFF,0.23593968871029616,0.9067737493090582,85.26270500768328,110.85961243121749,0.1453230920801282,0.4281558003347103,41.50056472126554,46.45695121323769,29.8
20260617T163621-97373bc,nhits,mexico,F3,DFF,0.2568655103146993,0.9998560516704552,92.82477378997449,136.7715196144471,0.1331165835860195,0.3930681101135313,38.014697550884115,38.31064361957073,4.7
20260617T163621-97373bc,tide,mexico,F3,DFF,0.23087741807149784,0.8922518976295053,83.43332695558755,122.24195228099812,0.16193310550591802,0.4771356832430628,46.243960470221964,46.620835275769565,1.7
20260617T163621-97373bc,rlinear,mexico,F3,DFF,36.24595293852693,37.48549379787117,13098.381243160165,39769.088687041476,0.00971248080347889,0.028666934544731428,2.773636539240291,5.062399930327337,0.1
20260617T163621-97373bc,xgboost,mexico,F3,DFF,0.11878738133504649,0.49679157572228083,46.80697974126172,109.30628971130605,0.006252119347591615,0.018459010434010884,1.785445657093078,4.117224292395027,10.9
20260617T163621-97373bc,lightgbm,mexico,F3,DFF,0.12028772941574518,0.5046129371003152,47.398176898980225,58.07373408002762,0.03878021362902127,0.11442214979582653,11.074638879334543,16.328495503569822,2.9
20260617T163621-97373bc,catboost,mexico,F3,DFF,0.10814848601389328,0.45477483877803915,42.614829428914504,76.18308815469656,0.010935483616538844,0.03228645719457918,3.1228949170464753,5.55834057527147,19.1
20260617T163621-97373bc,tft,mexico,F3,DFF,1.8528554097008663,7.662133373768213,669.5756236806504,942.4441692150888,0.9331018736153913,2.849184611634597,266.47007122693157,418.5653459303369,8.0
20260617T163621-97373bc,chronos,mexico,F3,DFF,0.1422683389336364,0.5492164364592296,51.412220982142856,67.44870746727018,0.04609235970930034,0.13598561671466558,13.162801106770834,15.497443022859377,0.7
20260617T163621-97373bc,naive,mexico,F4,DFF,1.4799596811142672,2.1287778429895576,192.27142857142857,284.8078801076764,0.03496812853149947,0.06417662432060721,6.166666666666667,9.358596760910972,0.0
20260617T163621-97373bc,arima,mexico,F4,DFF,0.11749092062555917,0.1675467641871904,15.264028771270569,49.01560941359523,0.0006101396442131057,0.00111894526371334,0.10759877534170907,0.27772471887165007,1.6
20260617T163621-97373bc,sarima,mexico,F4,DFF,0.13220126576020685,0.18884982141972556,17.175147776680205,49.23863570184554,0.0007971400955992786,0.00146188056738766,0.14057650388031107,0.299209526792879,6.7
20260617T163621-97373bc,prophet,mexico,F4,DFF,0.7144063305544972,0.9905189949595942,92.81328911120508,147.3735643197101,0.09667037056669207,0.17727516336236615,17.0479226902559,19.159975834264113,50.5
20260617T163621-97373bc,ets,mexico,F4,DFF,0.13126880004311603,0.1862671591044172,17.054004938934824,49.94452383034397,0.0008657870125321791,0.0015877578164209477,0.1526824607100631,0.33356516756534066,0.7
20260617T163621-97373bc,theta,mexico,F4,DFF,0.1275473144506439,0.18182211361883266,16.57052193571282,49.35523378796234,0.03634036255041984,0.06662353008835836,6.408661595726699,6.420817380004118,0.1
20260617T163621-97373bc,kalman,mexico,F4,DFF,0.1390092693718816,0.19750241049900952,18.059620912563616,48.40550515282695,0.05026542563713334,0.09214062181370537,8.864361284965526,8.90255663936264,0.6
20260617T163621-97373bc,lstm,mexico,F4,DFF,2.901216325491667,4.152667285921737,377.39021961995604,432.01589445058164,1.9372123060191277,3.6214955441860077,341.62945103062845,352.9422695593172,3.2
20260617T163621-97373bc,deepar,mexico,F4,DFF,2.867667663589994,4.1233434747644475,373.02620967978646,489.9685343458473,4.507351400780887,8.693359885922625,794.8762145823908,915.5871119179164,3.3
20260617T163621-97373bc,dlinear,mexico,F4,DFF,1.1237845501840378,1.5730763747134433,145.99834281140957,185.24442324622333,0.7563238290592486,1.373048346862995,133.37851185441664,162.07240184574317,1.3
20260617T163621-97373bc,nlinear,mexico,F4,DFF,0.22747421113747976,0.3260310797282593,29.552691263610903,55.90270945211924,0.019363375865189117,0.03551754272764129,3.4147519331621274,3.4387573563753335,1.2
20260617T163621-97373bc,nbeats,mexico,F4,DFF,1.2132952455302985,1.6591707630455512,157.62727398181127,234.98388405473557,0.28992132990597413,0.5176222464218626,51.127934955865236,163.6928994308411,29.7
20260617T163621-97373bc,nhits,mexico,F4,DFF,0.6506412942375424,0.9104422901005168,84.52914814302736,112.88342263274504,0.1071162137798074,0.1950461989512787,18.89005825348795,51.48577911727465,4.6
20260617T163621-97373bc,tide,mexico,F4,DFF,0.5560208261525548,0.7774624153210562,72.23637233098606,102.99636838450215,0.22581388068142969,0.4125044810702006,39.82251808570277,54.96416171142804,1.9
20260617T163621-97373bc,rlinear,mexico,F4,DFF,0.5004849792849616,0.7082101660305359,65.02134022543794,132.878015674019,0.031599694838709315,0.05793026813589262,5.572639801503025,6.30368324096446,0.1
20260617T163621-97373bc,xgboost,mexico,F4,DFF,0.20702650897388752,0.2902992581350997,26.93000828732329,67.93043994237544,0.004987650066260582,0.009146568297260342,0.8795773951957623,1.2359285043006853,9.9
20260617T163621-97373bc,lightgbm,mexico,F4,DFF,0.17652037648593508,0.24845329638931538,22.961770573290437,50.04775556342653,0.06968865657168365,0.1278877418590585,12.289668723285104,13.940113640997266,2.8
20260617T163621-97373bc,catboost,mexico,F4,DFF,0.15478814256806864,0.21912790193066842,20.134841585254367,49.01104308312224,0.007403013841170953,0.013574681841045329,1.3055293664371372,1.9276843290613224,19.9
20260617T163621-97373bc,tft,mexico,F4,DFF,3.478560903569396,5.007724068686359,451.923037388724,558.1382290317025,3.6382674764488887,6.943561246250288,641.6123399690769,692.5568946407058,8.1
20260617T163621-97373bc,chronos,mexico,F4,DFF,0.20108099285256117,0.28461580914744367,26.12377232142857,51.57288067369337,0.15533096869753024,0.2843890857908901,27.392781575520832,29.747078528397413,0.7
20260617T163621-97373bc,naive,philippines,F1,DFF,1.2026300059772863,3.5070139644012976,467.07142857142856,676.5110177542249,0.0,0.0,0.0,0.0,0.0
20260617T163621-97373bc,arima,philippines,F1,DFF,0.09974159166312119,0.28345529868658836,38.737140662164684,73.6634453896067,6.992597022831737e-05,0.0002123185319592851,0.031255420905457264,0.038057768419278167,2.5
20260617T163621-97373bc,prophet,philippines,F1,DFF,0.3703869494060405,1.0284731046426472,143.849031475571,189.49774454701625,0.08722524945188037,0.2649823170482029,38.987830648619216,45.01952989349985,19.4
20260617T163621-97373bc,ets,philippines,F1,DFF,0.10459468947327132,0.29773110718889934,40.62196252418175,74.2515146466171,6.628322837293628e-07,2.0125801034738624e-06,0.00029627192801247776,0.0005685735122037581,0.6
20260617T163621-97373bc,theta,philippines,F1,DFF,0.12211711752570556,0.34623841601712374,47.4272355190459,79.30037896484399,0.043618811146513316,0.13235326453334714,19.496680522679828,19.537618762645018,0.1
20260617T163621-97373bc,kalman,philippines,F1,DFF,0.19029440763356384,0.5386965029407678,73.90559056468534,95.90562675416095,0.0863596864996481,0.26187322420704284,38.600942425204416,38.61712184026396,0.6
20260617T163621-97373bc,lstm,philippines,F1,DFF,2.4799461795552795,6.935196794907181,938.2132386493532,1080.2414999248542,0.2350336225951181,0.7236826128434323,105.05502858464342,207.2292276191926,3.3
20260617T163621-97373bc,deepar,philippines,F1,DFF,2.4869483424337804,6.909134390517517,940.862296909548,1174.2656372944643,1.6440312195352285,5.099840055145354,734.8469757445977,992.2771617376716,3.3
20260617T163621-97373bc,dlinear,philippines,F1,DFF,1.2178212871479874,3.2885994345086664,472.9713423960994,579.0022594102351,0.26046865315925966,0.7870287225606631,116.42394607595163,129.4414001757975,1.3
20260617T163621-97373bc,nlinear,philippines,F1,DFF,0.1848864003259163,0.5237403750389169,71.80525572657773,94.67610634780914,0.05198705846192292,0.15797501475604717,23.237109024852696,23.261437585757307,1.2
20260617T163621-97373bc,nbeats,philippines,F1,DFF,0.8630371098316695,2.3670760874883343,335.1820375308746,496.74901944564346,0.011380220569720071,0.034559955318161216,5.086716462312324,5.814012876839989,29.7
20260617T163621-97373bc,nhits,philippines,F1,DFF,0.6628459638658615,1.8107403165230096,257.43280121640396,341.94504015969324,0.11867960208534294,0.36101015778748274,53.047257034231585,53.404255773308314,4.7
20260617T163621-97373bc,tide,philippines,F1,DFF,0.5429614227368038,1.5035888732381937,210.8726425554062,308.28815402047616,0.10496594017301343,0.3187654331693787,46.91754193946099,47.00239940503833,1.7
20260617T163621-97373bc,rlinear,philippines,F1,DFF,0.36180461318844603,1.019670214895815,140.5158666470627,429.6564166664729,0.007615851368383654,0.02312140015631614,3.4041235222766772,3.5259348965158273,0.1
20260617T163621-97373bc,xgboost,philippines,F1,DFF,0.10432968955903132,0.2880835766277221,39.47000815397273,73.49665221268575,2.8938181370504524e-06,8.786598991217116e-06,0.0012934751366628916,0.002366819690164026,9.6
20260617T163621-97373bc,lightgbm,philippines,F1,DFF,0.12201659089713607,0.3353800408027793,46.16131666820452,72.08076838468077,0.010310625192838895,0.031307122751901874,4.608630086194883,5.962844134461666,2.7
20260617T163621-97373bc,catboost,philippines,F1,DFF,0.10249587924135234,0.28211341706098336,38.77624103458842,67.61451098921502,0.0005783373821706992,0.0017560240804601948,0.2585045047796181,0.3192207847097511,19.5
20260617T163621-97373bc,tft,philippines,F1,DFF,3.1237904620512897,9.086467537372059,1213.2021206991697,1544.0149165490932,2.2245998305019157,7.25491042393249,994.3487923230691,1419.2427213066505,8.0
20260617T163621-97373bc,chronos,philippines,F1,DFF,0.13269683376247182,0.368166378510613,51.5361328125,78.19384366932846,0.05379242036329909,0.16316024923199027,24.0440673828125,29.71604254403802,0.7
20260617T163621-97373bc,naive,philippines,F2A,DFF,1.20691154339223,2.474708793860488,410.0984848484849,433.22468189151,0.9277181551041266,2.0051974936690127,363.0625,387.4652000502755,0.0
20260617T163621-97373bc,prophet,philippines,F2A,DFF,0.23188601506203785,0.4740066442541957,78.79293553462162,109.02032111333712,0.25967486320183714,0.5588216635586586,101.62375771403897,113.88701201262052,24.0
20260617T163621-97373bc,ets,philippines,F2A,DFF,0.06922902198001034,0.14183811930611068,23.523444760291017,55.70498656167446,0.08769224795648874,0.1892461598341393,34.318361237771875,54.685434466664645,0.6
20260617T163621-97373bc,theta,philippines,F2A,DFF,0.07674076274737766,0.15673524655447577,26.0758716752027,57.227672292711176,0.08952926431970476,0.1929384135100151,35.037277591516464,56.261749975552846,0.1
20260617T163621-97373bc,kalman,philippines,F2A,DFF,0.08872327107813896,0.18205476074035254,30.147428151759303,61.07516732357745,0.10587972374678818,0.2289103302595675,41.43602988830556,58.481665195647594,0.5
20260617T163621-97373bc,lstm,philippines,F2A,DFF,1.888798173616291,3.9190667191417297,645.9689753767716,685.3528872955181,1.4755186489627767,3.2201275924532298,577.4442232715827,596.2630644959937,3.2
20260617T163621-97373bc,deepar,philippines,F2A,DFF,1.53318452836915,3.1875952034245767,524.3491087022493,624.1366033631454,0.8595961779867226,1.8746571664266953,336.4029642551039,419.44523367032144,3.3
20260617T163621-97373bc,dlinear,philippines,F2A,DFF,0.8185794197932239,1.6461129927297073,278.14646535057256,300.32680043730403,0.22340690241315134,0.4834138710005745,87.4302912593868,122.04858779877803,1.3
20260617T163621-97373bc,nlinear,philippines,F2A,DFF,0.08550368081846597,0.17581955102064611,29.053438211441254,62.762063669340016,0.08511314906838181,0.18356900078929753,33.30903088791123,58.89999208344097,1.1
20260617T163621-97373bc,nbeats,philippines,F2A,DFF,0.4307778480004433,0.8709855580845605,146.37472293515066,198.45819978474375,0.22907509637693466,0.4936688260445388,89.64853896711338,113.528802885988,30.1
20260617T163621-97373bc,nhits,philippines,F2A,DFF,0.29091947850073185,0.5914049750073456,98.85201446556115,123.25474429568246,0.232119960563308,0.49803574505759746,90.84014656645058,115.96907248148119,4.7
20260617T163621-97373bc,tide,philippines,F2A,DFF,0.42177153139287626,0.8546684599465288,143.31445160453774,196.21396069192835,0.2067067014104438,0.44504170017326167,80.89466759697719,92.40889884989508,1.8
20260617T163621-97373bc,rlinear,philippines,F2A,DFF,0.3733361091461696,0.7729809939826022,126.85649875362554,245.9721456837081,0.11767402547928568,0.2527570765170501,46.05172987131846,59.593540750279196,0.1
20260617T163621-97373bc,xgboost,philippines,F2A,DFF,0.09164042991972418,0.19081699267860333,31.341027032545668,73.1273846597837,0.12901498629324815,0.2774735002984889,50.49001488586267,78.0507856456276,9.8
20260617T163621-97373bc,lightgbm,philippines,F2A,DFF,0.08500369052139724,0.17450837622089302,29.07126215831785,58.0790589812242,0.12025612146636615,0.2588199384917291,47.06223313586239,61.91851275914077,2.2
20260617T163621-97373bc,catboost,philippines,F2A,DFF,0.06439557633772017,0.13413586383470313,22.0232871075003,56.53407421243023,0.09997705731196978,0.21555725522557612,39.12602137903938,62.89236165137005,17.7
20260617T163621-97373bc,tft,philippines,F2A,DFF,2.274185201591718,4.7134815455824475,772.7491799575193,985.6934239952694,2.9054728191067745,6.578898070968864,1137.056787757436,1444.729707339305,8.0
20260617T163621-97373bc,chronos,philippines,F2A,DFF,0.12124428682905077,0.24239316675001754,41.19779829545455,66.782721826092,0.19614075442645115,0.4214790317198771,76.75968424479167,85.65860199323139,0.7
20260617T163621-97373bc,naive,philippines,F2B,DFF,0.9363416838269062,2.8875729302566504,376.2142857142857,539.6941329520427,0.0,0.0,0.0,0.0,0.0
20260617T163621-97373bc,arima,philippines,F2B,DFF,0.07027872689284792,0.21194459846801023,28.237406809488856,48.749121678736365,9.60735177320596e-06,2.598149841232658e-05,0.003677162788259617,0.006107886655198038,2.1
20260617T163621-97373bc,sarima,philippines,F2B,DFF,19.886350221844353,2.965769790475844,7990.169799551877,66589.0727616331,0.01844710842815794,0.04988723566732367,7.0605326279602805,8.134160171502616,10.1
20260617T163621-97373bc,prophet,philippines,F2B,DFF,0.24531323019774953,0.7237020676085042,98.56481161653745,128.44089867299468,0.06893083374701929,0.18642767420231868,26.382909963300637,31.229214311323428,19.5
20260617T163621-97373bc,ets,philippines,F2B,DFF,0.0782793722383031,0.23669578472043448,31.451999437248197,52.07548741150804,4.658357801864512e-05,0.00012597747327731517,0.017829616701646955,0.02655310082173912,0.7
20260617T163621-97373bc,theta,philippines,F2B,DFF,0.09474454839005907,0.2851578365457588,38.06757000522248,56.4298261905002,0.04152213775647454,0.11222650148015272,15.892377363855758,15.93056120995252,0.1
20260617T163621-97373bc,kalman,philippines,F2B,DFF,0.1282136010076724,0.3811949800553341,51.5151564382077,60.47561824148222,0.0938923953385797,0.25359414671999214,35.936814888206605,35.963840028375664,0.6
20260617T163621-97373bc,lstm,philippines,F2B,DFF,1.9431520682722143,5.736315542146832,757.6738544607018,884.1734646588744,0.3519331532604855,0.9527673190736655,134.70054242559308,154.18044017278365,3.2
20260617T163621-97373bc,deepar,philippines,F2B,DFF,1.7056887250969208,5.055690155479588,665.0821476897914,854.4426582254122,0.4576520407660725,1.2445753541722793,175.1638842838485,250.57258937934168,3.2
20260617T163621-97373bc,dlinear,philippines,F2B,DFF,0.8544170106412959,2.4638612874976284,343.2976347339171,426.14581703220387,0.27111157180750806,0.7301578553725347,103.76651202649494,110.24154858844797,1.2
20260617T163621-97373bc,nlinear,philippines,F2B,DFF,0.14413025720312828,0.4334114564953852,57.910336258740244,73.10361113291818,0.06479364271758856,0.17537803727856419,24.799422103121287,24.847879248964404,1.2
20260617T163621-97373bc,nbeats,philippines,F2B,DFF,0.6556600624783123,1.9187639262762393,263.438749269932,380.588256333474,0.034273490559360006,0.09273952420647247,13.117996205794194,15.580636667628301,29.6
20260617T163621-97373bc,nhits,philippines,F2B,DFF,0.4502647565969854,1.3031084921128875,180.91262699436373,238.5289392512316,0.16163021646520956,0.43813341906030234,61.86310561686499,64.18706431181934,4.7
20260617T163621-97373bc,tide,philippines,F2B,DFF,0.4737029427157506,1.4082616340116256,190.329894858666,255.22191201875864,0.03703599075899538,0.10003196981724265,14.175328463054635,22.472951803917674,1.7
20260617T163621-97373bc,rlinear,philippines,F2B,DFF,0.1345185734226001,0.3994488955343489,54.04844181308885,80.60285088336907,0.01113988661772602,0.030121184625476787,4.263732348218582,4.391143602722184,0.1
20260617T163621-97373bc,xgboost,philippines,F2B,DFF,0.07834522087213562,0.22913567708634458,30.548368522463125,53.04968517305519,2.288150181919346e-06,6.187927093977897e-06,0.0008757773111180237,0.0013078924483101086,9.0
20260617T163621-97373bc,lightgbm,philippines,F2B,DFF,0.08505041629334756,0.24816457487751736,33.16285832110209,49.838605332097956,0.0069155976498746635,0.01870008751850416,2.6469082153956456,3.5854964054938225,2.8
20260617T163621-97373bc,catboost,philippines,F2B,DFF,0.06852340229684499,0.19964244542535797,26.718645023585797,45.43211282062567,0.0006307281535126329,0.001705700903704946,0.24140784581997346,0.31690101722105835,17.6
20260617T163621-97373bc,tft,philippines,F2B,DFF,2.273808122233354,7.003520323601703,913.597155112343,1185.87582433378,1.7791836907014627,5.111280609449803,680.9730938729491,1067.2289589234267,7.8
20260617T163621-97373bc,chronos,philippines,F2B,DFF,0.11234718976385535,0.33317122309229225,45.140164620535714,61.997982830313056,0.037894787428689056,0.10244540664439557,14.5040283203125,17.422251074912968,0.7
20260617T163621-97373bc,naive,philippines,F3,DFF,2.869635098494005,5.850397874953465,522.8714285714286,733.683534346675,0.9146918370999496,3.6390717143428475,398.7083333333333,457.08865843145423,0.0
20260617T163621-97373bc,arima,philippines,F3,DFF,0.2199179408585366,0.4462389094933625,40.07088147393252,94.48759954631868,0.10331421122225741,0.4087390267627495,45.03400521936995,63.06213137990927,2.2
20260617T163621-97373bc,sarima,philippines,F3,DFF,0.2764887756947431,0.5580237893719253,50.37855900471299,120.5152220796961,0.11019503349499304,0.43656047701729045,48.03331172791324,67.75205172938968,9.5
20260617T163621-97373bc,prophet,philippines,F3,DFF,0.8825390072935189,1.6594396429367848,160.8059616206066,211.48539884552176,0.40400673088607514,1.5995402110950299,176.1039552268728,193.30704440331098,27.8
20260617T163621-97373bc,ets,philippines,F3,DFF,0.2126266647398081,0.4283689941709221,38.74235020446587,94.04286724478207,0.10422300178495754,0.4122076981276976,45.43014122486011,63.081742857481885,0.6
20260617T163621-97373bc,theta,philippines,F3,DFF,0.28442837087806444,0.5607018837964365,51.82521941040733,101.82405659854618,0.10402987157978803,0.4124432075360273,45.345957001172714,62.00446849114019,0.1
20260617T163621-97373bc,kalman,philippines,F3,DFF,0.39699238421915195,0.7710427694200693,72.33532067459798,115.04502603968524,0.1107441853658232,0.4389921285410838,48.27268352318341,57.873063221852696,0.5
20260617T163621-97373bc,lstm,philippines,F3,DFF,9.894017526693235,22.171448879156568,2014.421968434742,2117.4386151495455,5.886340375557283,26.25831941635424,2565.818197320044,2582.9168238923767,3.2
20260617T163621-97373bc,deepar,philippines,F3,DFF,10.750609030820453,24.621183662603404,2188.8239986750436,2422.208751300334,7.045669441789419,32.97115253539511,3071.1623373178686,3231.296976981977,3.3
20260617T163621-97373bc,dlinear,philippines,F3,DFF,3.3416682344822086,5.8276385526484304,608.8797995579458,781.1539905611729,0.19485060500791698,0.7731697510173686,84.93413499568503,99.55273597539822,1.3
20260617T163621-97373bc,nlinear,philippines,F3,DFF,0.4867430146398336,0.9999956823472537,88.68863345916635,147.24034390860993,0.10044339518573013,0.39718632657078207,43.78263483340538,64.5845972503706,1.2
20260617T163621-97373bc,nbeats,philippines,F3,DFF,1.4493757708166717,2.7174560773489773,264.0883435742209,437.3152223570884,0.3522762432025268,1.3969438236403608,153.55496584021634,167.9096381479112,30.0
20260617T163621-97373bc,nhits,philippines,F3,DFF,1.3829787861586729,2.6680442162755993,251.9902596613281,345.6361840183041,0.39920913872940483,1.5794552079889652,174.0127154287089,185.660753102602,4.6
20260617T163621-97373bc,tide,philippines,F3,DFF,1.364968265984875,2.572710079725193,248.70859279799407,345.60062826001786,0.3108855155973456,1.2316809026895281,135.5130118732515,147.53036074010555,1.8
20260617T163621-97373bc,rlinear,philippines,F3,DFF,0.7607448103387212,1.4674318384984504,138.6140439838011,247.72753986474984,0.09120967904687542,0.36285963952909706,39.75771690709227,66.9438773563514,0.1
20260617T163621-97373bc,xgboost,philippines,F3,DFF,0.1468892881045667,0.3111579375415234,29.906659058089776,49.207518246756344,0.13351227689272968,0.5255815250124667,58.197149291518144,82.48945924563091,10.4
20260617T163621-97373bc,lightgbm,philippines,F3,DFF,0.20611120785233314,0.42912190361944125,41.96424191873503,57.964037292950174,0.12035902501262163,0.47114948981327626,52.46373075390594,64.48215324511716,2.6
20260617T163621-97373bc,catboost,philippines,F3,DFF,0.17093895900633108,0.3654684166392126,34.803172053688996,54.38774618683735,0.10271383552205604,0.40499606265044613,44.77230528383749,64.12264064358469,19.0
20260617T163621-97373bc,tft,philippines,F3,DFF,11.815923419075064,23.97282078644513,2152.9597129839694,2285.2216332829084,6.565075530671154,29.82053308632324,2861.674519082126,2906.8904875247554,7.9
20260617T163621-97373bc,chronos,philippines,F3,DFF,0.422551993156055,0.8092066415517806,76.99249441964285,121.39852832711077,0.20371991724808214,0.7920979362884192,88.80021158854167,111.85371742482783,0.8
20260617T163621-97373bc,naive,philippines,F4,DFF,1.370317039282557,6.406592333610207,581.1857142857143,730.1901807063691,1.1296744131178482,5.340854091815817,611.25,771.7982249266968,0.0
20260617T163621-97373bc,arima,philippines,F4,DFF,0.130024987080377,0.57289883037291,55.14684764546489,90.58089458108562,0.09394955769343538,0.4279278633223526,50.83470641918628,79.34033671935975,2.1
20260617T163621-97373bc,sarima,philippines,F4,DFF,0.12957863856098123,0.5769128223956921,54.95754007967615,93.34010570144031,0.105068249810099,0.477459623339757,56.85086512597081,83.92564099084196,9.4
20260617T163621-97373bc,prophet,philippines,F4,DFF,0.38186726580492847,1.6572666039856252,161.95945410951526,196.56724818469755,0.6794085852065729,3.0971355004170698,367.61786660400753,406.58117731108723,19.5
20260617T163621-97373bc,ets,philippines,F4,DFF,0.12903013189652934,0.5671712740490088,54.72490469061551,89.7327506290356,0.09605848807613615,0.43710116837653695,51.97581723966422,79.54460276050553,0.6
20260617T163621-97373bc,theta,philippines,F4,DFF,0.14304542567366685,0.6285002453396709,60.66914116384396,94.1838271871333,0.08410158463235012,0.38332746066294776,45.50611486777226,79.2868412098275,0.1
20260617T163621-97373bc,kalman,philippines,F4,DFF,0.190028810491763,0.8211975511172186,80.59596924981899,100.86311281273585,0.12276011404611135,0.5548572933239561,66.42366936822675,85.79614891546687,0.6
20260617T163621-97373bc,lstm,philippines,F4,DFF,2.8710548318681632,13.05868727890726,1215.3749314264312,1309.1170218022153,2.351965182426843,11.23068830392267,1272.6133309424902,1274.735339435872,3.1
20260617T163621-97373bc,deepar,philippines,F4,DFF,2.8990557032583357,13.093176829641584,1227.2282603033184,1496.0051787545203,2.9770452458091703,14.898602773707713,1610.8348435355958,1889.7506190245674,3.2
20260617T163621-97373bc,dlinear,philippines,F4,DFF,1.1683637284109403,4.614150270094664,495.53226631229023,614.6597994188859,0.2362025250511435,1.0729572376983503,127.80566839522619,153.46185387259533,1.4
20260617T163621-97373bc,nlinear,philippines,F4,DFF,0.16712328521885567,0.7325465224026235,70.88116334344714,106.50483296472481,0.10322465712316375,0.46887310598526843,55.853324580833565,82.4403653749022,1.2
20260617T163621-97373bc,nbeats,philippines,F4,DFF,0.6849901312659153,2.9285519892347645,290.52143942315627,378.4073248452887,0.4358103597680975,2.0150589620728057,235.8104948779253,301.80201476366915,30.0
20260617T163621-97373bc,nhits,philippines,F4,DFF,0.5602636353257591,2.4307291685566637,237.62181433253755,303.17563884595,0.2929356477810173,1.3463641843063552,158.50311614295856,196.24535947301771,4.6
20260617T163621-97373bc,tide,philippines,F4,DFF,0.5996731117340784,2.5653658074995147,254.336358514216,370.41204485786716,0.2933649070252104,1.3491815678788288,158.7353819267686,210.45122662249796,1.8
20260617T163621-97373bc,rlinear,philippines,F4,DFF,0.24660262148502876,1.0915887922206085,104.59033683733784,172.06484509384688,0.13300181459113228,0.6007412798971955,71.96530099717204,103.20751480829577,0.1
20260617T163621-97373bc,xgboost,philippines,F4,DFF,0.13996175145591197,0.6087100212049726,59.24860862631665,97.61871031554315,0.1696663177085429,0.7641996807298416,91.80391756693523,131.00277669815486,10.7
20260617T163621-97373bc,lightgbm,philippines,F4,DFF,0.13130668152774042,0.5700777771172449,55.58474442432308,87.55750110768365,0.14220647488118812,0.6442299319324167,76.94580558943608,105.15433255336471,2.7
20260617T163621-97373bc,catboost,philippines,F4,DFF,0.12812659312476102,0.5558200667286399,54.238549401573835,91.32938651959681,0.15378222891887353,0.6931619837295099,83.20927369438027,112.28514302548817,19.6
20260617T163621-97373bc,tft,philippines,F4,DFF,3.7783108848764413,17.61911593891975,1602.4761040482203,1919.1942594881996,2.97274724998943,14.80634185737218,1608.5092620102384,1860.0421980889996,8.0
20260617T163621-97373bc,chronos,philippines,F4,DFF,0.15450336301629408,0.6638145449233158,65.52873883928571,95.5934022611278,0.17532886679479112,0.7912441050162659,94.86783854166667,119.73287470629018,0.7
