country,category,table,date,days,lo80,hi80,lo95,hi95
all_chargeability,F1,FAD,2026-08-01,15749,15668,15830,15575,15923
all_chargeability,F1,FAD,2026-09-01,15762,15647,15877,15516,16008
all_chargeability,F1,FAD,2026-10-01,15774,15634,15915,15473,16076
all_chargeability,F1,FAD,2026-11-01,15787,15625,15949,15439,16135
all_chargeability,F1,FAD,2026-12-01,15799,15618,15980,15410,16188
all_chargeability,F1,FAD,2027-01-01,15810,15612,16008,15384,16236
all_chargeability,F1,FAD,2027-02-01,15817,15602,16031,15356,16277
all_chargeability,F1,FAD,2027-03-01,15824,15595,16053,15332,16316
all_chargeability,F1,FAD,2027-04-01,15842,15599,16085,15320,16364
all_chargeability,F1,FAD,2027-05-01,15860,15604,16116,15310,16410
all_chargeability,F1,FAD,2027-06-01,15863,15594,16132,15286,16440
all_chargeability,F1,FAD,2027-07-01,15878,15597,16159,15275,16481
all_chargeability,F2A,FAD,2026-08-01,18276,18043,18509,17775,18777
all_chargeability,F2A,FAD,2026-09-01,18289,17960,18619,17581,18998
all_chargeability,F2A,FAD,2026-10-01,18314,17911,18718,17447,19182
all_chargeability,F2A,FAD,2026-11-01,18332,17865,18798,17330,19333
all_chargeability,F2A,FAD,2026-12-01,18349,17828,18870,17229,19469
all_chargeability,F2A,FAD,2027-01-01,18365,17794,18936,17138,19592
all_chargeability,F2A,FAD,2027-02-01,18378,17761,18995,17053,19703
all_chargeability,F2A,FAD,2027-03-01,18389,17729,19048,16972,19805
all_chargeability,F2A,FAD,2027-04-01,18404,17704,19103,16901,19906
all_chargeability,F2A,FAD,2027-05-01,18434,17697,19172,16851,20018
all_chargeability,F2A,FAD,2027-06-01,18451,17678,19225,16790,20113
all_chargeability,F2A,FAD,2027-07-01,18469,17661,19277,16734,20204
all_chargeability,F2B,FAD,2026-08-01,15687,15615,15760,15531,15844
all_chargeability,F2B,FAD,2026-09-01,15709,15606,15812,15487,15931
all_chargeability,F2B,FAD,2026-10-01,15730,15604,15857,15459,16002
all_chargeability,F2B,FAD,2026-11-01,15751,15606,15897,15438,16065
all_chargeability,F2B,FAD,2026-12-01,15772,15609,15936,15422,16123
all_chargeability,F2B,FAD,2027-01-01,15793,15614,15972,15409,16177
all_chargeability,F2B,FAD,2027-02-01,15814,15621,16007,15399,16229
all_chargeability,F2B,FAD,2027-03-01,15835,15628,16041,15391,16278
all_chargeability,F2B,FAD,2027-04-01,15855,15636,16075,15385,16326
all_chargeability,F2B,FAD,2027-05-01,15876,15645,16107,15380,16372
all_chargeability,F2B,FAD,2027-06-01,15896,15654,16138,15376,16416
all_chargeability,F2B,FAD,2027-07-01,15917,15664,16170,15374,16460
all_chargeability,F3,FAD,2026-08-01,13640,13517,13764,13376,13905
all_chargeability,F3,FAD,2026-09-01,13654,13480,13828,13280,14028
all_chargeability,F3,FAD,2026-10-01,13666,13453,13879,13208,14124
all_chargeability,F3,FAD,2026-11-01,13676,13430,13922,13147,14205
all_chargeability,F3,FAD,2026-12-01,13684,13408,13960,13092,14276
all_chargeability,F3,FAD,2027-01-01,13694,13392,13996,13046,14342
all_chargeability,F3,FAD,2027-02-01,13700,13374,14026,13000,14400
all_chargeability,F3,FAD,2027-03-01,13716,13368,14065,12968,14465
all_chargeability,F3,FAD,2027-04-01,13748,13378,14118,12954,14542
all_chargeability,F3,FAD,2027-05-01,13767,13377,14156,12930,14603
all_chargeability,F3,FAD,2027-06-01,13783,13374,14191,12905,14660
all_chargeability,F3,FAD,2027-07-01,13803,13377,14230,12887,14720
all_chargeability,F4,FAD,2026-08-01,12420,12356,12485,12282,12559
all_chargeability,F4,FAD,2026-09-01,12432,12340,12523,12236,12627
all_chargeability,F4,FAD,2026-10-01,12443,12332,12555,12204,12683
all_chargeability,F4,FAD,2026-11-01,12455,12326,12583,12178,12731
all_chargeability,F4,FAD,2026-12-01,12466,12322,12610,12157,12775
all_chargeability,F4,FAD,2027-01-01,12478,12320,12635,12139,12816
all_chargeability,F4,FAD,2027-02-01,12489,12319,12659,12123,12855
all_chargeability,F4,FAD,2027-03-01,12500,12318,12682,12109,12891
all_chargeability,F4,FAD,2027-04-01,12512,12319,12705,12097,12927
all_chargeability,F4,FAD,2027-05-01,12523,12320,12726,12086,12960
all_chargeability,F4,FAD,2027-06-01,12535,12321,12748,12076,12993
all_chargeability,F4,FAD,2027-07-01,12546,12323,12769,12067,13025
china,F1,FAD,2026-08-01,15750,15674,15826,15586,15914
china,F1,FAD,2026-09-01,15763,15655,15871,15530,15996
china,F1,FAD,2026-10-01,15776,15643,15909,15491,16061
china,F1,FAD,2026-11-01,15789,15636,15942,15460,16118
china,F1,FAD,2026-12-01,15802,15631,15973,15434,16170
china,F1,FAD,2027-01-01,15815,15627,16003,15412,16218
china,F1,FAD,2027-02-01,15828,15626,16030,15393,16263
china,F1,FAD,2027-03-01,15841,15625,16057,15376,16306
china,F1,FAD,2027-04-01,15854,15624,16083,15360,16347
china,F1,FAD,2027-05-01,15867,15625,16109,15347,16387
china,F1,FAD,2027-06-01,15874,15621,16128,15329,16420
china,F1,FAD,2027-07-01,15886,15620,16151,15316,16455
china,F2A,FAD,2026-08-01,18278,18045,18511,17777,18779
china,F2A,FAD,2026-09-01,18293,17963,18623,17584,19002
china,F2A,FAD,2026-10-01,18309,17905,18713,17441,19177
china,F2A,FAD,2026-11-01,18322,17856,18789,17320,19325
china,F2A,FAD,2026-12-01,18337,17815,18859,17216,19458
china,F2A,FAD,2027-01-01,18352,17780,18923,17124,19579
china,F2A,FAD,2027-02-01,18366,17749,18983,17040,19692
china,F2A,FAD,2027-03-01,18380,17721,19040,16963,19798
china,F2A,FAD,2027-04-01,18395,17695,19095,16891,19899
china,F2A,FAD,2027-05-01,18409,17671,19147,16824,19994
china,F2A,FAD,2027-06-01,18423,17650,19197,16761,20086
china,F2A,FAD,2027-07-01,18438,17630,19247,16702,20175
china,F2B,FAD,2026-08-01,15683,15609,15756,15525,15840
china,F2B,FAD,2026-09-01,15699,15596,15803,15477,15922
china,F2B,FAD,2026-10-01,15716,15589,15843,15443,15989
china,F2B,FAD,2026-11-01,15733,15586,15880,15418,16048
china,F2B,FAD,2026-12-01,15749,15585,15913,15397,16101
china,F2B,FAD,2027-01-01,15766,15586,15946,15380,16152
china,F2B,FAD,2027-02-01,15783,15589,15976,15366,16199
china,F2B,FAD,2027-03-01,15799,15592,16007,15354,16245
china,F2B,FAD,2027-04-01,15816,15596,16035,15343,16288
china,F2B,FAD,2027-05-01,15833,15601,16065,15335,16331
china,F2B,FAD,2027-06-01,15849,15606,16092,15327,16371
china,F2B,FAD,2027-07-01,15866,15612,16119,15320,16411
china,F3,FAD,2026-08-01,13639,13516,13763,13375,13904
china,F3,FAD,2026-09-01,13652,13478,13826,13278,14026
china,F3,FAD,2026-10-01,13664,13451,13877,13206,14122
china,F3,FAD,2026-11-01,13673,13427,13919,13144,14202
china,F3,FAD,2026-12-01,13680,13405,13956,13089,14272
china,F3,FAD,2027-01-01,13690,13388,13991,13042,14337
china,F3,FAD,2027-02-01,13696,13370,14022,12996,14396
china,F3,FAD,2027-03-01,13711,13363,14059,12963,14459
china,F3,FAD,2027-04-01,13742,13373,14112,12949,14536
china,F3,FAD,2027-05-01,13760,13371,14149,12924,14596
china,F3,FAD,2027-06-01,13776,13367,14184,12898,14653
china,F3,FAD,2027-07-01,13795,13369,14222,12879,14712
china,F4,FAD,2026-08-01,12420,12355,12484,12280,12559
china,F4,FAD,2026-09-01,12426,12335,12518,12229,12624
china,F4,FAD,2026-10-01,12440,12328,12553,12199,12682
china,F4,FAD,2026-11-01,12451,12321,12581,12172,12730
china,F4,FAD,2026-12-01,12461,12316,12607,12149,12774
china,F4,FAD,2027-01-01,12472,12313,12631,12130,12814
china,F4,FAD,2027-02-01,12482,12310,12655,12113,12852
china,F4,FAD,2027-03-01,12493,12309,12677,12098,12888
china,F4,FAD,2027-04-01,12503,12308,12698,12084,12922
china,F4,FAD,2027-05-01,12514,12308,12719,12072,12955
china,F4,FAD,2027-06-01,12524,12308,12740,12061,12987
china,F4,FAD,2027-07-01,12534,12309,12760,12051,13018
india,F1,FAD,2026-08-01,15750,15669,15830,15577,15922
india,F1,FAD,2026-09-01,15762,15649,15876,15519,16006
india,F1,FAD,2026-10-01,15775,15636,15914,15477,16073
india,F1,FAD,2026-11-01,15787,15627,15948,15443,16132
india,F1,FAD,2026-12-01,15800,15621,15979,15415,16185
india,F1,FAD,2027-01-01,15813,15616,16009,15391,16234
india,F1,FAD,2027-02-01,15825,15613,16038,15370,16281
india,F1,FAD,2027-03-01,15837,15610,16064,15350,16324
india,F1,FAD,2027-04-01,15850,15609,16091,15333,16367
india,F1,FAD,2027-05-01,15863,15609,16116,15318,16407
india,F1,FAD,2027-06-01,15863,15597,16129,15292,16434
india,F1,FAD,2027-07-01,15873,15596,16151,15277,16470
india,F2A,FAD,2026-08-01,18276,18043,18509,17775,18777
india,F2A,FAD,2026-09-01,18289,17960,18619,17581,18998
india,F2A,FAD,2026-10-01,18314,17911,18718,17447,19182
india,F2A,FAD,2026-11-01,18332,17865,18798,17330,19333
india,F2A,FAD,2026-12-01,18349,17828,18870,17229,19469
india,F2A,FAD,2027-01-01,18363,17793,18934,17137,19590
india,F2A,FAD,2027-02-01,18376,17759,18993,17051,19701
india,F2A,FAD,2027-03-01,18387,17727,19047,16970,19804
india,F2A,FAD,2027-04-01,18402,17702,19101,16899,19904
india,F2A,FAD,2027-05-01,18434,17697,19171,16850,20018
india,F2A,FAD,2027-06-01,18451,17678,19225,16790,20113
india,F2A,FAD,2027-07-01,18469,17661,19277,16734,20204
india,F2B,FAD,2026-08-01,15687,15614,15759,15530,15843
india,F2B,FAD,2026-09-01,15707,15604,15810,15486,15928
india,F2B,FAD,2026-10-01,15728,15601,15854,15456,15999
india,F2B,FAD,2026-11-01,15748,15602,15894,15435,16061
india,F2B,FAD,2026-12-01,15768,15605,15931,15418,16118
india,F2B,FAD,2027-01-01,15788,15610,15967,15405,16172
india,F2B,FAD,2027-02-01,15808,15615,16001,15394,16222
india,F2B,FAD,2027-03-01,15828,15622,16034,15385,16271
india,F2B,FAD,2027-04-01,15848,15629,16066,15378,16317
india,F2B,FAD,2027-05-01,15868,15637,16098,15373,16362
india,F2B,FAD,2027-06-01,15887,15645,16129,15368,16406
india,F2B,FAD,2027-07-01,15907,15654,16159,15364,16449
india,F3,FAD,2026-08-01,13640,13517,13764,13376,13905
india,F3,FAD,2026-09-01,13655,13481,13829,13281,14029
india,F3,FAD,2026-10-01,13668,13455,13881,13210,14126
india,F3,FAD,2026-11-01,13678,13432,13924,13149,14207
india,F3,FAD,2026-12-01,13687,13411,13963,13095,14279
india,F3,FAD,2027-01-01,13695,13393,13997,13047,14343
india,F3,FAD,2027-02-01,13703,13377,14029,13003,14403
india,F3,FAD,2027-03-01,13718,13370,14067,12970,14467
india,F3,FAD,2027-04-01,13749,13379,14119,12955,14543
india,F3,FAD,2027-05-01,13768,13378,14157,12931,14604
india,F3,FAD,2027-06-01,13784,13375,14192,12906,14661
india,F3,FAD,2027-07-01,13804,13378,14231,12888,14721
india,F4,FAD,2026-08-01,11638,11587,11689,11529,11747
india,F4,FAD,2026-09-01,11648,11576,11720,11494,11802
india,F4,FAD,2026-10-01,11650,11563,11738,11462,11839
india,F4,FAD,2026-11-01,11658,11557,11759,11440,11876
india,F4,FAD,2026-12-01,11665,11552,11779,11422,11909
india,F4,FAD,2027-01-01,11673,11548,11797,11406,11939
india,F4,FAD,2027-02-01,11680,11546,11814,11392,11968
india,F4,FAD,2027-03-01,11687,11544,11831,11380,11995
india,F4,FAD,2027-04-01,11695,11543,11846,11368,12021
india,F4,FAD,2027-05-01,11702,11542,11862,11358,12046
india,F4,FAD,2027-06-01,11709,11541,11877,11348,12070
india,F4,FAD,2027-07-01,11716,11541,11891,11339,12093
mexico,F1,FAD,2026-08-01,12002,11683,12321,11317,12687
mexico,F1,FAD,2026-09-01,12003,11552,12454,11034,12972
mexico,F1,FAD,2026-10-01,12021,11468,12574,10834,13208
mexico,F1,FAD,2026-11-01,12028,11390,12665,10657,13398
mexico,F1,FAD,2026-12-01,12035,11322,12749,10503,13568
mexico,F1,FAD,2027-01-01,12042,11261,12824,10364,13721
mexico,F1,FAD,2027-02-01,12050,11206,12894,10237,13863
mexico,F1,FAD,2027-03-01,12057,11155,12959,10119,13995
mexico,F1,FAD,2027-04-01,12064,11107,13021,10008,14120
mexico,F1,FAD,2027-05-01,12071,11062,13080,9904,14238
mexico,F1,FAD,2027-06-01,12079,11021,13136,9806,14351
mexico,F1,FAD,2027-07-01,12086,10981,13191,9712,14460
mexico,F2A,FAD,2026-08-01,17911,17749,18072,17564,18257
mexico,F2A,FAD,2026-09-01,17924,17696,18152,17434,18414
mexico,F2A,FAD,2026-10-01,17952,17673,18231,17352,18552
mexico,F2A,FAD,2026-11-01,17965,17642,18287,17272,18657
mexico,F2A,FAD,2026-12-01,17973,17612,18333,17198,18747
mexico,F2A,FAD,2027-01-01,17978,17583,18373,17130,18826
mexico,F2A,FAD,2027-02-01,17991,17565,18418,17075,18908
mexico,F2A,FAD,2027-03-01,18004,17549,18460,17025,18984
mexico,F2A,FAD,2027-04-01,18017,17534,18501,16978,19057
mexico,F2A,FAD,2027-05-01,18031,17521,18540,16935,19126
mexico,F2A,FAD,2027-06-01,18045,17510,18580,16896,19194
mexico,F2A,FAD,2027-07-01,18066,17507,18625,16866,19266
mexico,F2B,FAD,2026-08-01,12513,12351,12675,12165,12861
mexico,F2B,FAD,2026-09-01,12565,12337,12794,12074,13057
mexico,F2B,FAD,2026-10-01,12624,12343,12904,12021,13226
mexico,F2B,FAD,2026-11-01,12676,12353,13000,11981,13372
mexico,F2B,FAD,2026-12-01,12729,12367,13090,11951,13506
mexico,F2B,FAD,2027-01-01,12781,12384,13178,11929,13633
mexico,F2B,FAD,2027-02-01,12833,12405,13261,11913,13753
mexico,F2B,FAD,2027-03-01,12884,12427,13342,11901,13868
mexico,F2B,FAD,2027-04-01,12936,12450,13421,11892,13979
mexico,F2B,FAD,2027-05-01,12987,12475,13499,11887,14087
mexico,F2B,FAD,2027-06-01,13038,12501,13574,11884,14191
mexico,F2B,FAD,2027-07-01,13088,12528,13649,11884,14293
mexico,F3,FAD,2026-08-01,9645,9565,9724,9473,9816
mexico,F3,FAD,2026-09-01,9647,9534,9761,9404,9891
mexico,F3,FAD,2026-10-01,9651,9512,9790,9353,9949
mexico,F3,FAD,2026-11-01,9657,9497,9816,9313,10000
mexico,F3,FAD,2026-12-01,9656,9477,9835,9272,10040
mexico,F3,FAD,2027-01-01,9664,9468,9860,9243,10085
mexico,F3,FAD,2027-02-01,9664,9452,9875,9209,10118
mexico,F3,FAD,2027-03-01,9664,9438,9890,9178,10150
mexico,F3,FAD,2027-04-01,9668,9428,9907,9152,10183
mexico,F3,FAD,2027-05-01,9678,9426,9931,9135,10222
mexico,F3,FAD,2027-06-01,9683,9418,9948,9113,10253
mexico,F3,FAD,2027-07-01,9694,9416,9971,9098,10289
mexico,F4,FAD,2026-08-01,9600,9592,9608,9583,9617
mexico,F4,FAD,2026-09-01,9606,9594,9618,9581,9631
mexico,F4,FAD,2026-10-01,9613,9599,9628,9583,9644
mexico,F4,FAD,2026-11-01,9620,9604,9636,9585,9655
mexico,F4,FAD,2026-12-01,9626,9608,9644,9587,9665
mexico,F4,FAD,2027-01-01,9632,9613,9652,9590,9675
mexico,F4,FAD,2027-02-01,9639,9618,9660,9593,9685
mexico,F4,FAD,2027-03-01,9645,9622,9669,9596,9695
mexico,F4,FAD,2027-04-01,9652,9627,9676,9599,9704
mexico,F4,FAD,2027-05-01,9658,9632,9684,9603,9713
mexico,F4,FAD,2027-06-01,9664,9637,9691,9606,9722
mexico,F4,FAD,2027-07-01,9671,9642,9699,9610,9731
philippines,F1,FAD,2026-08-01,14011,13928,14095,13832,14191
philippines,F1,FAD,2026-09-01,14023,13904,14141,13769,14276
philippines,F1,FAD,2026-10-01,14034,13890,14178,13724,14344
philippines,F1,FAD,2026-11-01,14045,13878,14212,13687,14403
philippines,F1,FAD,2026-12-01,14056,13870,14243,13656,14457
philippines,F1,FAD,2027-01-01,14068,13863,14272,13629,14506
philippines,F1,FAD,2027-02-01,14079,13858,14300,13605,14553
philippines,F1,FAD,2027-03-01,14090,13854,14325,13583,14596
philippines,F1,FAD,2027-04-01,14101,13850,14351,13563,14638
philippines,F1,FAD,2027-05-01,14112,13848,14375,13545,14678
philippines,F1,FAD,2027-06-01,14122,13845,14399,13528,14716
philippines,F1,FAD,2027-07-01,14133,13845,14422,13513,14754
philippines,F2A,FAD,2026-08-01,18276,18043,18509,17775,18777
philippines,F2A,FAD,2026-09-01,18289,17960,18619,17581,18998
philippines,F2A,FAD,2026-10-01,18314,17911,18718,17447,19182
philippines,F2A,FAD,2026-11-01,18332,17865,18798,17330,19333
philippines,F2A,FAD,2026-12-01,18349,17828,18870,17229,19469
philippines,F2A,FAD,2027-01-01,18366,17795,18937,17139,19593
philippines,F2A,FAD,2027-02-01,18382,17765,18999,17057,19707
philippines,F2A,FAD,2027-03-01,18393,17733,19053,16976,19810
philippines,F2A,FAD,2027-04-01,18409,17709,19108,16906,19911
philippines,F2A,FAD,2027-05-01,18434,17697,19172,16851,20018
philippines,F2A,FAD,2027-06-01,18452,17678,19225,16790,20113
philippines,F2A,FAD,2027-07-01,18469,17661,19277,16734,20204
philippines,F2B,FAD,2026-08-01,14023,13958,14088,13884,14162
philippines,F2B,FAD,2026-09-01,14041,13949,14133,13844,14238
philippines,F2B,FAD,2026-10-01,14054,13942,14167,13813,14296
philippines,F2B,FAD,2026-11-01,14068,13938,14198,13789,14347
philippines,F2B,FAD,2026-12-01,14069,13923,14214,13757,14380
philippines,F2B,FAD,2027-01-01,14072,13914,14231,13731,14414
philippines,F2B,FAD,2027-02-01,14081,13910,14253,13713,14450
philippines,F2B,FAD,2027-03-01,14094,13910,14277,13699,14488
philippines,F2B,FAD,2027-04-01,14110,13915,14305,13692,14528
philippines,F2B,FAD,2027-05-01,14124,13919,14330,13684,14565
philippines,F2B,FAD,2027-06-01,14139,13924,14354,13677,14601
philippines,F2B,FAD,2027-07-01,14160,13935,14385,13677,14643
philippines,F3,FAD,2026-08-01,11385,11303,11467,11208,11562
philippines,F3,FAD,2026-09-01,11390,11274,11506,11140,11640
philippines,F3,FAD,2026-10-01,11397,11255,11540,11091,11704
philippines,F3,FAD,2026-11-01,11403,11239,11568,11050,11757
philippines,F3,FAD,2026-12-01,11410,11226,11595,11015,11806
philippines,F3,FAD,2027-01-01,11417,11216,11619,10984,11851
philippines,F3,FAD,2027-02-01,11424,11206,11642,10956,11892
philippines,F3,FAD,2027-03-01,11431,11199,11664,10931,11932
philippines,F3,FAD,2027-04-01,11438,11192,11685,10908,11969
philippines,F3,FAD,2027-05-01,11445,11185,11705,10886,12004
philippines,F3,FAD,2027-06-01,11452,11178,11725,10865,12038
philippines,F3,FAD,2027-07-01,11459,11173,11744,10846,12071
philippines,F4,FAD,2026-08-01,11924,11836,12012,11736,12112
philippines,F4,FAD,2026-09-01,11950,11826,12074,11684,12216
philippines,F4,FAD,2026-10-01,11968,11816,12119,11642,12293
philippines,F4,FAD,2026-11-01,11980,11806,12155,11605,12356
philippines,F4,FAD,2026-12-01,11983,11788,12179,11563,12404
philippines,F4,FAD,2027-01-01,12000,11786,12214,11540,12460
philippines,F4,FAD,2027-02-01,12017,11786,12248,11520,12514
philippines,F4,FAD,2027-03-01,12033,11786,12281,11502,12565
philippines,F4,FAD,2027-04-01,12058,11795,12321,11494,12622
philippines,F4,FAD,2027-05-01,12094,11817,12370,11499,12688
philippines,F4,FAD,2027-06-01,12117,11826,12407,11493,12740
philippines,F4,FAD,2027-07-01,12146,11844,12449,11496,12797
all_chargeability,EB1,FAD,2023-10-01,17789,17774,17805,17757,17822
all_chargeability,EB1,FAD,2023-11-01,17823,17802,17844,17777,17869
all_chargeability,EB1,FAD,2023-12-01,17856,17830,17882,17800,17912
all_chargeability,EB1,FAD,2024-01-01,17889,17859,17919,17824,17954
all_chargeability,EB1,FAD,2024-02-01,17921,17887,17954,17848,17993
all_chargeability,EB1,FAD,2024-03-01,17950,17912,17987,17870,18029
all_chargeability,EB1,FAD,2024-04-01,17979,17939,18019,17893,18065
all_chargeability,EB1,FAD,2024-05-01,18005,17962,18048,17913,18097
all_chargeability,EB1,FAD,2024-06-01,18033,17987,18078,17935,18130
all_chargeability,EB1,FAD,2024-07-01,18057,18009,18105,17954,18160
all_chargeability,EB1,FAD,2024-08-01,18043,17993,18093,17935,18151
all_chargeability,EB1,FAD,2024-09-01,18095,18042,18147,17982,18207
all_chargeability,EB2,FAD,2026-04-01,18276,18192,18360,18095,18457
all_chargeability,EB2,FAD,2026-05-01,18362,18243,18480,18106,18617
all_chargeability,EB2,FAD,2026-06-01,18425,18279,18571,18112,18738
all_chargeability,EB2,FAD,2026-07-01,18507,18338,18676,18145,18869
all_chargeability,EB2,FAD,2026-08-01,18569,18380,18757,18164,18973
all_chargeability,EB2,FAD,2026-09-01,18624,18418,18830,18181,19067
all_chargeability,EB2,FAD,2026-10-01,18674,18451,18896,18195,19152
all_chargeability,EB2,FAD,2026-11-01,18719,18480,18957,18207,19230
all_chargeability,EB2,FAD,2026-12-01,18759,18506,19011,18216,19301
all_chargeability,EB2,FAD,2027-01-01,18795,18528,19061,18223,19366
all_chargeability,EB2,FAD,2027-02-01,18827,18548,19106,18227,19427
all_chargeability,EB2,FAD,2027-03-01,18856,18564,19147,18229,19482
all_chargeability,EB3,FAD,2026-08-01,18125,17743,18507,17304,18946
all_chargeability,EB3,FAD,2026-09-01,18140,17600,18681,16980,19301
all_chargeability,EB3,FAD,2026-10-01,18157,17495,18819,16735,19579
all_chargeability,EB3,FAD,2026-11-01,18171,17406,18935,16529,19812
all_chargeability,EB3,FAD,2026-12-01,18186,17331,19040,16350,20021
all_chargeability,EB3,FAD,2027-01-01,18201,17265,19136,16190,20211
all_chargeability,EB3,FAD,2027-02-01,18215,17205,19226,16044,20387
all_chargeability,EB3,FAD,2027-03-01,18230,17149,19311,15908,20552
all_chargeability,EB3,FAD,2027-04-01,18245,17098,19392,15782,20708
all_chargeability,EB3,FAD,2027-05-01,18259,17051,19468,15664,20855
all_chargeability,EB3,FAD,2027-06-01,18274,17006,19542,15551,20997
all_chargeability,EB3,FAD,2027-07-01,18288,16965,19612,15445,21132
all_chargeability,EB3_OW,FAD,2026-08-01,17242,17199,17286,17149,17336
all_chargeability,EB3_OW,FAD,2026-09-01,17258,17197,17319,17126,17390
all_chargeability,EB3_OW,FAD,2026-10-01,17274,17199,17349,17112,17436
all_chargeability,EB3_OW,FAD,2026-11-01,17290,17203,17376,17103,17476
all_chargeability,EB3_OW,FAD,2026-12-01,17305,17208,17402,17096,17514
all_chargeability,EB3_OW,FAD,2027-01-01,17320,17214,17427,17092,17549
all_chargeability,EB3_OW,FAD,2027-02-01,17336,17220,17451,17088,17583
all_chargeability,EB3_OW,FAD,2027-03-01,17350,17227,17474,17086,17615
all_chargeability,EB3_OW,FAD,2027-04-01,17365,17235,17495,17085,17645
all_chargeability,EB3_OW,FAD,2027-05-01,17380,17242,17517,17084,17675
all_chargeability,EB3_OW,FAD,2027-06-01,17394,17250,17538,17084,17704
all_chargeability,EB3_OW,FAD,2027-07-01,17409,17258,17559,17085,17732
all_chargeability,EB4,FAD,2026-08-01,17437,17189,17684,16904,17969
all_chargeability,EB4,FAD,2026-09-01,17449,17098,17800,16696,18202
all_chargeability,EB4,FAD,2026-10-01,17462,17032,17891,16539,18384
all_chargeability,EB4,FAD,2026-11-01,17474,16978,17970,16409,18539
all_chargeability,EB4,FAD,2026-12-01,17487,16932,18041,16296,18677
all_chargeability,EB4,FAD,2027-01-01,17499,16892,18107,16195,18804
all_chargeability,EB4,FAD,2027-02-01,17512,16856,18168,16103,18921
all_chargeability,EB4,FAD,2027-03-01,17524,16823,18225,16018,19030
all_chargeability,EB4,FAD,2027-04-01,17537,16793,18280,15939,19134
all_chargeability,EB4,FAD,2027-05-01,17549,16765,18333,15865,19233
all_chargeability,EB4,FAD,2027-06-01,17562,16740,18384,15796,19328
all_chargeability,EB4,FAD,2027-07-01,17574,16716,18433,15730,19419
all_chargeability,EB4_RW,FAD,2026-08-01,17437,17190,17685,16905,17970
all_chargeability,EB4_RW,FAD,2026-09-01,17450,17099,17801,16697,18203
all_chargeability,EB4_RW,FAD,2026-10-01,17463,17034,17893,16541,18386
all_chargeability,EB4_RW,FAD,2026-11-01,17476,16980,17972,16411,18541
all_chargeability,EB4_RW,FAD,2026-12-01,17489,16935,18043,16298,18680
all_chargeability,EB4_RW,FAD,2027-01-01,17499,16892,18106,16195,18803
all_chargeability,EB4_RW,FAD,2027-02-01,17512,16856,18168,16103,18921
all_chargeability,EB4_RW,FAD,2027-03-01,17524,16823,18225,16018,19030
all_chargeability,EB4_RW,FAD,2027-04-01,17537,16793,18280,15939,19134
all_chargeability,EB4_RW,FAD,2027-05-01,17549,16765,18333,15865,19233
all_chargeability,EB4_RW,FAD,2027-06-01,17562,16740,18384,15796,19328
all_chargeability,EB4_RW,FAD,2027-07-01,17574,16716,18433,15730,19419
china,EB1,FAD,2026-08-01,17690,17665,17715,17637,17743
china,EB1,FAD,2026-09-01,17694,17659,17729,17619,17769
china,EB1,FAD,2026-10-01,17712,17670,17755,17621,17804
china,EB1,FAD,2026-11-01,17715,17666,17764,17609,17821
china,EB1,FAD,2026-12-01,17729,17674,17785,17611,17848
china,EB1,FAD,2027-01-01,17739,17678,17800,17609,17869
china,EB1,FAD,2027-02-01,17740,17675,17805,17600,17880
china,EB1,FAD,2027-03-01,17752,17682,17822,17602,17902
china,EB1,FAD,2027-04-01,17767,17693,17841,17608,17926
china,EB1,FAD,2027-05-01,17768,17690,17845,17600,17935
china,EB1,FAD,2027-06-01,17768,17686,17850,17592,17944
china,EB1,FAD,2027-07-01,17794,17708,17880,17610,17978
china,EB2,FAD,2026-08-01,17068,17008,17129,16938,17199
china,EB2,FAD,2026-09-01,17081,16995,17167,16896,17266
china,EB2,FAD,2026-10-01,17094,16989,17200,16868,17321
china,EB2,FAD,2026-11-01,17107,16986,17229,16846,17369
china,EB2,FAD,2026-12-01,17120,16984,17257,16828,17413
china,EB2,FAD,2027-01-01,17133,16984,17282,16813,17453
china,EB2,FAD,2027-02-01,17146,16985,17307,16800,17492
china,EB2,FAD,2027-03-01,17159,16987,17331,16789,17529
china,EB2,FAD,2027-04-01,17171,16989,17354,16779,17564
china,EB2,FAD,2027-05-01,17184,16991,17376,16770,17597
china,EB2,FAD,2027-06-01,17196,16995,17398,16763,17630
china,EB2,FAD,2027-07-01,17209,16998,17420,16756,17662
china,EB3,FAD,2026-08-01,17166,17087,17246,16996,17337
china,EB3,FAD,2026-09-01,17177,17065,17289,16936,17418
china,EB3,FAD,2026-10-01,17188,17050,17325,16892,17483
china,EB3,FAD,2026-11-01,17198,17039,17357,16857,17539
china,EB3,FAD,2026-12-01,17209,17032,17386,16828,17590
china,EB3,FAD,2027-01-01,17219,17025,17413,16802,17636
china,EB3,FAD,2027-02-01,17229,17020,17439,16779,17680
china,EB3,FAD,2027-03-01,17240,17016,17464,16758,17722
china,EB3,FAD,2027-04-01,17250,17012,17488,16739,17761
china,EB3,FAD,2027-05-01,17260,17009,17511,16721,17799
china,EB3,FAD,2027-06-01,17270,17007,17533,16705,17835
china,EB3,FAD,2027-07-01,17280,17006,17555,16690,17871
china,EB3_OW,FAD,2026-08-01,16172,16006,16337,15817,16526
china,EB3_OW,FAD,2026-09-01,16182,15949,16415,15681,16683
china,EB3_OW,FAD,2026-10-01,16193,15907,16478,15579,16806
china,EB3_OW,FAD,2026-11-01,16203,15873,16533,15494,16912
china,EB3_OW,FAD,2026-12-01,16213,15845,16582,15421,17006
china,EB3_OW,FAD,2027-01-01,16224,15819,16628,15355,17092
china,EB3_OW,FAD,2027-02-01,16234,15797,16670,15296,17171
china,EB3_OW,FAD,2027-03-01,16244,15778,16710,15242,17246
china,EB3_OW,FAD,2027-04-01,16254,15759,16749,15191,17317
china,EB3_OW,FAD,2027-05-01,16264,15743,16786,15144,17385
china,EB3_OW,FAD,2027-06-01,16274,15727,16822,15099,17450
china,EB3_OW,FAD,2027-07-01,16284,15713,16856,15057,17512
china,EB4,FAD,2026-08-01,17437,17189,17684,16904,17969
china,EB4,FAD,2026-09-01,17449,17098,17800,16696,18202
china,EB4,FAD,2026-10-01,17462,17032,17891,16539,18384
china,EB4,FAD,2026-11-01,17474,16978,17970,16409,18539
china,EB4,FAD,2026-12-01,17487,16932,18041,16296,18677
china,EB4,FAD,2027-01-01,17499,16892,18107,16195,18804
china,EB4,FAD,2027-02-01,17512,16856,18168,16103,18921
china,EB4,FAD,2027-03-01,17524,16823,18225,16018,19030
china,EB4,FAD,2027-04-01,17537,16793,18280,15939,19134
china,EB4,FAD,2027-05-01,17549,16765,18333,15865,19233
china,EB4,FAD,2027-06-01,17562,16740,18384,15796,19328
china,EB4,FAD,2027-07-01,17574,16716,18433,15730,19419
china,EB4_RW,FAD,2026-08-01,17437,17190,17685,16905,17970
china,EB4_RW,FAD,2026-09-01,17450,17099,17801,16697,18203
china,EB4_RW,FAD,2026-10-01,17463,17034,17893,16541,18386
china,EB4_RW,FAD,2026-11-01,17476,16980,17972,16411,18541
china,EB4_RW,FAD,2026-12-01,17489,16935,18043,16298,18680
china,EB4_RW,FAD,2027-01-01,17499,16892,18106,16195,18803
china,EB4_RW,FAD,2027-02-01,17512,16856,18168,16103,18921
china,EB4_RW,FAD,2027-03-01,17524,16823,18225,16018,19030
china,EB4_RW,FAD,2027-04-01,17537,16793,18280,15939,19134
china,EB4_RW,FAD,2027-05-01,17549,16765,18333,15865,19233
china,EB4_RW,FAD,2027-06-01,17562,16740,18384,15796,19328
china,EB4_RW,FAD,2027-07-01,17574,16716,18433,15730,19419
china,EB5_TEA,FAD,2015-09-01,14141,14090,14193,14031,14252
china,EB5_TEA,FAD,2015-10-01,14175,14102,14248,14019,14331
china,EB5_TEA,FAD,2015-11-01,14201,14112,14290,14010,14392
china,EB5_TEA,FAD,2015-12-01,14227,14124,14330,14006,14448
china,EB5_TEA,FAD,2016-01-01,14253,14138,14368,14006,14500
china,EB5_TEA,FAD,2016-02-01,14279,14154,14405,14009,14550
china,EB5_TEA,FAD,2016-03-01,14305,14169,14442,14013,14598
china,EB5_TEA,FAD,2016-04-01,14331,14186,14477,14019,14644
china,EB5_TEA,FAD,2016-05-01,14358,14203,14512,14026,14689
china,EB5_TEA,FAD,2016-06-01,14384,14221,14546,14034,14733
china,EB5_TEA,FAD,2016-07-01,14410,14239,14580,14043,14776
china,EB5_TEA,FAD,2016-08-01,14436,14257,14614,14053,14818
india,EB1,FAD,2026-08-01,17466,17322,17610,17157,17775
india,EB1,FAD,2026-09-01,17478,17275,17681,17041,17915
india,EB1,FAD,2026-10-01,17489,17240,17739,16954,18025
india,EB1,FAD,2026-11-01,17501,17213,17789,16883,18119
india,EB1,FAD,2026-12-01,17513,17191,17835,16822,18204
india,EB1,FAD,2027-01-01,17524,17172,17876,16767,18281
india,EB1,FAD,2027-02-01,17536,17155,17916,16718,18353
india,EB1,FAD,2027-03-01,17547,17140,17954,16673,18421
india,EB1,FAD,2027-04-01,17558,17127,17990,16632,18485
india,EB1,FAD,2027-05-01,17570,17115,18025,16593,18547
india,EB1,FAD,2027-06-01,17581,17104,18058,16556,18606
india,EB1,FAD,2027-07-01,17592,17094,18091,16522,18663
india,EB2,FAD,2026-07-01,14131,13981,14282,13808,14455
india,EB2,FAD,2026-08-01,14140,13927,14352,13682,14597
india,EB2,FAD,2026-09-01,14148,13887,14408,13587,14708
india,EB2,FAD,2026-10-01,14156,13855,14457,13509,14803
india,EB2,FAD,2026-11-01,14164,13827,14501,13440,14888
india,EB2,FAD,2026-12-01,14172,13803,14541,13379,14965
india,EB2,FAD,2027-01-01,14180,13782,14579,13324,15037
india,EB2,FAD,2027-02-01,14188,13762,14615,13273,15104
india,EB2,FAD,2027-03-01,14196,13744,14648,13225,15167
india,EB2,FAD,2027-04-01,14204,13728,14681,13181,15228
india,EB2,FAD,2027-05-01,14212,13713,14712,13139,15286
india,EB2,FAD,2027-06-01,14220,13698,14742,13099,15341
india,EB3,FAD,2026-08-01,14242,14197,14287,14145,14339
india,EB3,FAD,2026-09-01,14247,14183,14311,14109,14385
india,EB3,FAD,2026-10-01,14252,14173,14331,14083,14421
india,EB3,FAD,2026-11-01,14257,14166,14348,14062,14452
india,EB3,FAD,2026-12-01,14262,14161,14363,14044,14480
india,EB3,FAD,2027-01-01,14267,14155,14378,14028,14505
india,EB3,FAD,2027-02-01,14272,14152,14391,14014,14529
india,EB3,FAD,2027-03-01,14277,14148,14405,14001,14552
india,EB3,FAD,2027-04-01,14281,14145,14417,13989,14573
india,EB3,FAD,2027-05-01,14286,14143,14429,13978,14594
india,EB3,FAD,2027-06-01,14291,14141,14441,13968,14614
india,EB3,FAD,2027-07-01,14296,14138,14453,13958,14633
india,EB3_OW,FAD,2026-08-01,14246,14207,14286,14162,14331
india,EB3_OW,FAD,2026-09-01,14254,14198,14309,14134,14373
india,EB3_OW,FAD,2026-10-01,14261,14193,14330,14115,14408
india,EB3_OW,FAD,2026-11-01,14269,14190,14348,14100,14438
india,EB3_OW,FAD,2026-12-01,14276,14189,14364,14088,14465
india,EB3_OW,FAD,2027-01-01,14284,14187,14380,14077,14490
india,EB3_OW,FAD,2027-02-01,14291,14187,14395,14068,14514
india,EB3_OW,FAD,2027-03-01,14298,14187,14410,14060,14537
india,EB3_OW,FAD,2027-04-01,14306,14187,14424,14052,14559
india,EB3_OW,FAD,2027-05-01,14313,14189,14437,14046,14580
india,EB3_OW,FAD,2027-06-01,14320,14190,14450,14040,14600
india,EB3_OW,FAD,2027-07-01,14327,14191,14464,14035,14620
india,EB4,FAD,2026-08-01,17444,17202,17686,16925,17963
india,EB4,FAD,2026-09-01,17456,17114,17798,16722,18190
india,EB4,FAD,2026-10-01,17468,17050,17886,16569,18367
india,EB4,FAD,2026-11-01,17483,17000,17966,16445,18521
india,EB4,FAD,2026-12-01,17497,16957,18038,16337,18658
india,EB4,FAD,2027-01-01,17512,16920,18104,16241,18783
india,EB4,FAD,2027-02-01,17527,16887,18166,16153,18900
india,EB4,FAD,2027-03-01,17541,16858,18224,16073,19009
india,EB4,FAD,2027-04-01,17556,16831,18281,15999,19113
india,EB4,FAD,2027-05-01,17571,16806,18335,15929,19212
india,EB4,FAD,2027-06-01,17585,16784,18387,15864,19307
india,EB4,FAD,2027-07-01,17594,16757,18431,15796,19392
india,EB4_RW,FAD,2026-08-01,17448,17206,17690,16929,17967
india,EB4_RW,FAD,2026-09-01,17462,17120,17804,16728,18196
india,EB4_RW,FAD,2026-10-01,17469,17051,17887,16570,18368
india,EB4_RW,FAD,2026-11-01,17483,17000,17966,16445,18521
india,EB4_RW,FAD,2026-12-01,17497,16957,18038,16337,18658
india,EB4_RW,FAD,2027-01-01,17512,16920,18104,16241,18783
india,EB4_RW,FAD,2027-02-01,17527,16887,18166,16153,18900
india,EB4_RW,FAD,2027-03-01,17541,16858,18224,16073,19009
india,EB4_RW,FAD,2027-04-01,17556,16831,18281,15999,19113
india,EB4_RW,FAD,2027-05-01,17571,16806,18335,15929,19212
india,EB4_RW,FAD,2027-06-01,17585,16784,18386,15864,19306
india,EB4_RW,FAD,2027-07-01,17591,16754,18428,15793,19389
mexico,EB1,FAD,2023-10-01,17789,17774,17805,17757,17822
mexico,EB1,FAD,2023-11-01,17823,17802,17844,17777,17869
mexico,EB1,FAD,2023-12-01,17856,17830,17882,17800,17912
mexico,EB1,FAD,2024-01-01,17889,17859,17919,17824,17954
mexico,EB1,FAD,2024-02-01,17921,17887,17954,17848,17993
mexico,EB1,FAD,2024-03-01,17950,17912,17987,17870,18029
mexico,EB1,FAD,2024-04-01,17979,17939,18019,17893,18065
mexico,EB1,FAD,2024-05-01,18005,17962,18048,17913,18097
mexico,EB1,FAD,2024-06-01,18033,17987,18078,17935,18130
mexico,EB1,FAD,2024-07-01,18057,18009,18105,17954,18160
mexico,EB1,FAD,2024-08-01,18043,17993,18093,17935,18151
mexico,EB1,FAD,2024-09-01,18095,18042,18147,17982,18207
mexico,EB2,FAD,2026-04-01,18276,18192,18360,18095,18457
mexico,EB2,FAD,2026-05-01,18362,18243,18480,18106,18617
mexico,EB2,FAD,2026-06-01,18425,18279,18571,18112,18738
mexico,EB2,FAD,2026-07-01,18507,18338,18676,18145,18869
mexico,EB2,FAD,2026-08-01,18569,18380,18757,18164,18973
mexico,EB2,FAD,2026-09-01,18624,18418,18830,18181,19067
mexico,EB2,FAD,2026-10-01,18674,18451,18896,18195,19152
mexico,EB2,FAD,2026-11-01,18719,18480,18957,18207,19230
mexico,EB2,FAD,2026-12-01,18759,18506,19011,18216,19301
mexico,EB2,FAD,2027-01-01,18795,18528,19061,18223,19366
mexico,EB2,FAD,2027-02-01,18827,18548,19106,18227,19427
mexico,EB2,FAD,2027-03-01,18856,18564,19147,18229,19482
mexico,EB3,FAD,2026-08-01,18130,17752,18508,17318,18942
mexico,EB3,FAD,2026-09-01,18150,17615,18684,17001,19298
mexico,EB3,FAD,2026-10-01,18169,17515,18823,16763,19575
mexico,EB3,FAD,2026-11-01,18189,17433,18945,16565,19813
mexico,EB3,FAD,2026-12-01,18209,17364,19054,16394,20024
mexico,EB3,FAD,2027-01-01,18229,17303,19154,16240,20217
mexico,EB3,FAD,2027-02-01,18248,17249,19248,16101,20396
mexico,EB3,FAD,2027-03-01,18268,17199,19337,15972,20564
mexico,EB3,FAD,2027-04-01,18288,17154,19421,15852,20723
mexico,EB3,FAD,2027-05-01,18308,17112,19503,15740,20875
mexico,EB3,FAD,2027-06-01,18327,17074,19581,15635,21020
mexico,EB3,FAD,2027-07-01,18347,17038,19656,15535,21159
mexico,EB3_OW,FAD,2026-08-01,17240,17194,17287,17140,17341
mexico,EB3_OW,FAD,2026-09-01,17263,17197,17329,17121,17405
mexico,EB3_OW,FAD,2026-10-01,17261,17180,17342,17087,17435
mexico,EB3_OW,FAD,2026-11-01,17268,17175,17362,17068,17469
mexico,EB3_OW,FAD,2026-12-01,17274,17170,17379,17050,17499
mexico,EB3_OW,FAD,2027-01-01,17279,17164,17394,17033,17525
mexico,EB3_OW,FAD,2027-02-01,17283,17159,17406,17017,17548
mexico,EB3_OW,FAD,2027-03-01,17286,17154,17418,17002,17570
mexico,EB3_OW,FAD,2027-04-01,17288,17148,17428,16987,17589
mexico,EB3_OW,FAD,2027-05-01,17290,17143,17438,16973,17608
mexico,EB3_OW,FAD,2027-06-01,17292,17137,17447,16959,17625
mexico,EB3_OW,FAD,2027-07-01,17293,17131,17455,16945,17641
mexico,EB4,FAD,2026-08-01,17443,17195,17691,16911,17975
mexico,EB4,FAD,2026-09-01,17455,17105,17806,16703,18208
mexico,EB4,FAD,2026-10-01,17467,17038,17896,16545,18389
mexico,EB4,FAD,2026-11-01,17481,16986,17977,16417,18546
mexico,EB4,FAD,2026-12-01,17495,16941,18050,16305,18686
mexico,EB4,FAD,2027-01-01,17510,16903,18117,16206,18814
mexico,EB4,FAD,2027-02-01,17524,16869,18179,16116,18932
mexico,EB4,FAD,2027-03-01,17538,16838,18239,16033,19044
mexico,EB4,FAD,2027-04-01,17553,16810,18296,15956,19150
mexico,EB4,FAD,2027-05-01,17567,16784,18350,15884,19250
mexico,EB4,FAD,2027-06-01,17581,16760,18403,15816,19347
mexico,EB4,FAD,2027-07-01,17595,16737,18453,15751,19439
mexico,EB4_RW,FAD,2026-08-01,17445,17196,17693,16911,17978
mexico,EB4_RW,FAD,2026-09-01,17461,17110,17812,16706,18216
mexico,EB4_RW,FAD,2026-10-01,17469,17038,17899,16544,18393
mexico,EB4_RW,FAD,2026-11-01,17481,16985,17978,16414,18549
mexico,EB4_RW,FAD,2026-12-01,17495,16940,18051,16302,18689
mexico,EB4_RW,FAD,2027-01-01,17510,16901,18118,16202,18817
mexico,EB4_RW,FAD,2027-02-01,17524,16867,18181,16112,18936
mexico,EB4_RW,FAD,2027-03-01,17538,16835,18241,16028,19048
mexico,EB4_RW,FAD,2027-04-01,17553,16807,18298,15951,19154
mexico,EB4_RW,FAD,2027-05-01,17567,16781,18353,15879,19255
mexico,EB4_RW,FAD,2027-06-01,17581,16757,18405,15811,19351
mexico,EB4_RW,FAD,2027-07-01,17595,16734,18456,15746,19444
philippines,EB1,FAD,2023-10-01,17789,17774,17805,17757,17822
philippines,EB1,FAD,2023-11-01,17823,17802,17844,17777,17869
philippines,EB1,FAD,2023-12-01,17856,17830,17882,17800,17912
philippines,EB1,FAD,2024-01-01,17889,17859,17919,17824,17954
philippines,EB1,FAD,2024-02-01,17921,17887,17954,17848,17993
philippines,EB1,FAD,2024-03-01,17950,17912,17987,17870,18029
philippines,EB1,FAD,2024-04-01,17979,17939,18019,17893,18065
philippines,EB1,FAD,2024-05-01,18005,17962,18048,17913,18097
philippines,EB1,FAD,2024-06-01,18033,17987,18078,17935,18130
philippines,EB1,FAD,2024-07-01,18057,18009,18105,17954,18160
philippines,EB1,FAD,2024-08-01,18043,17993,18093,17935,18151
philippines,EB1,FAD,2024-09-01,18095,18042,18147,17982,18207
philippines,EB2,FAD,2026-04-01,18276,18192,18360,18095,18457
philippines,EB2,FAD,2026-05-01,18362,18243,18480,18106,18617
philippines,EB2,FAD,2026-06-01,18425,18279,18571,18112,18738
philippines,EB2,FAD,2026-07-01,18507,18338,18676,18145,18869
philippines,EB2,FAD,2026-08-01,18569,18380,18757,18164,18973
philippines,EB2,FAD,2026-09-01,18624,18418,18830,18181,19067
philippines,EB2,FAD,2026-10-01,18674,18451,18896,18195,19152
philippines,EB2,FAD,2026-11-01,18719,18480,18957,18207,19230
philippines,EB2,FAD,2026-12-01,18759,18506,19011,18216,19301
philippines,EB2,FAD,2027-01-01,18795,18528,19061,18223,19366
philippines,EB2,FAD,2027-02-01,18827,18548,19106,18227,19427
philippines,EB2,FAD,2027-03-01,18856,18564,19147,18229,19482
philippines,EB3,FAD,2026-08-01,17756,17429,18082,17054,18457
philippines,EB3,FAD,2026-09-01,17768,17305,18230,16775,18760
philippines,EB3,FAD,2026-10-01,17779,17213,18345,16564,18994
philippines,EB3,FAD,2026-11-01,17791,17138,18444,16388,19194
philippines,EB3,FAD,2026-12-01,17802,17072,18533,16234,19371
philippines,EB3,FAD,2027-01-01,17814,17014,18614,16096,19532
philippines,EB3,FAD,2027-02-01,17825,16961,18690,15969,19682
philippines,EB3,FAD,2027-03-01,17837,16913,18761,15853,19821
philippines,EB3,FAD,2027-04-01,17848,16868,18828,15743,19953
philippines,EB3,FAD,2027-05-01,17859,16827,18892,15641,20078
philippines,EB3,FAD,2027-06-01,17871,16788,18953,15544,20197
philippines,EB3,FAD,2027-07-01,17882,16751,19013,15452,20312
philippines,EB3_OW,FAD,2026-08-01,17149,17058,17240,16954,17344
philippines,EB3_OW,FAD,2026-09-01,17162,17034,17291,16887,17438
philippines,EB3_OW,FAD,2026-10-01,17175,17018,17333,16838,17513
philippines,EB3_OW,FAD,2026-11-01,17188,17006,17370,16798,17578
philippines,EB3_OW,FAD,2026-12-01,17201,16998,17404,16765,17637
philippines,EB3_OW,FAD,2027-01-01,17214,16992,17437,16737,17692
philippines,EB3_OW,FAD,2027-02-01,17227,16987,17467,16711,17743
philippines,EB3_OW,FAD,2027-03-01,17240,16983,17496,16688,17791
philippines,EB3_OW,FAD,2027-04-01,17252,16980,17525,16668,17837
philippines,EB3_OW,FAD,2027-05-01,17265,16978,17551,16648,17881
philippines,EB3_OW,FAD,2027-06-01,17277,16977,17578,16631,17924
philippines,EB3_OW,FAD,2027-07-01,17290,16976,17604,16615,17965
philippines,EB4,FAD,2026-08-01,17437,17189,17684,16904,17969
philippines,EB4,FAD,2026-09-01,17449,17098,17800,16696,18202
philippines,EB4,FAD,2026-10-01,17462,17032,17891,16539,18384
philippines,EB4,FAD,2026-11-01,17474,16978,17970,16409,18539
philippines,EB4,FAD,2026-12-01,17487,16932,18041,16296,18677
philippines,EB4,FAD,2027-01-01,17499,16892,18107,16195,18804
philippines,EB4,FAD,2027-02-01,17512,16856,18168,16103,18921
philippines,EB4,FAD,2027-03-01,17524,16823,18225,16018,19030
philippines,EB4,FAD,2027-04-01,17537,16793,18280,15939,19134
philippines,EB4,FAD,2027-05-01,17549,16765,18333,15865,19233
philippines,EB4,FAD,2027-06-01,17562,16740,18384,15796,19328
philippines,EB4,FAD,2027-07-01,17574,16716,18433,15730,19419
philippines,EB4_RW,FAD,2026-08-01,17437,17190,17685,16905,17970
philippines,EB4_RW,FAD,2026-09-01,17450,17099,17801,16697,18203
philippines,EB4_RW,FAD,2026-10-01,17463,17034,17893,16541,18386
philippines,EB4_RW,FAD,2026-11-01,17476,16980,17972,16411,18541
philippines,EB4_RW,FAD,2026-12-01,17489,16935,18043,16298,18680
philippines,EB4_RW,FAD,2027-01-01,17499,16892,18106,16195,18803
philippines,EB4_RW,FAD,2027-02-01,17512,16856,18168,16103,18921
philippines,EB4_RW,FAD,2027-03-01,17524,16823,18225,16018,19030
philippines,EB4_RW,FAD,2027-04-01,17537,16793,18280,15939,19134
philippines,EB4_RW,FAD,2027-05-01,17549,16765,18333,15865,19233
philippines,EB4_RW,FAD,2027-06-01,17562,16740,18384,15796,19328
philippines,EB4_RW,FAD,2027-07-01,17574,16716,18433,15730,19419
all_chargeability,F1,DFF,2026-08-01,16109,16020,16198,15917,16301
all_chargeability,F1,DFF,2026-09-01,16141,16015,16267,15870,16412
all_chargeability,F1,DFF,2026-10-01,16169,16015,16324,15837,16502
all_chargeability,F1,DFF,2026-11-01,16194,16015,16373,15810,16578
all_chargeability,F1,DFF,2026-12-01,16216,16016,16416,15787,16645
all_chargeability,F1,DFF,2027-01-01,16235,16016,16454,15765,16705
all_chargeability,F1,DFF,2027-02-01,16252,16016,16488,15744,16760
all_chargeability,F1,DFF,2027-03-01,16267,16014,16520,15724,16810
all_chargeability,F1,DFF,2027-04-01,16330,16062,16597,15754,16905
all_chargeability,F1,DFF,2027-05-01,16403,16120,16686,15796,17010
all_chargeability,F1,DFF,2027-06-01,16414,16117,16710,15777,17050
all_chargeability,F1,DFF,2027-07-01,16455,16145,16765,15790,17120
all_chargeability,F2B,DFF,2026-08-01,15881,15816,15947,15741,16022
all_chargeability,F2B,DFF,2026-09-01,15894,15801,15987,15695,16093
all_chargeability,F2B,DFF,2026-10-01,15913,15799,16026,15669,16156
all_chargeability,F2B,DFF,2026-11-01,15931,15799,16062,15649,16212
all_chargeability,F2B,DFF,2026-12-01,15950,15803,16096,15635,16264
all_chargeability,F2B,DFF,2027-01-01,15967,15807,16128,15623,16312
all_chargeability,F2B,DFF,2027-02-01,15985,15812,16158,15613,16357
all_chargeability,F2B,DFF,2027-03-01,16004,15819,16189,15606,16402
all_chargeability,F2B,DFF,2027-04-01,16020,15824,16216,15598,16442
all_chargeability,F2B,DFF,2027-05-01,16034,15828,16241,15590,16479
all_chargeability,F2B,DFF,2027-06-01,16051,15833,16268,15584,16517
all_chargeability,F2B,DFF,2027-07-01,16067,15840,16293,15579,16554
all_chargeability,F3,DFF,2026-08-01,13870,13749,13991,13611,14129
all_chargeability,F3,DFF,2026-09-01,13875,13705,14045,13509,14241
all_chargeability,F3,DFF,2026-10-01,13892,13683,14101,13444,14340
all_chargeability,F3,DFF,2026-11-01,13906,13665,14147,13388,14424
all_chargeability,F3,DFF,2026-12-01,13909,13640,14179,13331,14488
all_chargeability,F3,DFF,2027-01-01,13921,13626,14216,13287,14555
all_chargeability,F3,DFF,2027-02-01,13924,13606,14243,13240,14609
all_chargeability,F3,DFF,2027-03-01,13928,13587,14268,13196,14659
all_chargeability,F3,DFF,2027-04-01,13947,13585,14308,13170,14723
all_chargeability,F3,DFF,2027-05-01,13964,13582,14345,13145,14782
all_chargeability,F3,DFF,2027-06-01,13975,13576,14374,13117,14833
all_chargeability,F3,DFF,2027-07-01,13982,13565,14400,13086,14879
all_chargeability,F4,DFF,2026-08-01,12893,12850,12936,12800,12986
all_chargeability,F4,DFF,2026-09-01,12944,12883,13005,12813,13075
all_chargeability,F4,DFF,2026-10-01,12991,12917,13066,12831,13152
all_chargeability,F4,DFF,2026-11-01,13038,12951,13125,12852,13224
all_chargeability,F4,DFF,2026-12-01,13083,12986,13180,12875,13291
all_chargeability,F4,DFF,2027-01-01,13126,13020,13232,12899,13353
all_chargeability,F4,DFF,2027-02-01,13167,13052,13282,12921,13413
all_chargeability,F4,DFF,2027-03-01,13206,13084,13329,12944,13469
all_chargeability,F4,DFF,2027-04-01,13242,13112,13371,12963,13520
all_chargeability,F4,DFF,2027-05-01,13275,13138,13411,12981,13568
all_chargeability,F4,DFF,2027-06-01,13306,13163,13449,12998,13614
all_chargeability,F4,DFF,2027-07-01,13337,13187,13487,13015,13659
china,F1,DFF,2026-08-01,16109,16020,16198,15917,16301
china,F1,DFF,2026-09-01,16141,16015,16267,15870,16412
china,F1,DFF,2026-10-01,16169,16015,16324,15837,16502
china,F1,DFF,2026-11-01,16194,16015,16373,15810,16578
china,F1,DFF,2026-12-01,16216,16016,16416,15787,16645
china,F1,DFF,2027-01-01,16235,16016,16454,15765,16705
china,F1,DFF,2027-02-01,16252,16016,16488,15744,16760
china,F1,DFF,2027-03-01,16267,16014,16520,15724,16810
china,F1,DFF,2027-04-01,16330,16062,16597,15754,16905
china,F1,DFF,2027-05-01,16403,16120,16686,15796,17010
china,F1,DFF,2027-06-01,16414,16117,16710,15777,17050
china,F1,DFF,2027-07-01,16455,16145,16765,15790,17120
china,F2B,DFF,2026-08-01,15881,15816,15947,15741,16022
china,F2B,DFF,2026-09-01,15894,15801,15987,15695,16093
china,F2B,DFF,2026-10-01,15913,15799,16026,15669,16156
china,F2B,DFF,2026-11-01,15931,15799,16062,15649,16212
china,F2B,DFF,2026-12-01,15950,15803,16096,15635,16264
china,F2B,DFF,2027-01-01,15967,15807,16128,15623,16312
china,F2B,DFF,2027-02-01,15985,15812,16158,15613,16357
china,F2B,DFF,2027-03-01,16004,15819,16189,15606,16402
china,F2B,DFF,2027-04-01,16020,15824,16216,15598,16442
china,F2B,DFF,2027-05-01,16034,15828,16241,15590,16479
china,F2B,DFF,2027-06-01,16051,15833,16268,15584,16517
china,F2B,DFF,2027-07-01,16067,15840,16293,15579,16554
china,F3,DFF,2026-08-01,13870,13749,13991,13611,14129
china,F3,DFF,2026-09-01,13875,13705,14045,13509,14241
china,F3,DFF,2026-10-01,13892,13683,14101,13444,14340
china,F3,DFF,2026-11-01,13906,13665,14147,13388,14424
china,F3,DFF,2026-12-01,13909,13640,14179,13331,14488
china,F3,DFF,2027-01-01,13921,13626,14216,13287,14555
china,F3,DFF,2027-02-01,13924,13606,14243,13240,14609
china,F3,DFF,2027-03-01,13928,13587,14268,13196,14659
china,F3,DFF,2027-04-01,13947,13585,14308,13170,14723
china,F3,DFF,2027-05-01,13964,13582,14345,13145,14782
china,F3,DFF,2027-06-01,13975,13576,14374,13117,14833
china,F3,DFF,2027-07-01,13982,13565,14400,13086,14879
china,F4,DFF,2026-08-01,12893,12850,12936,12800,12986
china,F4,DFF,2026-09-01,12944,12883,13005,12813,13075
china,F4,DFF,2026-10-01,12991,12917,13066,12831,13152
china,F4,DFF,2026-11-01,13038,12951,13125,12852,13224
china,F4,DFF,2026-12-01,13083,12986,13180,12875,13291
china,F4,DFF,2027-01-01,13126,13020,13232,12899,13353
china,F4,DFF,2027-02-01,13167,13052,13282,12921,13413
china,F4,DFF,2027-03-01,13206,13084,13329,12944,13469
china,F4,DFF,2027-04-01,13242,13112,13371,12963,13520
china,F4,DFF,2027-05-01,13275,13138,13411,12981,13568
china,F4,DFF,2027-06-01,13306,13163,13449,12998,13614
china,F4,DFF,2027-07-01,13337,13187,13487,13015,13659
india,F1,DFF,2026-08-01,16109,16020,16198,15917,16301
india,F1,DFF,2026-09-01,16141,16015,16267,15870,16412
india,F1,DFF,2026-10-01,16169,16015,16324,15837,16502
india,F1,DFF,2026-11-01,16194,16015,16373,15810,16578
india,F1,DFF,2026-12-01,16216,16016,16416,15787,16645
india,F1,DFF,2027-01-01,16235,16016,16454,15765,16705
india,F1,DFF,2027-02-01,16252,16016,16488,15744,16760
india,F1,DFF,2027-03-01,16267,16014,16520,15724,16810
india,F1,DFF,2027-04-01,16330,16062,16597,15754,16905
india,F1,DFF,2027-05-01,16403,16120,16686,15796,17010
india,F1,DFF,2027-06-01,16414,16117,16710,15777,17050
india,F1,DFF,2027-07-01,16455,16145,16765,15790,17120
india,F2B,DFF,2026-08-01,15881,15816,15947,15741,16022
india,F2B,DFF,2026-09-01,15894,15801,15987,15695,16093
india,F2B,DFF,2026-10-01,15913,15799,16026,15669,16156
india,F2B,DFF,2026-11-01,15931,15799,16062,15649,16212
india,F2B,DFF,2026-12-01,15950,15803,16096,15635,16264
india,F2B,DFF,2027-01-01,15967,15807,16128,15623,16312
india,F2B,DFF,2027-02-01,15985,15812,16158,15613,16357
india,F2B,DFF,2027-03-01,16004,15819,16189,15606,16402
india,F2B,DFF,2027-04-01,16020,15824,16216,15598,16442
india,F2B,DFF,2027-05-01,16034,15828,16241,15590,16479
india,F2B,DFF,2027-06-01,16051,15833,16268,15584,16517
india,F2B,DFF,2027-07-01,16067,15840,16293,15579,16554
india,F3,DFF,2026-08-01,13870,13749,13991,13611,14129
india,F3,DFF,2026-09-01,13875,13705,14045,13509,14241
india,F3,DFF,2026-10-01,13892,13683,14101,13444,14340
india,F3,DFF,2026-11-01,13906,13665,14147,13388,14424
india,F3,DFF,2026-12-01,13909,13640,14179,13331,14488
india,F3,DFF,2027-01-01,13921,13626,14216,13287,14555
india,F3,DFF,2027-02-01,13924,13606,14243,13240,14609
india,F3,DFF,2027-03-01,13928,13587,14268,13196,14659
india,F3,DFF,2027-04-01,13947,13585,14308,13170,14723
india,F3,DFF,2027-05-01,13964,13582,14345,13145,14782
india,F3,DFF,2027-06-01,13975,13576,14374,13117,14833
india,F3,DFF,2027-07-01,13982,13565,14400,13086,14879
india,F4,DFF,2026-08-01,11677,11651,11703,11622,11732
india,F4,DFF,2026-09-01,11683,11647,11719,11605,11761
india,F4,DFF,2026-10-01,11692,11647,11736,11596,11787
india,F4,DFF,2026-11-01,11697,11646,11748,11587,11807
india,F4,DFF,2026-12-01,11703,11646,11760,11580,11826
india,F4,DFF,2027-01-01,11709,11646,11772,11574,11844
india,F4,DFF,2027-02-01,11715,11647,11783,11569,11861
india,F4,DFF,2027-03-01,11721,11648,11794,11565,11877
india,F4,DFF,2027-04-01,11726,11649,11804,11561,11892
india,F4,DFF,2027-05-01,11732,11651,11814,11558,11907
india,F4,DFF,2027-06-01,11737,11653,11822,11555,11920
india,F4,DFF,2027-07-01,11743,11655,11832,11553,11934
mexico,F1,DFF,2026-08-01,12395,12325,12466,12244,12547
mexico,F1,DFF,2026-09-01,12431,12332,12531,12217,12646
mexico,F1,DFF,2026-10-01,12471,12349,12593,12208,12734
mexico,F1,DFF,2026-11-01,12499,12357,12640,12195,12802
mexico,F1,DFF,2026-12-01,12532,12374,12691,12193,12872
mexico,F1,DFF,2027-01-01,12574,12402,12747,12203,12946
mexico,F1,DFF,2027-02-01,12613,12426,12799,12211,13014
mexico,F1,DFF,2027-03-01,12660,12460,12860,12231,13089
mexico,F1,DFF,2027-04-01,12698,12486,12910,12243,13153
mexico,F1,DFF,2027-05-01,12738,12515,12962,12259,13218
mexico,F1,DFF,2027-06-01,12771,12537,13005,12268,13274
mexico,F1,DFF,2027-07-01,12810,12565,13054,12284,13335
mexico,F2B,DFF,2026-08-01,12973,12818,13128,12641,13305
mexico,F2B,DFF,2026-09-01,13027,12809,13246,12558,13497
mexico,F2B,DFF,2026-10-01,13089,12821,13357,12514,13664
mexico,F2B,DFF,2026-11-01,13146,12837,13455,12482,13810
mexico,F2B,DFF,2026-12-01,13200,12855,13545,12458,13942
mexico,F2B,DFF,2027-01-01,13259,12881,13637,12446,14072
mexico,F2B,DFF,2027-02-01,13316,12907,13724,12437,14194
mexico,F2B,DFF,2027-03-01,13369,12932,13806,12430,14308
mexico,F2B,DFF,2027-04-01,13424,12960,13888,12428,14420
mexico,F2B,DFF,2027-05-01,13477,12988,13965,12427,14526
mexico,F2B,DFF,2027-06-01,13529,13016,14042,12428,14630
mexico,F2B,DFF,2027-07-01,13580,13045,14115,12430,14730
mexico,F3,DFF,2026-08-01,9692,9682,9703,9669,9716
mexico,F3,DFF,2026-09-01,9692,9677,9707,9659,9725
mexico,F3,DFF,2026-10-01,9692,9674,9711,9652,9733
mexico,F3,DFF,2026-11-01,9692,9670,9714,9645,9739
mexico,F3,DFF,2026-12-01,9692,9668,9717,9640,9745
mexico,F3,DFF,2027-01-01,9692,9666,9719,9635,9750
mexico,F3,DFF,2027-02-01,9692,9663,9721,9630,9754
mexico,F3,DFF,2027-03-01,9692,9661,9723,9626,9758
mexico,F3,DFF,2027-04-01,9692,9659,9725,9622,9762
mexico,F3,DFF,2027-05-01,9692,9658,9726,9618,9766
mexico,F3,DFF,2027-06-01,9692,9656,9728,9614,9770
mexico,F3,DFF,2027-07-01,9692,9654,9730,9611,9773
mexico,F4,DFF,2026-08-01,9616,9616,9616,9615,9617
mexico,F4,DFF,2026-09-01,9616,9615,9617,9614,9618
mexico,F4,DFF,2026-10-01,9616,9615,9617,9614,9618
mexico,F4,DFF,2026-11-01,9616,9615,9617,9614,9618
mexico,F4,DFF,2026-12-01,9616,9615,9617,9614,9618
mexico,F4,DFF,2027-01-01,9616,9615,9617,9613,9619
mexico,F4,DFF,2027-02-01,9616,9615,9617,9613,9619
mexico,F4,DFF,2027-03-01,9616,9615,9617,9613,9619
mexico,F4,DFF,2027-04-01,9616,9615,9617,9613,9619
mexico,F4,DFF,2027-05-01,9616,9615,9617,9613,9619
mexico,F4,DFF,2027-06-01,9616,9614,9618,9612,9620
mexico,F4,DFF,2027-07-01,9616,9614,9618,9612,9620
philippines,F1,DFF,2026-08-01,14721,14719,14722,14717,14724
philippines,F1,DFF,2026-09-01,14720,14718,14723,14716,14725
philippines,F1,DFF,2026-10-01,14720,14717,14722,14714,14725
philippines,F1,DFF,2026-11-01,14719,14716,14722,14713,14725
philippines,F1,DFF,2026-12-01,14719,14715,14722,14711,14726
philippines,F1,DFF,2027-01-01,14718,14714,14722,14710,14726
philippines,F1,DFF,2027-02-01,14718,14714,14721,14709,14726
philippines,F1,DFF,2027-03-01,14718,14714,14722,14709,14727
philippines,F1,DFF,2027-04-01,14718,14714,14723,14709,14728
philippines,F1,DFF,2027-05-01,14719,14714,14723,14709,14728
philippines,F1,DFF,2027-06-01,14719,14714,14723,14708,14729
philippines,F1,DFF,2027-07-01,14720,14715,14725,14709,14731
philippines,F2B,DFF,2026-08-01,14150,14143,14157,14135,14165
philippines,F2B,DFF,2026-09-01,14148,14138,14158,14127,14169
philippines,F2B,DFF,2026-10-01,14141,14129,14152,14115,14166
philippines,F2B,DFF,2026-11-01,14145,14131,14159,14115,14175
philippines,F2B,DFF,2026-12-01,14147,14132,14163,14114,14181
philippines,F2B,DFF,2027-01-01,14153,14136,14170,14117,14189
philippines,F2B,DFF,2027-02-01,14152,14133,14170,14112,14191
philippines,F2B,DFF,2027-03-01,14162,14142,14182,14120,14204
philippines,F2B,DFF,2027-04-01,14153,14133,14174,14109,14198
philippines,F2B,DFF,2027-05-01,14146,14124,14168,14099,14193
philippines,F2B,DFF,2027-06-01,14143,14119,14166,14093,14192
philippines,F2B,DFF,2027-07-01,14146,14122,14169,14094,14197
philippines,F3,DFF,2026-08-01,11572,11475,11670,11362,11783
philippines,F3,DFF,2026-09-01,11592,11453,11730,11294,11889
philippines,F3,DFF,2026-10-01,11606,11436,11775,11241,11970
philippines,F3,DFF,2026-11-01,11628,11432,11824,11207,12049
philippines,F3,DFF,2026-12-01,11655,11435,11874,11184,12125
philippines,F3,DFF,2027-01-01,11674,11435,11914,11159,12190
philippines,F3,DFF,2027-02-01,11699,11440,11958,11142,12256
philippines,F3,DFF,2027-03-01,11715,11438,11992,11120,12310
philippines,F3,DFF,2027-04-01,11728,11435,12022,11097,12360
philippines,F3,DFF,2027-05-01,11748,11438,12057,11082,12413
philippines,F3,DFF,2027-06-01,11769,11444,12094,11071,12467
philippines,F3,DFF,2027-07-01,11786,11447,12125,11057,12515
philippines,F4,DFF,2026-08-01,12137,11995,12279,11831,12443
philippines,F4,DFF,2026-09-01,12140,11938,12342,11707,12573
philippines,F4,DFF,2026-10-01,12148,11901,12394,11617,12678
philippines,F4,DFF,2026-11-01,12163,11878,12449,11551,12776
philippines,F4,DFF,2026-12-01,12166,11847,12485,11481,12851
philippines,F4,DFF,2027-01-01,12176,11827,12525,11426,12926
philippines,F4,DFF,2027-02-01,12178,11801,12555,11368,12988
philippines,F4,DFF,2027-03-01,12180,11777,12583,11314,13046
philippines,F4,DFF,2027-04-01,12195,11768,12623,11277,13114
philippines,F4,DFF,2027-05-01,12198,11747,12649,11230,13166
philippines,F4,DFF,2027-06-01,12200,11728,12673,11185,13216
philippines,F4,DFF,2027-07-01,12208,11715,12702,11148,13269
all_chargeability,EB3,DFF,2026-04-01,17934,17892,17976,17843,18025
all_chargeability,EB3,DFF,2026-05-01,17954,17895,18014,17826,18083
all_chargeability,EB3,DFF,2026-06-01,17978,17905,18052,17821,18136
all_chargeability,EB3,DFF,2026-07-01,18000,17915,18085,17818,18182
all_chargeability,EB3,DFF,2026-08-01,18012,17918,18106,17809,18215
all_chargeability,EB3,DFF,2026-09-01,18036,17932,18139,17813,18258
all_chargeability,EB3,DFF,2026-10-01,18058,17946,18169,17817,18298
all_chargeability,EB3,DFF,2026-11-01,18079,17959,18199,17822,18336
all_chargeability,EB3,DFF,2026-12-01,18102,17975,18228,17829,18374
all_chargeability,EB3,DFF,2027-01-01,18121,17987,18255,17834,18408
all_chargeability,EB3,DFF,2027-02-01,18140,18000,18281,17839,18442
all_chargeability,EB3,DFF,2027-03-01,18158,18012,18305,17844,18473
all_chargeability,EB3_OW,DFF,2026-08-01,17404,17312,17495,17207,17600
all_chargeability,EB3_OW,DFF,2026-09-01,17411,17282,17541,17134,17689
all_chargeability,EB3_OW,DFF,2026-10-01,17439,17281,17597,17099,17779
all_chargeability,EB3_OW,DFF,2026-11-01,17449,17266,17631,17056,17841
all_chargeability,EB3_OW,DFF,2026-12-01,17454,17250,17658,17015,17893
all_chargeability,EB3_OW,DFF,2027-01-01,17463,17239,17686,16982,17943
all_chargeability,EB3_OW,DFF,2027-02-01,17433,17191,17674,16913,17952
all_chargeability,EB3_OW,DFF,2027-03-01,17447,17189,17706,16892,18003
all_chargeability,EB3_OW,DFF,2027-04-01,17455,17182,17729,16867,18044
all_chargeability,EB3_OW,DFF,2027-05-01,17463,17174,17752,16842,18084
all_chargeability,EB3_OW,DFF,2027-06-01,17469,17166,17772,16818,18120
all_chargeability,EB3_OW,DFF,2027-07-01,17475,17158,17792,16795,18155
china,EB1,DFF,2026-08-01,17890,17837,17943,17776,18004
china,EB1,DFF,2026-09-01,17896,17821,17971,17735,18057
china,EB1,DFF,2026-10-01,17976,17884,18067,17778,18173
china,EB1,DFF,2026-11-01,17981,17875,18086,17753,18208
china,EB1,DFF,2026-12-01,17989,17870,18108,17734,18244
china,EB1,DFF,2027-01-01,18011,17881,18141,17732,18290
china,EB1,DFF,2027-02-01,18013,17873,18154,17712,18315
china,EB1,DFF,2027-03-01,18025,17875,18176,17703,18348
china,EB1,DFF,2027-04-01,18029,17871,18188,17688,18371
china,EB1,DFF,2027-05-01,18033,17866,18201,17673,18394
china,EB1,DFF,2027-06-01,18037,17861,18213,17659,18415
china,EB1,DFF,2027-07-01,18043,17860,18227,17649,18438
china,EB3,DFF,2026-08-01,17194,17028,17360,16837,17551
china,EB3,DFF,2026-09-01,17221,16986,17456,16716,17726
china,EB3,DFF,2026-10-01,17167,16879,17454,16548,17785
china,EB3,DFF,2026-11-01,17194,16862,17526,16480,17908
china,EB3,DFF,2026-12-01,17222,16850,17593,16423,18020
china,EB3,DFF,2027-01-01,17248,16840,17655,16373,18122
china,EB3,DFF,2027-02-01,17275,16836,17715,16331,18220
china,EB3,DFF,2027-03-01,17303,16833,17773,16293,18313
china,EB3,DFF,2027-04-01,17330,16831,17829,16259,18401
china,EB3,DFF,2027-05-01,17358,16832,17884,16229,18487
china,EB3,DFF,2027-06-01,17384,16833,17935,16200,18568
china,EB3,DFF,2027-07-01,17411,16836,17987,16175,18648
china,EB5_NONRC,DFF,2021-12-01,14966,14866,15065,14752,15179
china,EB5_NONRC,DFF,2022-01-01,14965,14825,15106,14664,15267
china,EB5_NONRC,DFF,2022-02-01,14965,14793,15137,14595,15335
china,EB5_NONRC,DFF,2022-03-01,14977,14778,15176,14550,15404
china,EB5_NONRC,DFF,2022-04-01,14977,14754,15199,14499,15454
china,EB5_NONRC,DFF,2022-05-01,14975,14732,15218,14452,15498
china,EB5_NONRC,DFF,2022-06-01,14975,14712,15237,14410,15539
china,EB5_NONRC,DFF,2022-07-01,14975,14694,15256,14371,15579
china,EB5_NONRC,DFF,2022-08-01,14975,14676,15273,14334,15615
china,EB5_NONRC,DFF,2022-09-01,14975,14660,15289,14299,15650
china,EB5_NONRC,DFF,2022-10-01,14970,14640,15300,14262,15678
china,EB5_NONRC,DFF,2022-11-01,14970,14625,15314,14230,15709
china,EB5_RC,DFF,2022-05-01,14956,14943,14969,14929,14983
china,EB5_RC,DFF,2022-06-01,14955,14938,14973,14917,14994
china,EB5_RC,DFF,2022-07-01,14956,14934,14978,14909,15003
china,EB5_RC,DFF,2022-08-01,14955,14930,14980,14901,15009
china,EB5_RC,DFF,2022-09-01,14955,14926,14983,14894,15015
china,EB5_RC,DFF,2022-10-01,14950,14920,14981,14884,15017
china,EB5_RC,DFF,2022-11-01,14950,14917,14984,14879,15022
china,EB5_RC,DFF,2022-12-01,14946,14910,14981,14869,15022
china,EB5_RC,DFF,2023-01-01,14946,14908,14984,14865,15027
china,EB5_RC,DFF,2023-02-01,14946,14907,14986,14861,15032
china,EB5_RC,DFF,2023-03-01,14939,14898,14981,14850,15029
china,EB5_RC,DFF,2023-04-01,14939,14896,14983,14846,15033
india,EB1,DFF,2026-08-01,17822,17520,18124,17173,18471
india,EB1,DFF,2026-09-01,17822,17395,18250,16905,18740
india,EB1,DFF,2026-10-01,17807,17285,18330,16684,18931
india,EB1,DFF,2026-11-01,17805,17201,18409,16508,19102
india,EB1,DFF,2026-12-01,17788,17113,18463,16338,19238
india,EB1,DFF,2027-01-01,17677,16937,18417,16088,19266
india,EB1,DFF,2027-02-01,17671,16872,18470,15955,19387
india,EB1,DFF,2027-03-01,17645,16791,18498,15810,19479
india,EB1,DFF,2027-04-01,17622,16716,18528,15676,19568
india,EB1,DFF,2027-05-01,17619,16664,18574,15568,19670
india,EB1,DFF,2027-06-01,17610,16609,18612,15459,19762
india,EB1,DFF,2027-07-01,17546,16500,18592,15299,19793
india,EB2,DFF,2026-08-01,14666,14532,14801,14377,14956
india,EB2,DFF,2026-09-01,14720,14530,14910,14311,15129
india,EB2,DFF,2026-10-01,14666,14433,14899,14165,15167
india,EB2,DFF,2026-11-01,14673,14404,14943,14095,15252
india,EB2,DFF,2026-12-01,14682,14381,14983,14035,15329
india,EB2,DFF,2027-01-01,14739,14409,15068,14030,15447
india,EB2,DFF,2027-02-01,14781,14425,15137,14016,15546
india,EB2,DFF,2027-03-01,14702,14321,15084,13884,15521
india,EB2,DFF,2027-04-01,14619,14215,15022,13751,15486
india,EB2,DFF,2027-05-01,14652,14227,15078,13738,15567
india,EB2,DFF,2027-06-01,14691,14245,15137,13732,15650
india,EB2,DFF,2027-07-01,14683,14217,15149,13681,15685
india,EB3,DFF,2026-08-01,14635,14521,14748,14390,14879
india,EB3,DFF,2026-09-01,14634,14474,14795,14289,14980
india,EB3,DFF,2026-10-01,14823,14626,15019,14400,15245
india,EB3,DFF,2026-11-01,14782,14555,15010,14294,15271
india,EB3,DFF,2026-12-01,14771,14517,15025,14225,15317
india,EB3,DFF,2027-01-01,14774,14496,15052,14176,15372
india,EB3,DFF,2027-02-01,14776,14475,15077,14130,15422
india,EB3,DFF,2027-03-01,14774,14453,15096,14084,15465
india,EB3,DFF,2027-04-01,14792,14451,15132,14059,15524
india,EB3,DFF,2027-05-01,14814,14454,15173,14041,15586
india,EB3,DFF,2027-06-01,14815,14439,15192,14006,15625
india,EB3,DFF,2027-07-01,14837,14444,15231,13992,15683
india,EB3_OW,DFF,2026-08-01,14635,14521,14748,14390,14879
india,EB3_OW,DFF,2026-09-01,14634,14474,14795,14289,14980
india,EB3_OW,DFF,2026-10-01,14823,14626,15019,14400,15245
india,EB3_OW,DFF,2026-11-01,14782,14555,15010,14294,15271
india,EB3_OW,DFF,2026-12-01,14771,14517,15025,14225,15317
india,EB3_OW,DFF,2027-01-01,14774,14496,15052,14176,15372
india,EB3_OW,DFF,2027-02-01,14776,14475,15077,14130,15422
india,EB3_OW,DFF,2027-03-01,14774,14453,15096,14084,15465
india,EB3_OW,DFF,2027-04-01,14792,14451,15132,14059,15524
india,EB3_OW,DFF,2027-05-01,14814,14454,15173,14041,15586
india,EB3_OW,DFF,2027-06-01,14815,14439,15192,14006,15625
india,EB3_OW,DFF,2027-07-01,14837,14444,15231,13992,15683
mexico,EB3,DFF,2026-04-01,17934,17892,17976,17843,18025
mexico,EB3,DFF,2026-05-01,17954,17894,18013,17825,18082
mexico,EB3,DFF,2026-06-01,17977,17904,18051,17820,18135
mexico,EB3,DFF,2026-07-01,17998,17914,18083,17816,18181
mexico,EB3,DFF,2026-08-01,18011,17916,18105,17807,18214
mexico,EB3,DFF,2026-09-01,18034,17930,18138,17811,18257
mexico,EB3,DFF,2026-10-01,18055,17943,18167,17814,18296
mexico,EB3,DFF,2026-11-01,18077,17958,18197,17820,18335
mexico,EB3,DFF,2026-12-01,18099,17972,18226,17826,18372
mexico,EB3,DFF,2027-01-01,18118,17984,18252,17830,18406
mexico,EB3,DFF,2027-02-01,18137,17996,18278,17835,18439
mexico,EB3,DFF,2027-03-01,18155,18008,18301,17839,18470
mexico,EB3_OW,DFF,2026-08-01,17409,17319,17500,17215,17604
mexico,EB3_OW,DFF,2026-09-01,17424,17297,17552,17150,17699
mexico,EB3_OW,DFF,2026-10-01,17459,17303,17616,17123,17796
mexico,EB3_OW,DFF,2026-11-01,17474,17293,17655,17085,17863
mexico,EB3_OW,DFF,2026-12-01,17489,17286,17691,17054,17923
mexico,EB3_OW,DFF,2027-01-01,17507,17285,17729,17031,17983
mexico,EB3_OW,DFF,2027-02-01,17491,17252,17731,16977,18006
mexico,EB3_OW,DFF,2027-03-01,17513,17257,17768,16963,18062
mexico,EB3_OW,DFF,2027-04-01,17529,17258,17801,16947,18112
mexico,EB3_OW,DFF,2027-05-01,17547,17260,17833,16932,18161
mexico,EB3_OW,DFF,2027-06-01,17562,17262,17862,16918,18206
mexico,EB3_OW,DFF,2027-07-01,17577,17264,17890,16904,18250
philippines,EB3,DFF,2026-08-01,17914,17874,17954,17829,17999
philippines,EB3,DFF,2026-09-01,17921,17864,17977,17800,18041
philippines,EB3,DFF,2026-10-01,17938,17870,18007,17791,18086
philippines,EB3,DFF,2026-11-01,17946,17866,18025,17775,18116
philippines,EB3,DFF,2026-12-01,17953,17865,18042,17763,18144
philippines,EB3,DFF,2027-01-01,17960,17863,18058,17752,18169
philippines,EB3,DFF,2027-02-01,17983,17878,18088,17758,18208
philippines,EB3,DFF,2027-03-01,18006,17894,18118,17765,18247
philippines,EB3,DFF,2027-04-01,18015,17897,18134,17760,18271
philippines,EB3,DFF,2027-05-01,18025,17899,18150,17755,18294
philippines,EB3,DFF,2027-06-01,18031,17900,18163,17749,18314
philippines,EB3,DFF,2027-07-01,18044,17907,18181,17749,18339
philippines,EB3_OW,DFF,2026-08-01,17476,17310,17642,17120,17832
philippines,EB3_OW,DFF,2026-09-01,17485,17251,17719,16982,17988
philippines,EB3_OW,DFF,2026-10-01,17556,17269,17842,16939,18172
philippines,EB3_OW,DFF,2026-11-01,17563,17232,17894,16851,18275
philippines,EB3_OW,DFF,2026-12-01,17572,17201,17943,16776,18368
philippines,EB3_OW,DFF,2027-01-01,17580,17174,17985,16708,18451
philippines,EB3_OW,DFF,2027-02-01,17544,17105,17983,16602,18486
philippines,EB3_OW,DFF,2027-03-01,17572,17103,18041,16565,18579
philippines,EB3_OW,DFF,2027-04-01,17602,17106,18099,16535,18670
philippines,EB3_OW,DFF,2027-05-01,17633,17110,18157,16508,18759
philippines,EB3_OW,DFF,2027-06-01,17648,17098,18197,16467,18828
philippines,EB3_OW,DFF,2027-07-01,17673,17100,18247,16441,18906
