EB_level,final_action_dates,visa_bulletin_date,table_type,raw_value,status,visa_wait_time
1,2026-06-01,2026-06-01 00:00:00,final_action,C,C,0.0
3,2024-06-01,2026-06-01 00:00:00,final_action,01JUN24,F,1.998631074606434
4,2022-07-15,2026-06-01 00:00:00,final_action,15JUL22,F,3.8795345653661877
1,2026-06-01,2026-06-01 00:00:00,dates_for_filing,C,C,0.0
2,2026-06-01,2026-06-01 00:00:00,dates_for_filing,C,C,0.0
3,2026-06-01,2026-06-01 00:00:00,dates_for_filing,C,C,0.0
4,2023-01-01,2026-06-01 00:00:00,dates_for_filing,01JAN23,F,3.4140999315537304
2,2026-06-01,2026-06-01 00:00:00,final_action,C,C,0.0
1,2026-05-01,2026-05-01 00:00:00,dates_for_filing,C,C,0.0
4,2023-01-01,2026-05-01 00:00:00,dates_for_filing,01JAN23,F,3.3292265571526354
3,2026-05-01,2026-05-01 00:00:00,dates_for_filing,C,C,0.0
2,2026-05-01,2026-05-01 00:00:00,dates_for_filing,C,C,0.0
2,2026-05-01,2026-05-01 00:00:00,final_action,C,C,0.0
4,2022-07-15,2026-05-01 00:00:00,final_action,15JUL22,F,3.7946611909650922
3,2024-06-01,2026-05-01 00:00:00,final_action,01JUN24,F,1.9137577002053388
1,2026-05-01,2026-05-01 00:00:00,final_action,C,C,0.0
1,2026-04-01,2026-04-01 00:00:00,dates_for_filing,C,C,0.0
4,2023-01-01,2026-04-01 00:00:00,dates_for_filing,01JAN23,F,3.247091033538672
3,2026-04-01,2026-04-01 00:00:00,dates_for_filing,C,C,0.0
2,2026-04-01,2026-04-01 00:00:00,dates_for_filing,C,C,0.0
4,2022-07-15,2026-04-01 00:00:00,final_action,15JUL22,F,3.7125256673511293
3,2024-06-01,2026-04-01 00:00:00,final_action,01JUN24,F,1.8316221765913758
2,2026-04-01,2026-04-01 00:00:00,final_action,C,C,0.0
1,2026-04-01,2026-04-01 00:00:00,final_action,C,C,0.0
1,2026-03-01,2026-03-01 00:00:00,dates_for_filing,C,C,0.0
3,2024-01-15,2026-03-01 00:00:00,dates_for_filing,15JAN24,F,2.1245722108145104
2,2026-03-01,2026-03-01 00:00:00,dates_for_filing,C,C,0.0
4,2023-01-01,2026-03-01 00:00:00,dates_for_filing,01JAN23,F,3.162217659137577
4,2021-07-15,2026-03-01 00:00:00,final_action,15JUL21,F,4.6269678302532515
3,2023-10-01,2026-03-01 00:00:00,final_action,01OCT23,F,2.414784394250513
2,2024-10-15,2026-03-01 00:00:00,final_action,15OCT24,F,1.374401095140315
1,2026-03-01,2026-03-01 00:00:00,final_action,C,C,0.0
1,2026-02-01,2026-02-01 00:00:00,final_action,C,C,0.0
2,2024-04-01,2026-02-01 00:00:00,final_action,01APR24,F,1.83709787816564
3,2023-06-01,2026-02-01 00:00:00,final_action,01JUN23,F,2.6721423682409307
4,2021-01-01,2026-02-01 00:00:00,final_action,01JAN21,F,5.084188911704312
1,2026-02-01,2026-02-01 00:00:00,dates_for_filing,C,C,0.0
2,2024-10-15,2026-02-01 00:00:00,dates_for_filing,15OCT24,F,1.297741273100616
3,2023-10-01,2026-02-01 00:00:00,dates_for_filing,01OCT23,F,2.3381245722108144
4,2021-03-15,2026-02-01 00:00:00,dates_for_filing,15MAR21,F,4.884325804243669
1,2026-01-01,2026-01-01 00:00:00,dates_for_filing,C,C,0.0
4,2021-03-15,2026-01-01 00:00:00,dates_for_filing,15MAR21,F,4.799452429842574
3,2023-07-01,2026-01-01 00:00:00,dates_for_filing,01JUL23,F,2.5051334702258727
2,2024-10-15,2026-01-01 00:00:00,dates_for_filing,15OCT24,F,1.212867898699521
4,2021-01-01,2026-01-01 00:00:00,final_action,01JAN21,F,4.999315537303217
3,2023-04-22,2026-01-01 00:00:00,final_action,22APR23,F,2.6967830253251197
2,2024-04-01,2026-01-01 00:00:00,final_action,01APR24,F,1.7522245037645447
1,2026-01-01,2026-01-01 00:00:00,final_action,C,C,0.0
1,2025-12-01,2025-12-01 00:00:00,final_action,C,C,0.0
2,2024-02-01,2025-12-01 00:00:00,final_action,01FEB24,F,1.8316221765913758
3,2023-04-15,2025-12-01 00:00:00,final_action,15APR23,F,2.631074606433949
4,2020-09-01,2025-12-01 00:00:00,final_action,01SEP20,F,5.248459958932238
1,2025-12-01,2025-12-01 00:00:00,dates_for_filing,C,C,0.0
2,2024-07-15,2025-12-01 00:00:00,dates_for_filing,15JUL24,F,1.379876796714579
3,2023-07-01,2025-12-01 00:00:00,dates_for_filing,01JUL23,F,2.4202600958247777
4,2021-02-15,2025-12-01 00:00:00,dates_for_filing,15FEB21,F,4.791238877481177
1,2025-11-01,2025-11-01 00:00:00,dates_for_filing,C,C,0.0
4,2021-02-15,2025-11-01 00:00:00,dates_for_filing,15FEB21,F,4.7091033538672145
3,2023-07-01,2025-11-01 00:00:00,dates_for_filing,01JUL23,F,2.3381245722108144
2,2024-07-15,2025-11-01 00:00:00,dates_for_filing,15JUL24,F,1.297741273100616
1,2025-11-01,2025-11-01 00:00:00,final_action,C,C,0.0
4,2020-07-01,2025-11-01 00:00:00,final_action,01JUL20,F,5.336071184120465
3,2023-04-01,2025-11-01 00:00:00,final_action,01APR23,F,2.5872689938398357
2,2023-12-01,2025-11-01 00:00:00,final_action,01DEC23,F,1.919233401779603
1,2025-10-01,2025-10-01 00:00:00,dates_for_filing,C,C,0.0
4,2021-02-15,2025-10-01 00:00:00,dates_for_filing,15FEB21,F,4.6242299794661195
3,2023-07-01,2025-10-01 00:00:00,dates_for_filing,01JUL23,F,2.2532511978097194
2,2024-07-15,2025-10-01 00:00:00,dates_for_filing,15JUL24,F,1.212867898699521
4,2020-07-01,2025-10-01 00:00:00,final_action,01JUL20,F,5.25119780971937
1,2025-10-01,2025-10-01 00:00:00,final_action,C,C,0.0
2,2023-12-01,2025-10-01 00:00:00,final_action,01DEC23,F,1.834360027378508
3,2023-04-01,2025-10-01 00:00:00,final_action,01APR23,F,2.5023956194387407
1,2025-09-01,2025-09-01 00:00:00,dates_for_filing,C,C,0.0
3,2023-05-01,2025-09-01 00:00:00,dates_for_filing,01MAY23,F,2.3381245722108144
2,2023-11-15,2025-09-01 00:00:00,dates_for_filing,15NOV23,F,1.7960301163586585
4,2021-02-01,2025-09-01 00:00:00,dates_for_filing,01FEB21,F,4.5804243668720055
4,,2025-09-01 00:00:00,final_action,U,U,
3,2023-04-01,2025-09-01 00:00:00,final_action,01APR23,F,2.4202600958247777
2,2023-09-01,2025-09-01 00:00:00,final_action,01SEP23,F,2.001368925393566
1,2025-09-01,2025-09-01 00:00:00,final_action,C,C,0.0
2,2023-09-01,2025-08-01 00:00:00,final_action,01SEP23,F,1.9164955509924708
3,2023-04-01,2025-08-01 00:00:00,final_action,01APR23,F,2.3353867214236823
4,,2025-08-01 00:00:00,final_action,U,U,
1,2025-08-01,2025-08-01 00:00:00,dates_for_filing,C,C,0.0
2,2023-11-15,2025-08-01 00:00:00,dates_for_filing,15NOV23,F,1.7111567419575633
3,2023-05-01,2025-08-01 00:00:00,dates_for_filing,01MAY23,F,2.2532511978097194
4,2021-02-01,2025-08-01 00:00:00,dates_for_filing,01FEB21,F,4.4955509924709105
1,2025-08-01,2025-08-01 00:00:00,final_action,C,C,0.0
4,2021-02-01,2025-07-01 00:00:00,dates_for_filing,01FEB21,F,4.4106776180698155
1,2025-07-01,2025-07-01 00:00:00,dates_for_filing,C,C,0.0
2,2023-11-15,2025-07-01 00:00:00,dates_for_filing,15NOV23,F,1.626283367556468
3,2023-05-01,2025-07-01 00:00:00,dates_for_filing,01MAY23,F,2.1683778234086244
4,,2025-07-01 00:00:00,final_action,U,U,
2,2023-10-15,2025-07-01 00:00:00,final_action,15OCT23,F,1.7111567419575633
3,2023-04-01,2025-07-01 00:00:00,final_action,01APR23,F,2.2505133470225873
1,2025-07-01,2025-07-01 00:00:00,final_action,C,C,0.0
2,2023-10-15,2025-06-01 00:00:00,final_action,15OCT23,F,1.6290212183436004
3,2023-02-08,2025-06-01 00:00:00,final_action,08FEB23,F,2.3107460643394937
4,,2025-06-01 00:00:00,final_action,U,U,
1,2025-06-01,2025-06-01 00:00:00,dates_for_filing,C,C,0.0
2,2023-11-15,2025-06-01 00:00:00,dates_for_filing,15NOV23,F,1.5441478439425051
3,2023-03-01,2025-06-01 00:00:00,dates_for_filing,01MAR23,F,2.2532511978097194
4,2021-02-01,2025-06-01 00:00:00,dates_for_filing,01FEB21,F,4.328542094455853
1,2025-06-01,2025-06-01 00:00:00,final_action,C,C,0.0
1,2025-05-01,2025-05-01 00:00:00,dates_for_filing,C,C,0.0
4,2021-02-01,2025-05-01 00:00:00,dates_for_filing,01FEB21,F,4.243668720054757
3,2023-03-01,2025-05-01 00:00:00,dates_for_filing,01MAR23,F,2.1683778234086244
2,2023-08-01,2025-05-01 00:00:00,dates_for_filing,01AUG23,F,1.7494866529774127
2,2023-06-22,2025-05-01 00:00:00,final_action,22JUN23,F,1.8590006844626967
4,,2025-05-01 00:00:00,final_action,U,U,
3,2023-01-01,2025-05-01 00:00:00,final_action,01JAN23,F,2.329911019849418
1,2025-05-01,2025-05-01 00:00:00,final_action,C,C,0.0
1,2025-04-01,2025-04-01 00:00:00,dates_for_filing,C,C,0.0
4,2021-02-01,2025-04-01 00:00:00,dates_for_filing,01FEB21,F,4.161533196440794
3,2023-03-01,2025-04-01 00:00:00,dates_for_filing,01MAR23,F,2.086242299794661
2,2023-08-01,2025-04-01 00:00:00,dates_for_filing,01AUG23,F,1.6673511293634498
4,,2025-04-01 00:00:00,final_action,U,U,
3,2023-01-01,2025-04-01 00:00:00,final_action,01JAN23,F,2.2477754962354553
1,2025-04-01,2025-04-01 00:00:00,final_action,C,C,0.0
2,2023-06-22,2025-04-01 00:00:00,final_action,22JUN23,F,1.7768651608487338
1,2025-03-01,2025-03-01 00:00:00,final_action,C,C,0.0
2,2023-05-15,2025-03-01 00:00:00,final_action,15MAY23,F,1.7960301163586585
3,2022-12-01,2025-03-01 00:00:00,final_action,01DEC22,F,2.2477754962354553
4,2019-08-01,2025-03-01 00:00:00,final_action,01AUG19,F,5.582477754962355
1,2025-03-01,2025-03-01 00:00:00,dates_for_filing,C,C,0.0
2,2023-08-01,2025-03-01 00:00:00,dates_for_filing,01AUG23,F,1.5824777549623545
3,2023-03-01,2025-03-01 00:00:00,dates_for_filing,01MAR23,F,2.001368925393566
4,2021-02-01,2025-03-01 00:00:00,dates_for_filing,01FEB21,F,4.076659822039699
1,2025-02-01,2025-02-01 00:00:00,dates_for_filing,C,C,0.0
4,2021-02-01,2025-02-01 00:00:00,dates_for_filing,01FEB21,F,4.0
3,2023-03-01,2025-02-01 00:00:00,dates_for_filing,01MAR23,F,1.9247091033538672
2,2023-08-01,2025-02-01 00:00:00,dates_for_filing,01AUG23,F,1.5058179329226558
1,2025-02-01,2025-02-01 00:00:00,final_action,C,C,0.0
4,2021-01-01,2025-02-01 00:00:00,final_action,01JAN21,F,4.084873374401095
3,2022-12-01,2025-02-01 00:00:00,final_action,01DEC22,F,2.1711156741957565
2,2023-04-01,2025-02-01 00:00:00,final_action,01APR23,F,1.839835728952772
4,2021-02-01,2025-01-01 00:00:00,dates_for_filing,01FEB21,F,3.915126625598905
3,2023-03-01,2025-01-01 00:00:00,dates_for_filing,01MAR23,F,1.839835728952772
2,2023-08-01,2025-01-01 00:00:00,dates_for_filing,01AUG23,F,1.4209445585215605
1,2025-01-01,2025-01-01 00:00:00,dates_for_filing,C,C,0.0
4,2021-01-01,2025-01-01 00:00:00,final_action,01JAN21,F,4.0
2,2023-04-01,2025-01-01 00:00:00,final_action,01APR23,F,1.754962354551677
1,2025-01-01,2025-01-01 00:00:00,final_action,C,C,0.0
3,2022-12-01,2025-01-01 00:00:00,final_action,01DEC22,F,2.086242299794661
1,2024-12-01,2024-12-01 00:00:00,dates_for_filing,C,C,0.0
3,2023-03-01,2024-12-01 00:00:00,dates_for_filing,01MAR23,F,1.754962354551677
2,2023-08-01,2024-12-01 00:00:00,dates_for_filing,01AUG23,F,1.3360711841204653
4,2021-02-01,2024-12-01 00:00:00,dates_for_filing,01FEB21,F,3.8302532511978096
4,2021-01-01,2024-12-01 00:00:00,final_action,01JAN21,F,3.915126625598905
3,2022-11-15,2024-12-01 00:00:00,final_action,15NOV22,F,2.0451745379876796
2,2023-03-15,2024-12-01 00:00:00,final_action,15MAR23,F,1.7166324435318274
1,2024-12-01,2024-12-01 00:00:00,final_action,C,C,0.0
1,2024-11-01,2024-11-01 00:00:00,final_action,C,C,0.0
2,2023-03-15,2024-11-01 00:00:00,final_action,15MAR23,F,1.6344969199178645
3,2022-11-15,2024-11-01 00:00:00,final_action,15NOV22,F,1.9630390143737166
4,2021-01-01,2024-11-01 00:00:00,final_action,01JAN21,F,3.8329911019849416
1,2024-11-01,2024-11-01 00:00:00,dates_for_filing,C,C,0.0
2,2023-08-01,2024-11-01 00:00:00,dates_for_filing,01AUG23,F,1.2539356605065024
3,2023-03-01,2024-11-01 00:00:00,dates_for_filing,01MAR23,F,1.672826830937714
4,2021-02-01,2024-11-01 00:00:00,dates_for_filing,01FEB21,F,3.7481177275838466
4,2021-02-01,2024-10-01 00:00:00,dates_for_filing,01FEB21,F,3.6632443531827517
3,2023-03-01,2024-10-01 00:00:00,dates_for_filing,01MAR23,F,1.5879534565366187
2,2023-08-01,2024-10-01 00:00:00,dates_for_filing,01AUG23,F,1.1690622861054072
1,2024-10-01,2024-10-01 00:00:00,dates_for_filing,C,C,0.0
4,2021-01-01,2024-10-01 00:00:00,final_action,01JAN21,F,3.7481177275838466
2,2023-03-15,2024-10-01 00:00:00,final_action,15MAR23,F,1.5496235455167693
1,2024-10-01,2024-10-01 00:00:00,final_action,C,C,0.0
3,2022-11-15,2024-10-01 00:00:00,final_action,15NOV22,F,1.8781656399726214
1,2024-09-01,2024-09-01 00:00:00,final_action,C,C,0.0
2,2023-03-15,2024-09-01 00:00:00,final_action,15MAR23,F,1.4674880219028064
3,2020-12-01,2024-09-01 00:00:00,final_action,01DEC20,F,3.7508555783709787
4,2021-01-01,2024-09-01 00:00:00,final_action,01JAN21,F,3.6659822039698837
1,2024-09-01,2024-09-01 00:00:00,dates_for_filing,C,C,0.0
2,2023-03-22,2024-09-01 00:00:00,dates_for_filing,22MAR23,F,1.4483230663928817
3,2023-02-01,2024-09-01 00:00:00,dates_for_filing,01FEB23,F,1.5824777549623545
4,2021-02-01,2024-09-01 00:00:00,dates_for_filing,01FEB21,F,3.5811088295687883
1,2024-08-01,2024-08-01 00:00:00,dates_for_filing,C,C,0.0
4,2021-02-01,2024-08-01 00:00:00,dates_for_filing,01FEB21,F,3.4962354551676933
3,2023-02-01,2024-08-01 00:00:00,dates_for_filing,01FEB23,F,1.4976043805612593
2,2023-03-22,2024-08-01 00:00:00,dates_for_filing,22MAR23,F,1.3634496919917864
1,2024-08-01,2024-08-01 00:00:00,final_action,C,C,0.0
4,2021-01-01,2024-08-01 00:00:00,final_action,01JAN21,F,3.5811088295687883
3,2021-12-01,2024-08-01 00:00:00,final_action,01DEC21,F,2.6666666666666665
2,2023-03-15,2024-08-01 00:00:00,final_action,15MAR23,F,1.3826146475017111
1,2024-07-01,2024-07-01 00:00:00,dates_for_filing,C,C,0.0
4,2021-02-01,2024-07-01 00:00:00,dates_for_filing,01FEB21,F,3.4113620807665983
3,2023-02-01,2024-07-01 00:00:00,dates_for_filing,01FEB23,F,1.4127310061601643
2,2023-03-22,2024-07-01 00:00:00,dates_for_filing,22MAR23,F,1.2785763175906912
3,2021-12-01,2024-07-01 00:00:00,final_action,01DEC21,F,2.5817932922655715
4,2021-01-01,2024-07-01 00:00:00,final_action,01JAN21,F,3.4962354551676933
2,2023-03-15,2024-07-01 00:00:00,final_action,15MAR23,F,1.297741273100616
1,2024-07-01,2024-07-01 00:00:00,final_action,C,C,0.0
1,2024-06-01,2024-06-01 00:00:00,final_action,C,C,0.0
2,2023-01-15,2024-06-01 00:00:00,final_action,15JAN23,F,1.377138945927447
3,2022-11-22,2024-06-01 00:00:00,final_action,22NOV22,F,1.5249828884325805
4,2020-11-01,2024-06-01 00:00:00,final_action,01NOV20,F,3.5811088295687883
1,2024-06-01,2024-06-01 00:00:00,dates_for_filing,C,C,0.0
2,2023-02-15,2024-06-01 00:00:00,dates_for_filing,15FEB23,F,1.2922655715263518
3,2023-02-01,2024-06-01 00:00:00,dates_for_filing,01FEB23,F,1.3305954825462012
4,2020-12-01,2024-06-01 00:00:00,dates_for_filing,01DEC20,F,3.4989733059548254
1,2024-05-01,2024-05-01 00:00:00,dates_for_filing,C,C,0.0
4,2020-12-01,2024-05-01 00:00:00,dates_for_filing,01DEC20,F,3.4140999315537304
3,2023-02-01,2024-05-01 00:00:00,dates_for_filing,01FEB23,F,1.2457221081451062
2,2023-02-15,2024-05-01 00:00:00,dates_for_filing,15FEB23,F,1.2073921971252566
1,2024-05-01,2024-05-01 00:00:00,final_action,C,C,0.0
4,2020-11-01,2024-05-01 00:00:00,final_action,01NOV20,F,3.4962354551676933
3,2022-11-22,2024-05-01 00:00:00,final_action,22NOV22,F,1.4401095140314852
2,2023-01-15,2024-05-01 00:00:00,final_action,15JAN23,F,1.2922655715263518
2,2023-02-15,2024-04-01 00:00:00,dates_for_filing,15FEB23,F,1.1252566735112937
4,2020-12-01,2024-04-01 00:00:00,dates_for_filing,01DEC20,F,3.3319644079397674
3,2023-02-01,2024-04-01 00:00:00,dates_for_filing,01FEB23,F,1.163586584531143
1,2024-04-01,2024-04-01 00:00:00,dates_for_filing,C,C,0.0
1,2024-04-01,2024-04-01 00:00:00,final_action,C,C,0.0
3,2022-11-22,2024-04-01 00:00:00,final_action,22NOV22,F,1.3579739904175223
2,2023-01-15,2024-04-01 00:00:00,final_action,15JAN23,F,1.2101300479123889
4,2020-11-01,2024-04-01 00:00:00,final_action,01NOV20,F,3.4140999315537304
4,2019-12-01,2024-03-01 00:00:00,final_action,01DEC19,F,4.249144421629021
2,2023-02-15,2024-03-01 00:00:00,dates_for_filing,15FEB23,F,1.0403832991101984
1,2024-03-01,2024-03-01 00:00:00,dates_for_filing,C,C,0.0
4,2020-01-01,2024-03-01 00:00:00,dates_for_filing,01JAN20,F,4.164271047227926
3,2022-09-08,2024-03-01 00:00:00,final_action,08SEP22,F,1.4784394250513346
2,2022-11-22,2024-03-01 00:00:00,final_action,22NOV22,F,1.273100616016427
1,2024-03-01,2024-03-01 00:00:00,final_action,C,C,0.0
3,2023-02-01,2024-03-01 00:00:00,dates_for_filing,01FEB23,F,1.0787132101300478
1,2024-02-01,2024-02-01 00:00:00,final_action,C,C,0.0
2,2022-11-15,2024-02-01 00:00:00,final_action,15NOV22,F,1.212867898699521
3,2022-09-01,2024-02-01 00:00:00,final_action,01SEP22,F,1.4182067077344285
4,2019-05-15,2024-02-01 00:00:00,final_action,15MAY19,F,4.717316906228611
1,2024-02-01,2024-02-01 00:00:00,dates_for_filing,C,C,0.0
2,2023-02-15,2024-02-01 00:00:00,dates_for_filing,15FEB23,F,0.9609856262833676
3,2023-02-01,2024-02-01 00:00:00,dates_for_filing,01FEB23,F,0.999315537303217
4,2019-09-01,2024-02-01 00:00:00,dates_for_filing,01SEP19,F,4.418891170431212
4,2019-09-01,2024-01-01 00:00:00,dates_for_filing,01SEP19,F,4.334017796030117
2,2023-02-15,2024-01-01 00:00:00,dates_for_filing,15FEB23,F,0.8761122518822724
3,2023-02-01,2024-01-01 00:00:00,dates_for_filing,01FEB23,F,0.9144421629021219
1,2024-01-01,2024-01-01 00:00:00,dates_for_filing,C,C,0.0
1,2024-01-01,2024-01-01 00:00:00,final_action,C,C,0.0
3,2022-08-01,2024-01-01 00:00:00,final_action,01AUG22,F,1.4182067077344285
2,2022-11-01,2024-01-01 00:00:00,final_action,01NOV22,F,1.1663244353182751
4,2019-05-15,2024-01-01 00:00:00,final_action,15MAY19,F,4.632443531827516
1,2023-12-01,2023-12-01 00:00:00,dates_for_filing,C,C,0.0
3,2023-02-01,2023-12-01 00:00:00,dates_for_filing,01FEB23,F,0.8295687885010267
2,2023-01-01,2023-12-01 00:00:00,dates_for_filing,01JAN23,F,0.9144421629021219
4,2019-03-01,2023-12-01 00:00:00,dates_for_filing,01MAR19,F,4.7529089664613275
4,2019-01-01,2023-12-01 00:00:00,final_action,01JAN19,F,4.914442162902122
3,2021-12-01,2023-12-01 00:00:00,final_action,01DEC21,F,1.998631074606434
2,2022-07-15,2023-12-01 00:00:00,final_action,15JUL22,F,1.379876796714579
1,2023-12-01,2023-12-01 00:00:00,final_action,C,C,0.0
1,2023-11-01,2023-11-01 00:00:00,final_action,C,C,0.0
2,2022-07-15,2023-11-01 00:00:00,final_action,15JUL22,F,1.297741273100616
3,2021-12-01,2023-11-01 00:00:00,final_action,01DEC21,F,1.9164955509924708
4,2019-01-01,2023-11-01 00:00:00,final_action,01JAN19,F,4.832306639288158
1,2023-11-01,2023-11-01 00:00:00,dates_for_filing,C,C,0.0
2,2023-01-01,2023-11-01 00:00:00,dates_for_filing,01JAN23,F,0.8323066392881588
3,2023-02-01,2023-11-01 00:00:00,dates_for_filing,01FEB23,F,0.7474332648870636
4,2019-03-01,2023-11-01 00:00:00,dates_for_filing,01MAR19,F,4.670773442847365
4,2019-03-01,2023-10-01 00:00:00,dates_for_filing,01MAR19,F,4.58590006844627
3,2023-02-01,2023-10-01 00:00:00,dates_for_filing,01FEB23,F,0.6625598904859685
2,2023-01-01,2023-10-01 00:00:00,dates_for_filing,01JAN23,F,0.7474332648870636
1,2023-10-01,2023-10-01 00:00:00,dates_for_filing,C,C,0.0
4,2019-01-01,2023-10-01 00:00:00,final_action,01JAN19,F,4.747433264887063
1,2023-10-01,2023-10-01 00:00:00,final_action,C,C,0.0
3,2021-12-01,2023-10-01 00:00:00,final_action,01DEC21,F,1.8316221765913758
2,2022-07-08,2023-10-01 00:00:00,final_action,08JUL22,F,1.2320328542094456
1,2023-09-01,2023-09-01 00:00:00,dates_for_filing,C,C,0.0
1,2023-08-01,2023-09-01 00:00:00,final_action,01AUG23,F,0.08487337440109514
4,2018-10-01,2023-09-01 00:00:00,dates_for_filing,01OCT18,F,4.917180013689254
2,2022-12-01,2023-09-01 00:00:00,dates_for_filing,01DEC22,F,0.7501711156741958
3,2023-05-01,2023-09-01 00:00:00,dates_for_filing,01MAY23,F,0.33675564681724846
4,2018-09-01,2023-09-01 00:00:00,final_action,01SEP18,F,4.999315537303217
3,2020-05-01,2023-09-01 00:00:00,final_action,01MAY20,F,3.3347022587268995
2,2022-07-01,2023-09-01 00:00:00,final_action,01JUL22,F,1.1690622861054072
2,2022-04-01,2023-08-01 00:00:00,final_action,01APR22,F,1.3333333333333333
3,2020-05-01,2023-08-01 00:00:00,final_action,01MAY20,F,3.249828884325804
4,2018-09-01,2023-08-01 00:00:00,final_action,01SEP18,F,4.914442162902122
1,2023-08-01,2023-08-01 00:00:00,dates_for_filing,C,C,0.0
2,2022-12-01,2023-08-01 00:00:00,dates_for_filing,01DEC22,F,0.6652977412731006
3,2023-05-01,2023-08-01 00:00:00,dates_for_filing,01MAY23,F,0.2518822724161533
4,2018-10-01,2023-08-01 00:00:00,dates_for_filing,01OCT18,F,4.832306639288158
1,2023-08-01,2023-08-01 00:00:00,final_action,01AUG23,F,0.0
3,2023-05-01,2023-07-01 00:00:00,dates_for_filing,01MAY23,F,0.16700889801505817
1,2023-07-01,2023-07-01 00:00:00,dates_for_filing,C,C,0.0
4,2018-10-01,2023-07-01 00:00:00,dates_for_filing,01OCT18,F,4.747433264887063
2,2022-12-01,2023-07-01 00:00:00,dates_for_filing,01DEC22,F,0.5804243668720055
1,2023-07-01,2023-07-01 00:00:00,final_action,C,C,0.0
4,2018-09-01,2023-07-01 00:00:00,final_action,01SEP18,F,4.829568788501026
2,2022-02-15,2023-07-01 00:00:00,final_action,15FEB22,F,1.3716632443531827
3,2022-02-01,2023-07-01 00:00:00,final_action,01FEB22,F,1.4099931553730323
1,2023-06-01,2023-06-01 00:00:00,final_action,C,C,0.0
2,2022-02-15,2023-06-01 00:00:00,final_action,15FEB22,F,1.2895277207392197
3,2022-06-01,2023-06-01 00:00:00,final_action,01JUN22,F,0.999315537303217
4,2018-09-01,2023-06-01 00:00:00,final_action,01SEP18,F,4.747433264887063
1,2023-06-01,2023-06-01 00:00:00,dates_for_filing,C,C,0.0
2,2022-12-01,2023-06-01 00:00:00,dates_for_filing,01DEC22,F,0.49828884325804246
3,2023-05-01,2023-06-01 00:00:00,dates_for_filing,01MAY23,F,0.08487337440109514
4,2018-10-01,2023-06-01 00:00:00,dates_for_filing,01OCT18,F,4.6652977412731005
1,2023-05-01,2023-05-01 00:00:00,dates_for_filing,C,C,0.0
4,2018-10-01,2023-05-01 00:00:00,dates_for_filing,01OCT18,F,4.5804243668720055
3,2023-05-01,2023-05-01 00:00:00,dates_for_filing,01MAY23,F,0.0
2,2022-12-01,2023-05-01 00:00:00,dates_for_filing,01DEC22,F,0.4134154688569473
1,2023-05-01,2023-05-01 00:00:00,final_action,C,C,0.0
4,2018-09-01,2023-05-01 00:00:00,final_action,01SEP18,F,4.662559890485968
3,2022-06-01,2023-05-01 00:00:00,final_action,01JUN22,F,0.9144421629021219
2,2022-02-15,2023-05-01 00:00:00,final_action,15FEB22,F,1.2046543463381245
2,2022-12-01,2023-04-01 00:00:00,dates_for_filing,01DEC22,F,0.33127994524298426
4,2018-10-01,2023-04-01 00:00:00,dates_for_filing,01OCT18,F,4.498288843258043
3,2023-04-01,2023-04-01 00:00:00,dates_for_filing,C,C,0.0
1,2023-04-01,2023-04-01 00:00:00,dates_for_filing,C,C,0.0
1,2023-04-01,2023-04-01 00:00:00,final_action,C,C,0.0
3,2023-04-01,2023-04-01 00:00:00,final_action,C,C,0.0
2,2022-07-01,2023-04-01 00:00:00,final_action,01JUL22,F,0.7501711156741958
4,2018-09-01,2023-04-01 00:00:00,final_action,01SEP18,F,4.5804243668720055
1,2023-03-01,2023-03-01 00:00:00,dates_for_filing,C,C,0.0
4,2020-09-01,2023-03-01 00:00:00,dates_for_filing,01SEP20,F,2.4941820670773445
2,2022-12-01,2023-03-01 00:00:00,dates_for_filing,01DEC22,F,0.2464065708418891
3,2023-03-01,2023-03-01 00:00:00,dates_for_filing,C,C,0.0
4,2020-08-01,2023-03-01 00:00:00,final_action,01AUG20,F,2.5790554414784395
3,2023-03-01,2023-03-01 00:00:00,final_action,C,C,0.0
2,2022-11-01,2023-03-01 00:00:00,final_action,01NOV22,F,0.32854209445585214
1,2023-03-01,2023-03-01 00:00:00,final_action,C,C,0.0
2,2022-11-01,2023-02-01 00:00:00,final_action,01NOV22,F,0.2518822724161533
3,2023-02-01,2023-02-01 00:00:00,final_action,C,C,0.0
4,2020-09-15,2023-02-01 00:00:00,final_action,15SEP20,F,2.379192334017796
1,2023-02-01,2023-02-01 00:00:00,dates_for_filing,C,C,0.0
2,2022-12-01,2023-02-01 00:00:00,dates_for_filing,01DEC22,F,0.1697467488021903
3,2023-02-01,2023-02-01 00:00:00,dates_for_filing,C,C,0.0
4,2020-10-15,2023-02-01 00:00:00,dates_for_filing,15OCT20,F,2.297056810403833
1,2023-02-01,2023-02-01 00:00:00,final_action,C,C,0.0
3,2023-01-01,2023-01-01 00:00:00,dates_for_filing,C,C,0.0
1,2023-01-01,2023-01-01 00:00:00,dates_for_filing,C,C,0.0
4,2020-10-15,2023-01-01 00:00:00,dates_for_filing,15OCT20,F,2.212183436002738
2,2022-12-01,2023-01-01 00:00:00,dates_for_filing,01DEC22,F,0.08487337440109514
1,2023-01-01,2023-01-01 00:00:00,final_action,C,C,0.0
4,2020-09-15,2023-01-01 00:00:00,final_action,15SEP20,F,2.294318959616701
2,2022-11-01,2023-01-01 00:00:00,final_action,01NOV22,F,0.16700889801505817
3,2023-01-01,2023-01-01 00:00:00,final_action,C,C,0.0
1,2022-12-01,2022-12-01 00:00:00,final_action,C,C,0.0
2,2022-11-01,2022-12-01 00:00:00,final_action,01NOV22,F,0.08213552361396304
3,2022-12-01,2022-12-01 00:00:00,final_action,C,C,0.0
4,2020-09-15,2022-12-01 00:00:00,final_action,15SEP20,F,2.209445585215606
1,2022-12-01,2022-12-01 00:00:00,dates_for_filing,C,C,0.0
2,2022-12-01,2022-12-01 00:00:00,dates_for_filing,01DEC22,F,0.0
3,2022-12-01,2022-12-01 00:00:00,dates_for_filing,C,C,0.0
4,2020-10-15,2022-12-01 00:00:00,dates_for_filing,15OCT20,F,2.127310061601643
1,2022-11-01,2022-11-01 00:00:00,dates_for_filing,C,C,0.0
4,2020-10-15,2022-11-01 00:00:00,dates_for_filing,15OCT20,F,2.0451745379876796
3,2022-11-01,2022-11-01 00:00:00,dates_for_filing,C,C,0.0
2,2022-11-01,2022-11-01 00:00:00,dates_for_filing,C,C,0.0
1,2022-11-01,2022-11-01 00:00:00,final_action,C,C,0.0
4,2020-09-15,2022-11-01 00:00:00,final_action,15SEP20,F,2.127310061601643
3,2022-11-01,2022-11-01 00:00:00,final_action,C,C,0.0
2,2022-11-01,2022-11-01 00:00:00,final_action,C,C,0.0
1,2022-10-01,2022-10-01 00:00:00,dates_for_filing,C,C,0.0
4,2020-10-15,2022-10-01 00:00:00,dates_for_filing,15OCT20,F,1.9603011635865846
3,2022-10-01,2022-10-01 00:00:00,dates_for_filing,C,C,0.0
2,2022-10-01,2022-10-01 00:00:00,dates_for_filing,C,C,0.0
1,2022-10-01,2022-10-01 00:00:00,final_action,C,C,0.0
4,2020-09-15,2022-10-01 00:00:00,final_action,15SEP20,F,2.0424366872005475
3,2022-10-01,2022-10-01 00:00:00,final_action,C,C,0.0
2,2022-10-01,2022-10-01 00:00:00,final_action,C,C,0.0
1,2022-09-01,2022-09-01 00:00:00,final_action,C,C,0.0
2,2022-09-01,2022-09-01 00:00:00,final_action,C,C,0.0
3,2022-09-01,2022-09-01 00:00:00,final_action,C,C,0.0
4,2020-04-01,2022-09-01 00:00:00,final_action,01APR20,F,2.4175222450376452
1,2022-09-01,2022-09-01 00:00:00,dates_for_filing,C,C,0.0
2,2022-09-01,2022-09-01 00:00:00,dates_for_filing,C,C,0.0
3,2022-09-01,2022-09-01 00:00:00,dates_for_filing,C,C,0.0
4,2022-09-01,2022-09-01 00:00:00,dates_for_filing,C,C,0.0
1,2022-08-01,2022-08-01 00:00:00,dates_for_filing,C,C,0.0
4,2022-08-01,2022-08-01 00:00:00,dates_for_filing,C,C,0.0
3,2022-08-01,2022-08-01 00:00:00,dates_for_filing,C,C,0.0
2,2022-08-01,2022-08-01 00:00:00,dates_for_filing,C,C,0.0
3,2022-08-01,2022-08-01 00:00:00,final_action,C,C,0.0
4,2020-04-01,2022-08-01 00:00:00,final_action,01APR20,F,2.3326488706365502
2,2022-08-01,2022-08-01 00:00:00,final_action,C,C,0.0
1,2022-08-01,2022-08-01 00:00:00,final_action,C,C,0.0
1,2022-07-01,2022-07-01 00:00:00,final_action,C,C,0.0
2,2022-07-01,2022-07-01 00:00:00,final_action,C,C,0.0
3,2022-07-01,2022-07-01 00:00:00,final_action,C,C,0.0
4,2020-04-01,2022-07-01 00:00:00,final_action,01APR20,F,2.2477754962354553
1,2022-07-01,2022-07-01 00:00:00,dates_for_filing,C,C,0.0
2,2022-07-01,2022-07-01 00:00:00,dates_for_filing,C,C,0.0
3,2022-07-01,2022-07-01 00:00:00,dates_for_filing,C,C,0.0
4,2022-07-01,2022-07-01 00:00:00,dates_for_filing,C,C,0.0
1,2022-06-01,2022-06-01 00:00:00,dates_for_filing,C,C,0.0
4,2022-06-01,2022-06-01 00:00:00,dates_for_filing,C,C,0.0
3,2022-06-01,2022-06-01 00:00:00,dates_for_filing,C,C,0.0
2,2022-06-01,2022-06-01 00:00:00,dates_for_filing,C,C,0.0
1,2022-06-01,2022-06-01 00:00:00,final_action,C,C,0.0
4,2020-04-01,2022-06-01 00:00:00,final_action,01APR20,F,2.1656399726214923
3,2022-06-01,2022-06-01 00:00:00,final_action,C,C,0.0
2,2022-06-01,2022-06-01 00:00:00,final_action,C,C,0.0
2,2022-05-01,2022-05-01 00:00:00,dates_for_filing,C,C,0.0
4,2022-05-01,2022-05-01 00:00:00,dates_for_filing,C,C,0.0
3,2022-05-01,2022-05-01 00:00:00,dates_for_filing,C,C,0.0
1,2022-05-01,2022-05-01 00:00:00,dates_for_filing,C,C,0.0
1,2022-05-01,2022-05-01 00:00:00,final_action,C,C,0.0
3,2022-05-01,2022-05-01 00:00:00,final_action,C,C,0.0
2,2022-05-01,2022-05-01 00:00:00,final_action,C,C,0.0
4,2020-04-01,2022-05-01 00:00:00,final_action,01APR20,F,2.080766598220397
4,2020-04-01,2022-04-01 00:00:00,final_action,01APR20,F,1.998631074606434
2,2022-04-01,2022-04-01 00:00:00,dates_for_filing,C,C,0.0
1,2022-04-01,2022-04-01 00:00:00,dates_for_filing,C,C,0.0
4,2022-04-01,2022-04-01 00:00:00,dates_for_filing,C,C,0.0
3,2022-04-01,2022-04-01 00:00:00,final_action,C,C,0.0
2,2022-04-01,2022-04-01 00:00:00,final_action,C,C,0.0
1,2022-04-01,2022-04-01 00:00:00,final_action,C,C,0.0
3,2022-04-01,2022-04-01 00:00:00,dates_for_filing,C,C,0.0
1,2022-03-01,2022-03-01 00:00:00,final_action,C,C,0.0
2,2022-03-01,2022-03-01 00:00:00,final_action,C,C,0.0
3,2022-03-01,2022-03-01 00:00:00,final_action,C,C,0.0
4,2020-04-01,2022-03-01 00:00:00,final_action,01APR20,F,1.9137577002053388
1,2022-03-01,2022-03-01 00:00:00,dates_for_filing,C,C,0.0
2,2022-03-01,2022-03-01 00:00:00,dates_for_filing,C,C,0.0
3,2022-03-01,2022-03-01 00:00:00,dates_for_filing,C,C,0.0
4,2022-03-01,2022-03-01 00:00:00,dates_for_filing,C,C,0.0
4,2022-02-01,2022-02-01 00:00:00,dates_for_filing,C,C,0.0
2,2022-02-01,2022-02-01 00:00:00,dates_for_filing,C,C,0.0
3,2022-02-01,2022-02-01 00:00:00,dates_for_filing,C,C,0.0
1,2022-02-01,2022-02-01 00:00:00,dates_for_filing,C,C,0.0
1,2022-02-01,2022-02-01 00:00:00,final_action,C,C,0.0
3,2022-02-01,2022-02-01 00:00:00,final_action,C,C,0.0
2,2022-02-01,2022-02-01 00:00:00,final_action,C,C,0.0
4,2020-04-01,2022-02-01 00:00:00,final_action,01APR20,F,1.83709787816564
1,2022-01-01,2022-01-01 00:00:00,dates_for_filing,C,C,0.0
3,2022-01-01,2022-01-01 00:00:00,dates_for_filing,C,C,0.0
2,2022-01-01,2022-01-01 00:00:00,dates_for_filing,C,C,0.0
4,2022-01-01,2022-01-01 00:00:00,dates_for_filing,C,C,0.0
4,2020-04-01,2022-01-01 00:00:00,final_action,01APR20,F,1.7522245037645447
3,2022-01-01,2022-01-01 00:00:00,final_action,C,C,0.0
2,2022-01-01,2022-01-01 00:00:00,final_action,C,C,0.0
1,2022-01-01,2022-01-01 00:00:00,final_action,C,C,0.0
1,2021-12-01,2021-12-01 00:00:00,final_action,C,C,0.0
2,2021-12-01,2021-12-01 00:00:00,final_action,C,C,0.0
3,2021-12-01,2021-12-01 00:00:00,final_action,C,C,0.0
4,2020-04-01,2021-12-01 00:00:00,final_action,01APR20,F,1.6673511293634498
1,2021-12-01,2021-12-01 00:00:00,dates_for_filing,C,C,0.0
2,2021-12-01,2021-12-01 00:00:00,dates_for_filing,C,C,0.0
3,2021-12-01,2021-12-01 00:00:00,dates_for_filing,C,C,0.0
4,2021-12-01,2021-12-01 00:00:00,dates_for_filing,C,C,0.0
4,2021-11-01,2021-11-01 00:00:00,dates_for_filing,C,C,0.0
3,2021-11-01,2021-11-01 00:00:00,dates_for_filing,C,C,0.0
2,2021-11-01,2021-11-01 00:00:00,dates_for_filing,C,C,0.0
1,2021-11-01,2021-11-01 00:00:00,dates_for_filing,C,C,0.0
4,2020-04-01,2021-11-01 00:00:00,final_action,01APR20,F,1.5852156057494866
1,2021-11-01,2021-11-01 00:00:00,final_action,C,C,0.0
3,2021-11-01,2021-11-01 00:00:00,final_action,C,C,0.0
2,2021-11-01,2021-11-01 00:00:00,final_action,C,C,0.0
1,2021-10-01,2021-10-01 00:00:00,dates_for_filing,C,C,0.0
1,2021-10-01,2021-10-01 00:00:00,final_action,C,C,0.0
4,2021-10-01,2021-10-01 00:00:00,dates_for_filing,C,C,0.0
2,2021-10-01,2021-10-01 00:00:00,dates_for_filing,C,C,0.0
3,2021-10-01,2021-10-01 00:00:00,dates_for_filing,C,C,0.0
4,2020-03-01,2021-10-01 00:00:00,final_action,01MAR20,F,1.5852156057494866
3,2021-10-01,2021-10-01 00:00:00,final_action,C,C,0.0
2,2021-10-01,2021-10-01 00:00:00,final_action,C,C,0.0
2,2021-09-01,2021-09-01 00:00:00,final_action,C,C,0.0
3,2021-09-01,2021-09-01 00:00:00,final_action,C,C,0.0
4,2020-03-01,2021-09-01 00:00:00,final_action,01MAR20,F,1.5030800821355237
1,2021-09-01,2021-09-01 00:00:00,dates_for_filing,C,C,0.0
2,2021-09-01,2021-09-01 00:00:00,dates_for_filing,C,C,0.0
3,2021-09-01,2021-09-01 00:00:00,dates_for_filing,C,C,0.0
4,2021-09-01,2021-09-01 00:00:00,dates_for_filing,C,C,0.0
1,2021-09-01,2021-09-01 00:00:00,final_action,C,C,0.0
3,2021-08-01,2021-08-01 00:00:00,dates_for_filing,C,C,0.0
1,2021-08-01,2021-08-01 00:00:00,dates_for_filing,C,C,0.0
4,2021-08-01,2021-08-01 00:00:00,dates_for_filing,C,C,0.0
2,2021-08-01,2021-08-01 00:00:00,dates_for_filing,C,C,0.0
1,2021-08-01,2021-08-01 00:00:00,final_action,C,C,0.0
4,2020-02-01,2021-08-01 00:00:00,final_action,01FEB20,F,1.4976043805612593
2,2021-08-01,2021-08-01 00:00:00,final_action,C,C,0.0
3,2021-08-01,2021-08-01 00:00:00,final_action,C,C,0.0
1,2021-07-01,2021-07-01 00:00:00,final_action,C,C,0.0
2,2021-07-01,2021-07-01 00:00:00,final_action,C,C,0.0
3,2021-07-01,2021-07-01 00:00:00,final_action,C,C,0.0
4,2020-02-01,2021-07-01 00:00:00,final_action,01FEB20,F,1.4127310061601643
1,2021-07-01,2021-07-01 00:00:00,dates_for_filing,C,C,0.0
2,2021-07-01,2021-07-01 00:00:00,dates_for_filing,C,C,0.0
3,2021-07-01,2021-07-01 00:00:00,dates_for_filing,C,C,0.0
4,2021-07-01,2021-07-01 00:00:00,dates_for_filing,C,C,0.0
1,2021-06-01,2021-06-01 00:00:00,dates_for_filing,C,C,0.0
4,2021-06-01,2021-06-01 00:00:00,dates_for_filing,C,C,0.0
3,2021-06-01,2021-06-01 00:00:00,dates_for_filing,C,C,0.0
2,2021-06-01,2021-06-01 00:00:00,dates_for_filing,C,C,0.0
1,2021-06-01,2021-06-01 00:00:00,final_action,C,C,0.0
4,2019-11-01,2021-06-01 00:00:00,final_action,01NOV19,F,1.5824777549623545
3,2021-06-01,2021-06-01 00:00:00,final_action,C,C,0.0
2,2021-06-01,2021-06-01 00:00:00,final_action,C,C,0.0
2,2021-05-01,2021-05-01 00:00:00,dates_for_filing,C,C,0.0
4,2021-05-01,2021-05-01 00:00:00,dates_for_filing,C,C,0.0
3,2021-05-01,2021-05-01 00:00:00,dates_for_filing,C,C,0.0
1,2021-05-01,2021-05-01 00:00:00,dates_for_filing,C,C,0.0
1,2021-05-01,2021-05-01 00:00:00,final_action,C,C,0.0
3,2021-05-01,2021-05-01 00:00:00,final_action,C,C,0.0
2,2021-05-01,2021-05-01 00:00:00,final_action,C,C,0.0
4,2019-03-15,2021-05-01 00:00:00,final_action,15MAR19,F,2.130047912388775
1,2021-04-01,2021-04-01 00:00:00,dates_for_filing,C,C,0.0
4,2021-04-01,2021-04-01 00:00:00,dates_for_filing,C,C,0.0
2,2021-04-01,2021-04-01 00:00:00,dates_for_filing,C,C,0.0
3,2021-04-01,2021-04-01 00:00:00,dates_for_filing,C,C,0.0
4,2019-02-01,2021-04-01 00:00:00,final_action,01FEB19,F,2.16290212183436
3,2021-04-01,2021-04-01 00:00:00,final_action,C,C,0.0
2,2021-04-01,2021-04-01 00:00:00,final_action,C,C,0.0
1,2021-04-01,2021-04-01 00:00:00,final_action,C,C,0.0
2,2021-03-01,2021-03-01 00:00:00,final_action,C,C,0.0
3,2021-03-01,2021-03-01 00:00:00,final_action,C,C,0.0
4,2019-01-01,2021-03-01 00:00:00,final_action,01JAN19,F,2.16290212183436
1,2021-03-01,2021-03-01 00:00:00,dates_for_filing,C,C,0.0
2,2021-03-01,2021-03-01 00:00:00,dates_for_filing,C,C,0.0
3,2021-03-01,2021-03-01 00:00:00,dates_for_filing,C,C,0.0
4,2021-03-01,2021-03-01 00:00:00,dates_for_filing,C,C,0.0
1,2021-03-01,2021-03-01 00:00:00,final_action,C,C,0.0
3,2021-02-01,2021-02-01 00:00:00,dates_for_filing,C,C,0.0
1,2021-02-01,2021-02-01 00:00:00,dates_for_filing,C,C,0.0
4,2021-02-01,2021-02-01 00:00:00,dates_for_filing,C,C,0.0
2,2021-02-01,2021-02-01 00:00:00,dates_for_filing,C,C,0.0
1,2021-02-01,2021-02-01 00:00:00,final_action,C,C,0.0
4,2018-12-15,2021-02-01 00:00:00,final_action,15DEC18,F,2.132785763175907
2,2021-02-01,2021-02-01 00:00:00,final_action,C,C,0.0
3,2021-02-01,2021-02-01 00:00:00,final_action,C,C,0.0
1,2021-01-01,2021-01-01 00:00:00,final_action,C,C,0.0
2,2021-01-01,2021-01-01 00:00:00,final_action,C,C,0.0
3,2021-01-01,2021-01-01 00:00:00,final_action,C,C,0.0
4,2018-12-01,2021-01-01 00:00:00,final_action,01DEC18,F,2.086242299794661
1,2021-01-01,2021-01-01 00:00:00,dates_for_filing,C,C,0.0
2,2021-01-01,2021-01-01 00:00:00,dates_for_filing,C,C,0.0
3,2021-01-01,2021-01-01 00:00:00,dates_for_filing,C,C,0.0
4,2021-01-01,2021-01-01 00:00:00,dates_for_filing,C,C,0.0
1,2020-12-01,2020-12-01 00:00:00,dates_for_filing,C,C,0.0
4,2020-12-01,2020-12-01 00:00:00,dates_for_filing,C,C,0.0
3,2020-12-01,2020-12-01 00:00:00,dates_for_filing,C,C,0.0
2,2020-12-01,2020-12-01 00:00:00,dates_for_filing,C,C,0.0
1,2020-12-01,2020-12-01 00:00:00,final_action,C,C,0.0
4,2018-11-22,2020-12-01 00:00:00,final_action,22NOV18,F,2.026009582477755
3,2020-12-01,2020-12-01 00:00:00,final_action,C,C,0.0
2,2020-12-01,2020-12-01 00:00:00,final_action,C,C,0.0
1,2020-11-01,2020-11-01 00:00:00,dates_for_filing,C,C,0.0
4,2020-11-01,2020-11-01 00:00:00,dates_for_filing,C,C,0.0
3,2020-11-01,2020-11-01 00:00:00,dates_for_filing,C,C,0.0
2,2020-11-01,2020-11-01 00:00:00,dates_for_filing,C,C,0.0
1,2020-11-01,2020-11-01 00:00:00,final_action,C,C,0.0
4,2018-10-15,2020-11-01 00:00:00,final_action,15OCT18,F,2.0479123887748116
3,2020-11-01,2020-11-01 00:00:00,final_action,C,C,0.0
2,2020-11-01,2020-11-01 00:00:00,final_action,C,C,0.0
1,2020-10-01,2020-10-01 00:00:00,final_action,C,C,0.0
2,2020-10-01,2020-10-01 00:00:00,final_action,C,C,0.0
3,2020-10-01,2020-10-01 00:00:00,final_action,C,C,0.0
4,2018-09-01,2020-10-01 00:00:00,final_action,01SEP18,F,2.083504449007529
1,2020-10-01,2020-10-01 00:00:00,dates_for_filing,C,C,0.0
2,2020-10-01,2020-10-01 00:00:00,dates_for_filing,C,C,0.0
3,2020-10-01,2020-10-01 00:00:00,dates_for_filing,C,C,0.0
4,2020-10-01,2020-10-01 00:00:00,dates_for_filing,C,C,0.0
2,2020-09-01,2020-09-01 00:00:00,dates_for_filing,C,C,0.0
4,2020-09-01,2020-09-01 00:00:00,dates_for_filing,C,C,0.0
3,2020-04-01,2020-09-01 00:00:00,dates_for_filing,01APR20,F,0.4188911704312115
1,2020-09-01,2020-09-01 00:00:00,dates_for_filing,C,C,0.0
1,2020-09-01,2020-09-01 00:00:00,final_action,C,C,0.0
3,2019-04-01,2020-09-01 00:00:00,final_action,01APR19,F,1.4209445585215605
2,2020-09-01,2020-09-01 00:00:00,final_action,C,C,0.0
4,2018-06-15,2020-09-01 00:00:00,final_action,15JUN18,F,2.21492128678987
1,2020-08-01,2020-08-01 00:00:00,final_action,C,C,0.0
2,2020-08-01,2020-08-01 00:00:00,final_action,C,C,0.0
3,2019-04-01,2020-08-01 00:00:00,final_action,01APR19,F,1.3360711841204653
4,2018-06-15,2020-08-01 00:00:00,final_action,15JUN18,F,2.130047912388775
1,2020-08-01,2020-08-01 00:00:00,dates_for_filing,C,C,0.0
2,2020-08-01,2020-08-01 00:00:00,dates_for_filing,C,C,0.0
3,2020-04-01,2020-08-01 00:00:00,dates_for_filing,01APR20,F,0.33401779603011633
4,2020-08-01,2020-08-01 00:00:00,dates_for_filing,C,C,0.0
1,2020-07-01,2020-07-01 00:00:00,dates_for_filing,C,C,0.0
3,2019-04-01,2020-07-01 00:00:00,dates_for_filing,01APR19,F,1.2511978097193703
2,2020-07-01,2020-07-01 00:00:00,dates_for_filing,C,C,0.0
4,2020-07-01,2020-07-01 00:00:00,dates_for_filing,C,C,0.0
4,2018-06-15,2020-07-01 00:00:00,final_action,15JUN18,F,2.0451745379876796
2,2020-07-01,2020-07-01 00:00:00,final_action,C,C,0.0
1,2020-07-01,2020-07-01 00:00:00,final_action,C,C,0.0
3,2018-04-15,2020-07-01 00:00:00,final_action,15APR18,F,2.212183436002738
1,2020-06-01,2020-06-01 00:00:00,dates_for_filing,C,C,0.0
3,2019-04-01,2020-06-01 00:00:00,dates_for_filing,01APR19,F,1.1690622861054072
2,2020-06-01,2020-06-01 00:00:00,dates_for_filing,C,C,0.0
4,2020-06-01,2020-06-01 00:00:00,dates_for_filing,C,C,0.0
4,2018-06-08,2020-06-01 00:00:00,final_action,08JUN18,F,1.9822039698836413
3,2017-11-08,2020-06-01 00:00:00,final_action,08NOV17,F,2.5626283367556466
2,2020-06-01,2020-06-01 00:00:00,final_action,C,C,0.0
1,2020-06-01,2020-06-01 00:00:00,final_action,C,C,0.0
1,2020-05-01,2020-05-01 00:00:00,final_action,C,C,0.0
2,2020-05-01,2020-05-01 00:00:00,final_action,C,C,0.0
3,2017-01-01,2020-05-01 00:00:00,final_action,01JAN17,F,3.3292265571526354
4,2018-05-01,2020-05-01 00:00:00,final_action,01MAY18,F,2.001368925393566
1,2020-05-01,2020-05-01 00:00:00,dates_for_filing,C,C,0.0
2,2020-05-01,2020-05-01 00:00:00,dates_for_filing,C,C,0.0
3,2019-04-01,2020-05-01 00:00:00,dates_for_filing,01APR19,F,1.0841889117043122
4,2020-05-01,2020-05-01 00:00:00,dates_for_filing,C,C,0.0
1,2020-04-01,2020-04-01 00:00:00,dates_for_filing,C,C,0.0
3,2019-01-01,2020-04-01 00:00:00,dates_for_filing,01JAN19,F,1.2484599589322383
2,2020-04-01,2020-04-01 00:00:00,dates_for_filing,C,C,0.0
4,2020-04-01,2020-04-01 00:00:00,dates_for_filing,C,C,0.0
4,2018-01-22,2020-04-01 00:00:00,final_action,22JAN18,F,2.190280629705681
1,2019-06-01,2020-04-01 00:00:00,final_action,01JUN19,F,0.8350444900752909
3,2017-01-01,2020-04-01 00:00:00,final_action,01JAN17,F,3.247091033538672
2,2020-04-01,2020-04-01 00:00:00,final_action,C,C,0.0
2,2020-03-01,2020-03-01 00:00:00,final_action,C,C,0.0
3,2017-01-01,2020-03-01 00:00:00,final_action,01JAN17,F,3.162217659137577
4,2017-11-15,2020-03-01 00:00:00,final_action,15NOV17,F,2.291581108829569
1,2020-03-01,2020-03-01 00:00:00,dates_for_filing,C,C,0.0
2,2020-03-01,2020-03-01 00:00:00,dates_for_filing,C,C,0.0
3,2019-01-01,2020-03-01 00:00:00,dates_for_filing,01JAN19,F,1.163586584531143
4,2020-03-01,2020-03-01 00:00:00,dates_for_filing,C,C,0.0
1,2019-03-01,2020-03-01 00:00:00,final_action,01MAR19,F,1.002053388090349
1,2020-02-01,2020-02-01 00:00:00,dates_for_filing,C,C,0.0
4,2020-02-01,2020-02-01 00:00:00,dates_for_filing,C,C,0.0
3,2019-01-01,2020-02-01 00:00:00,dates_for_filing,01JAN19,F,1.0841889117043122
2,2020-02-01,2020-02-01 00:00:00,dates_for_filing,C,C,0.0
2,2020-02-01,2020-02-01 00:00:00,final_action,C,C,0.0
4,2017-09-01,2020-02-01 00:00:00,final_action,01SEP17,F,2.4175222450376452
3,2020-02-01,2020-02-01 00:00:00,final_action,C,C,0.0
1,2018-12-01,2020-02-01 00:00:00,final_action,01DEC18,F,1.1690622861054072
1,2020-01-01,2020-01-01 00:00:00,dates_for_filing,C,C,0.0
4,2020-01-01,2020-01-01 00:00:00,dates_for_filing,C,C,0.0
3,2019-01-01,2020-01-01 00:00:00,dates_for_filing,01JAN19,F,0.999315537303217
2,2020-01-01,2020-01-01 00:00:00,dates_for_filing,C,C,0.0
4,2017-08-08,2020-01-01 00:00:00,final_action,08AUG17,F,2.3983572895277208
3,2020-01-01,2020-01-01 00:00:00,final_action,C,C,0.0
1,2018-10-01,2020-01-01 00:00:00,final_action,01OCT18,F,1.2511978097193703
2,2020-01-01,2020-01-01 00:00:00,final_action,C,C,0.0
1,2018-07-15,2019-12-01 00:00:00,final_action,15JUL18,F,1.379876796714579
2,2019-12-01,2019-12-01 00:00:00,final_action,C,C,0.0
3,2019-12-01,2019-12-01 00:00:00,final_action,C,C,0.0
4,2017-07-22,2019-12-01 00:00:00,final_action,22JUL17,F,2.3600273785078714
1,2019-12-01,2019-12-01 00:00:00,dates_for_filing,C,C,0.0
2,2019-12-01,2019-12-01 00:00:00,dates_for_filing,C,C,0.0
3,2019-12-01,2019-12-01 00:00:00,dates_for_filing,C,C,0.0
4,2019-12-01,2019-12-01 00:00:00,dates_for_filing,C,C,0.0
1,2019-07-01,2019-11-01 00:00:00,dates_for_filing,01JUL19,F,0.33675564681724846
4,2019-11-01,2019-11-01 00:00:00,dates_for_filing,C,C,0.0
3,2019-11-01,2019-11-01 00:00:00,dates_for_filing,C,C,0.0
2,2019-11-01,2019-11-01 00:00:00,dates_for_filing,C,C,0.0
1,2018-06-01,2019-11-01 00:00:00,final_action,01JUN18,F,1.4182067077344285
4,2017-07-22,2019-11-01 00:00:00,final_action,22JUL17,F,2.2778918548939084
3,2019-11-01,2019-11-01 00:00:00,final_action,C,C,0.0
2,2019-11-01,2019-11-01 00:00:00,final_action,C,C,0.0
1,2019-07-01,2019-10-01 00:00:00,dates_for_filing,01JUL19,F,0.2518822724161533
4,2019-10-01,2019-10-01 00:00:00,dates_for_filing,C,C,0.0
2,2019-10-01,2019-10-01 00:00:00,dates_for_filing,C,C,0.0
3,2019-10-01,2019-10-01 00:00:00,dates_for_filing,C,C,0.0
4,2017-05-01,2019-10-01 00:00:00,final_action,01MAY17,F,2.4175222450376452
3,2019-10-01,2019-10-01 00:00:00,final_action,C,C,0.0
2,2019-10-01,2019-10-01 00:00:00,final_action,C,C,0.0
1,2018-04-22,2019-10-01 00:00:00,final_action,22APR18,F,1.4428473648186173
1,2018-09-01,2019-09-01 00:00:00,dates_for_filing,01SEP18,F,0.999315537303217
4,2019-09-01,2019-09-01 00:00:00,dates_for_filing,C,C,0.0
3,2019-09-01,2019-09-01 00:00:00,dates_for_filing,C,C,0.0
2,2019-09-01,2019-09-01 00:00:00,dates_for_filing,C,C,0.0
1,2017-10-01,2019-09-01 00:00:00,final_action,01OCT17,F,1.9164955509924708
4,,2019-09-01 00:00:00,final_action,U,U,
2,2018-01-01,2019-09-01 00:00:00,final_action,01JAN18,F,1.6646132785763177
3,2016-07-01,2019-09-01 00:00:00,final_action,01JUL16,F,3.167693360711841
1,2016-07-01,2019-08-01 00:00:00,final_action,01JUL16,F,3.082819986310746
2,2017-01-01,2019-08-01 00:00:00,final_action,01JAN17,F,2.5790554414784395
3,2016-07-01,2019-08-01 00:00:00,final_action,01JUL16,F,3.082819986310746
4,2016-07-01,2019-08-01 00:00:00,final_action,01JUL16,F,3.082819986310746
1,2018-09-01,2019-08-01 00:00:00,dates_for_filing,01SEP18,F,0.9144421629021219
2,2019-08-01,2019-08-01 00:00:00,dates_for_filing,C,C,0.0
3,2019-08-01,2019-08-01 00:00:00,dates_for_filing,C,C,0.0
4,2019-08-01,2019-08-01 00:00:00,dates_for_filing,C,C,0.0
1,2018-09-01,2019-07-01 00:00:00,dates_for_filing,01SEP18,F,0.8295687885010267
4,2019-07-01,2019-07-01 00:00:00,dates_for_filing,C,C,0.0
3,2019-07-01,2019-07-01 00:00:00,dates_for_filing,C,C,0.0
2,2019-07-01,2019-07-01 00:00:00,dates_for_filing,C,C,0.0
1,2018-04-22,2019-07-01 00:00:00,final_action,22APR18,F,1.1909650924024642
4,2016-07-01,2019-07-01 00:00:00,final_action,01JUL16,F,2.9979466119096507
3,2019-07-01,2019-07-01 00:00:00,final_action,C,C,0.0
2,2019-07-01,2019-07-01 00:00:00,final_action,C,C,0.0
1,2018-09-01,2019-06-01 00:00:00,dates_for_filing,01SEP18,F,0.7474332648870636
4,2019-06-01,2019-06-01 00:00:00,dates_for_filing,C,C,0.0
3,2019-06-01,2019-06-01 00:00:00,dates_for_filing,C,C,0.0
2,2019-06-01,2019-06-01 00:00:00,dates_for_filing,C,C,0.0
1,2018-04-22,2019-06-01 00:00:00,final_action,22APR18,F,1.108829568788501
4,2018-10-01,2019-06-01 00:00:00,final_action,01OCT18,F,0.6652977412731006
3,2019-06-01,2019-06-01 00:00:00,final_action,C,C,0.0
2,2019-06-01,2019-06-01 00:00:00,final_action,C,C,0.0
1,2018-03-01,2019-05-01 00:00:00,final_action,01MAR18,F,1.1663244353182751
2,2019-05-01,2019-05-01 00:00:00,final_action,C,C,0.0
3,2019-05-01,2019-05-01 00:00:00,final_action,C,C,0.0
4,2018-08-01,2019-05-01 00:00:00,final_action,01AUG18,F,0.7474332648870636
1,2018-09-01,2019-05-01 00:00:00,dates_for_filing,01SEP18,F,0.6625598904859685
2,2019-05-01,2019-05-01 00:00:00,dates_for_filing,C,C,0.0
3,2019-05-01,2019-05-01 00:00:00,dates_for_filing,C,C,0.0
4,2019-05-01,2019-05-01 00:00:00,dates_for_filing,C,C,0.0
1,2018-06-01,2019-04-01 00:00:00,dates_for_filing,01JUN18,F,0.8323066392881588
3,2019-04-01,2019-04-01 00:00:00,dates_for_filing,C,C,0.0
2,2019-04-01,2019-04-01 00:00:00,dates_for_filing,C,C,0.0
4,2019-04-01,2019-04-01 00:00:00,dates_for_filing,C,C,0.0
4,2018-04-01,2019-04-01 00:00:00,final_action,01APR18,F,0.999315537303217
1,2018-02-01,2019-04-01 00:00:00,final_action,01FEB18,F,1.160848733744011
3,2019-04-01,2019-04-01 00:00:00,final_action,C,C,0.0
2,2019-04-01,2019-04-01 00:00:00,final_action,C,C,0.0
2,2019-03-01,2019-03-01 00:00:00,final_action,C,C,0.0
3,2019-03-01,2019-03-01 00:00:00,final_action,C,C,0.0
4,2018-01-01,2019-03-01 00:00:00,final_action,01JAN18,F,1.160848733744011
1,2018-06-01,2019-03-01 00:00:00,dates_for_filing,01JUN18,F,0.7474332648870636
2,2019-03-01,2019-03-01 00:00:00,dates_for_filing,C,C,0.0
3,2019-03-01,2019-03-01 00:00:00,dates_for_filing,C,C,0.0
4,2019-03-01,2019-03-01 00:00:00,dates_for_filing,C,C,0.0
1,2018-01-01,2019-03-01 00:00:00,final_action,01JAN18,F,1.160848733744011
1,2018-06-01,2019-02-01 00:00:00,dates_for_filing,01JUN18,F,0.6707734428473648
4,2019-02-01,2019-02-01 00:00:00,dates_for_filing,C,C,0.0
3,2019-02-01,2019-02-01 00:00:00,dates_for_filing,C,C,0.0
2,2019-02-01,2019-02-01 00:00:00,dates_for_filing,C,C,0.0
2,2019-02-01,2019-02-01 00:00:00,final_action,C,C,0.0
4,2017-09-01,2019-02-01 00:00:00,final_action,01SEP17,F,1.4182067077344285
3,2019-02-01,2019-02-01 00:00:00,final_action,C,C,0.0
1,2017-12-01,2019-02-01 00:00:00,final_action,01DEC17,F,1.1690622861054072
4,2019-01-01,2019-01-01 00:00:00,dates_for_filing,C,C,0.0
3,2019-01-01,2019-01-01 00:00:00,dates_for_filing,C,C,0.0
2,2019-01-01,2019-01-01 00:00:00,dates_for_filing,C,C,0.0
1,2018-06-01,2019-01-01 00:00:00,dates_for_filing,01JUN18,F,0.5859000684462696
4,2017-04-15,2019-01-01 00:00:00,final_action,15APR17,F,1.7138945927446954
1,2017-10-01,2019-01-01 00:00:00,final_action,01OCT17,F,1.2511978097193703
3,2019-01-01,2019-01-01 00:00:00,final_action,C,C,0.0
2,2019-01-01,2019-01-01 00:00:00,final_action,C,C,0.0
1,2018-06-01,2018-12-01 00:00:00,dates_for_filing,01JUN18,F,0.5010266940451745
1,2017-07-01,2018-12-01 00:00:00,final_action,01JUL17,F,1.4182067077344285
4,2018-12-01,2018-12-01 00:00:00,dates_for_filing,C,C,0.0
2,2018-12-01,2018-12-01 00:00:00,dates_for_filing,C,C,0.0
3,2018-12-01,2018-12-01 00:00:00,dates_for_filing,C,C,0.0
4,2017-01-01,2018-12-01 00:00:00,final_action,01JAN17,F,1.9137577002053388
3,2018-12-01,2018-12-01 00:00:00,final_action,C,C,0.0
2,2018-12-01,2018-12-01 00:00:00,final_action,C,C,0.0
2,2018-11-01,2018-11-01 00:00:00,final_action,C,C,0.0
3,2018-11-01,2018-11-01 00:00:00,final_action,C,C,0.0
4,2016-11-22,2018-11-01 00:00:00,final_action,22NOV16,F,1.9411362080766599
1,2018-06-01,2018-11-01 00:00:00,dates_for_filing,01JUN18,F,0.4188911704312115
2,2018-11-01,2018-11-01 00:00:00,dates_for_filing,C,C,0.0
3,2018-11-01,2018-11-01 00:00:00,dates_for_filing,C,C,0.0
4,2018-11-01,2018-11-01 00:00:00,dates_for_filing,C,C,0.0
1,2017-04-01,2018-11-01 00:00:00,final_action,01APR17,F,1.5852156057494866
3,2018-10-01,2018-10-01 00:00:00,dates_for_filing,C,C,0.0
1,2018-06-01,2018-10-01 00:00:00,dates_for_filing,01JUN18,F,0.33401779603011633
4,2018-10-01,2018-10-01 00:00:00,dates_for_filing,C,C,0.0
2,2018-10-01,2018-10-01 00:00:00,dates_for_filing,C,C,0.0
3,2018-10-01,2018-10-01 00:00:00,final_action,C,C,0.0
4,2016-10-22,2018-10-01 00:00:00,final_action,22OCT16,F,1.9411362080766599
1,2017-04-01,2018-10-01 00:00:00,final_action,01APR17,F,1.5003422313483916
2,2018-10-01,2018-10-01 00:00:00,final_action,C,C,0.0
1,2016-06-01,2018-09-01 00:00:00,final_action,01JUN16,F,2.2505133470225873
2,2013-01-01,2018-09-01 00:00:00,final_action,01JAN13,F,5.664613278576318
3,2016-11-01,2018-09-01 00:00:00,final_action,01NOV16,F,1.8316221765913758
4,2016-02-15,2018-09-01 00:00:00,final_action,15FEB16,F,2.543463381245722
1,2018-09-01,2018-09-01 00:00:00,dates_for_filing,C,C,0.0
2,2018-09-01,2018-09-01 00:00:00,dates_for_filing,C,C,0.0
3,2018-09-01,2018-09-01 00:00:00,dates_for_filing,C,C,0.0
4,2018-09-01,2018-09-01 00:00:00,dates_for_filing,C,C,0.0
1,2018-08-01,2018-08-01 00:00:00,dates_for_filing,C,C,0.0
4,2018-08-01,2018-08-01 00:00:00,dates_for_filing,C,C,0.0
3,2018-08-01,2018-08-01 00:00:00,dates_for_filing,C,C,0.0
2,2018-08-01,2018-08-01 00:00:00,dates_for_filing,C,C,0.0
1,2016-05-01,2018-08-01 00:00:00,final_action,01MAY16,F,2.2505133470225873
4,2016-02-08,2018-08-01 00:00:00,final_action,08FEB16,F,2.4777549623545516
3,2018-08-01,2018-08-01 00:00:00,final_action,C,C,0.0
2,2018-08-01,2018-08-01 00:00:00,final_action,C,C,0.0
2,2018-07-01,2018-07-01 00:00:00,dates_for_filing,C,C,0.0
4,2018-07-01,2018-07-01 00:00:00,dates_for_filing,C,C,0.0
3,2018-07-01,2018-07-01 00:00:00,dates_for_filing,C,C,0.0
1,2018-07-01,2018-07-01 00:00:00,dates_for_filing,C,C,0.0
1,2018-07-01,2018-07-01 00:00:00,final_action,C,C,0.0
3,2018-07-01,2018-07-01 00:00:00,final_action,C,C,0.0
2,2018-07-01,2018-07-01 00:00:00,final_action,C,C,0.0
4,2016-02-08,2018-07-01 00:00:00,final_action,08FEB16,F,2.3928815879534566
4,2016-10-22,2018-06-01 00:00:00,final_action,22OCT16,F,1.6071184120465434
2,2018-06-01,2018-06-01 00:00:00,dates_for_filing,C,C,0.0
1,2018-06-01,2018-06-01 00:00:00,dates_for_filing,C,C,0.0
4,2018-06-01,2018-06-01 00:00:00,dates_for_filing,C,C,0.0
3,2018-06-01,2018-06-01 00:00:00,final_action,C,C,0.0
2,2018-06-01,2018-06-01 00:00:00,final_action,C,C,0.0
1,2018-06-01,2018-06-01 00:00:00,final_action,C,C,0.0
3,2018-06-01,2018-06-01 00:00:00,dates_for_filing,C,C,0.0
1,2018-05-01,2018-05-01 00:00:00,final_action,C,C,0.0
2,2018-05-01,2018-05-01 00:00:00,final_action,C,C,0.0
3,2018-05-01,2018-05-01 00:00:00,final_action,C,C,0.0
4,2016-10-22,2018-05-01 00:00:00,final_action,22OCT16,F,1.5222450376454484
1,2018-05-01,2018-05-01 00:00:00,dates_for_filing,C,C,0.0
2,2018-05-01,2018-05-01 00:00:00,dates_for_filing,C,C,0.0
3,2018-05-01,2018-05-01 00:00:00,dates_for_filing,C,C,0.0
4,2018-05-01,2018-05-01 00:00:00,dates_for_filing,C,C,0.0
4,2018-04-01,2018-04-01 00:00:00,dates_for_filing,C,C,0.0
2,2018-04-01,2018-04-01 00:00:00,dates_for_filing,C,C,0.0
3,2018-04-01,2018-04-01 00:00:00,dates_for_filing,C,C,0.0
1,2018-04-01,2018-04-01 00:00:00,dates_for_filing,C,C,0.0
1,2018-04-01,2018-04-01 00:00:00,final_action,C,C,0.0
3,2018-04-01,2018-04-01 00:00:00,final_action,C,C,0.0
2,2018-04-01,2018-04-01 00:00:00,final_action,C,C,0.0
4,2016-08-08,2018-04-01 00:00:00,final_action,08AUG16,F,1.6454483230663928
1,2018-03-01,2018-03-01 00:00:00,dates_for_filing,C,C,0.0
3,2018-03-01,2018-03-01 00:00:00,dates_for_filing,C,C,0.0
2,2018-03-01,2018-03-01 00:00:00,dates_for_filing,C,C,0.0
4,2018-03-01,2018-03-01 00:00:00,dates_for_filing,C,C,0.0
4,2016-07-01,2018-03-01 00:00:00,final_action,01JUL16,F,1.6646132785763177
3,2018-03-01,2018-03-01 00:00:00,final_action,C,C,0.0
2,2018-03-01,2018-03-01 00:00:00,final_action,C,C,0.0
1,2018-03-01,2018-03-01 00:00:00,final_action,C,C,0.0
1,2018-02-01,2018-02-01 00:00:00,final_action,C,C,0.0
2,2018-02-01,2018-02-01 00:00:00,final_action,C,C,0.0
3,2018-02-01,2018-02-01 00:00:00,final_action,C,C,0.0
4,2016-06-22,2018-02-01 00:00:00,final_action,22JUN16,F,1.6125941136208077
1,2018-02-01,2018-02-01 00:00:00,dates_for_filing,C,C,0.0
2,2018-02-01,2018-02-01 00:00:00,dates_for_filing,C,C,0.0
3,2018-02-01,2018-02-01 00:00:00,dates_for_filing,C,C,0.0
4,2018-02-01,2018-02-01 00:00:00,dates_for_filing,C,C,0.0
4,2018-01-01,2018-01-01 00:00:00,dates_for_filing,C,C,0.0
3,2018-01-01,2018-01-01 00:00:00,dates_for_filing,C,C,0.0
2,2018-01-01,2018-01-01 00:00:00,dates_for_filing,C,C,0.0
1,2018-01-01,2018-01-01 00:00:00,dates_for_filing,C,C,0.0
4,2016-06-01,2018-01-01 00:00:00,final_action,01JUN16,F,1.5852156057494866
1,2018-01-01,2018-01-01 00:00:00,final_action,C,C,0.0
3,2018-01-01,2018-01-01 00:00:00,final_action,C,C,0.0
2,2018-01-01,2018-01-01 00:00:00,final_action,C,C,0.0
1,2017-12-01,2017-12-01 00:00:00,dates_for_filing,C,C,0.0
1,2017-12-01,2017-12-01 00:00:00,final_action,C,C,0.0
4,2017-12-01,2017-12-01 00:00:00,dates_for_filing,C,C,0.0
2,2017-12-01,2017-12-01 00:00:00,dates_for_filing,C,C,0.0
3,2017-12-01,2017-12-01 00:00:00,dates_for_filing,C,C,0.0
4,2016-04-22,2017-12-01 00:00:00,final_action,22APR16,F,1.6098562628336757
3,2017-12-01,2017-12-01 00:00:00,final_action,C,C,0.0
2,2017-12-01,2017-12-01 00:00:00,final_action,C,C,0.0
2,2017-11-01,2017-11-01 00:00:00,final_action,C,C,0.0
3,2017-11-01,2017-11-01 00:00:00,final_action,C,C,0.0
4,2016-04-01,2017-11-01 00:00:00,final_action,01APR16,F,1.5852156057494866
1,2017-11-01,2017-11-01 00:00:00,dates_for_filing,C,C,0.0
2,2017-11-01,2017-11-01 00:00:00,dates_for_filing,C,C,0.0
3,2017-11-01,2017-11-01 00:00:00,dates_for_filing,C,C,0.0
4,2017-11-01,2017-11-01 00:00:00,dates_for_filing,C,C,0.0
1,2017-11-01,2017-11-01 00:00:00,final_action,C,C,0.0
3,2017-10-01,2017-10-01 00:00:00,dates_for_filing,C,C,0.0
1,2017-10-01,2017-10-01 00:00:00,dates_for_filing,C,C,0.0
4,2017-10-01,2017-10-01 00:00:00,dates_for_filing,C,C,0.0
2,2017-10-01,2017-10-01 00:00:00,dates_for_filing,C,C,0.0
1,2017-10-01,2017-10-01 00:00:00,final_action,C,C,0.0
4,2016-03-01,2017-10-01 00:00:00,final_action,01MAR16,F,1.5852156057494866
2,2017-10-01,2017-10-01 00:00:00,final_action,C,C,0.0
3,2017-10-01,2017-10-01 00:00:00,final_action,C,C,0.0
1,2017-09-01,2017-09-01 00:00:00,final_action,C,C,0.0
2,2016-01-01,2017-09-01 00:00:00,final_action,01JAN16,F,1.6673511293634498
3,2017-09-01,2017-09-01 00:00:00,final_action,C,C,0.0
4,2015-10-22,2017-09-01 00:00:00,final_action,22OCT15,F,1.8617385352498288
1,2017-09-01,2017-09-01 00:00:00,dates_for_filing,C,C,0.0
2,2017-09-01,2017-09-01 00:00:00,dates_for_filing,C,C,0.0
3,2017-09-01,2017-09-01 00:00:00,dates_for_filing,C,C,0.0
4,2017-09-01,2017-09-01 00:00:00,dates_for_filing,C,C,0.0
1,2017-08-01,2017-08-01 00:00:00,dates_for_filing,C,C,0.0
4,2017-08-01,2017-08-01 00:00:00,dates_for_filing,C,C,0.0
3,2017-08-01,2017-08-01 00:00:00,dates_for_filing,C,C,0.0
2,2017-08-01,2017-08-01 00:00:00,dates_for_filing,C,C,0.0
1,2017-08-01,2017-08-01 00:00:00,final_action,C,C,0.0
4,2015-09-15,2017-08-01 00:00:00,final_action,15SEP15,F,1.8781656399726214
3,2017-08-01,2017-08-01 00:00:00,final_action,C,C,0.0
2,2015-04-01,2017-08-01 00:00:00,final_action,01APR15,F,2.3353867214236823
2,2017-07-01,2017-07-01 00:00:00,dates_for_filing,C,C,0.0
4,2017-07-01,2017-07-01 00:00:00,dates_for_filing,C,C,0.0
3,2017-07-01,2017-07-01 00:00:00,dates_for_filing,C,C,0.0
1,2017-07-01,2017-07-01 00:00:00,dates_for_filing,C,C,0.0
1,2017-07-01,2017-07-01 00:00:00,final_action,C,C,0.0
3,2017-06-08,2017-07-01 00:00:00,final_action,08JUN17,F,0.06297056810403832
2,2017-07-01,2017-07-01 00:00:00,final_action,C,C,0.0
4,2015-08-15,2017-07-01 00:00:00,final_action,15AUG15,F,1.8781656399726214
1,2017-06-01,2017-06-01 00:00:00,dates_for_filing,C,C,0.0
4,2017-06-01,2017-06-01 00:00:00,dates_for_filing,C,C,0.0
2,2017-06-01,2017-06-01 00:00:00,dates_for_filing,C,C,0.0
3,2017-06-01,2017-06-01 00:00:00,dates_for_filing,C,C,0.0
4,2015-07-15,2017-06-01 00:00:00,final_action,15JUL15,F,1.8809034907597535
3,2017-04-15,2017-06-01 00:00:00,final_action,15APR17,F,0.12867898699520877
2,2017-06-01,2017-06-01 00:00:00,final_action,C,C,0.0
1,2017-06-01,2017-06-01 00:00:00,final_action,C,C,0.0
2,2017-05-01,2017-05-01 00:00:00,final_action,C,C,0.0
3,2017-03-15,2017-05-01 00:00:00,final_action,15MAR17,F,0.12867898699520877
4,2015-07-15,2017-05-01 00:00:00,final_action,15JUL15,F,1.7960301163586585
1,2017-05-01,2017-05-01 00:00:00,dates_for_filing,C,C,0.0
2,2017-05-01,2017-05-01 00:00:00,dates_for_filing,C,C,0.0
3,2017-05-01,2017-05-01 00:00:00,dates_for_filing,C,C,0.0
4,2017-05-01,2017-05-01 00:00:00,dates_for_filing,C,C,0.0
1,2017-05-01,2017-05-01 00:00:00,final_action,C,C,0.0
3,2017-04-01,2017-04-01 00:00:00,dates_for_filing,C,C,0.0
1,2017-04-01,2017-04-01 00:00:00,dates_for_filing,C,C,0.0
4,2017-04-01,2017-04-01 00:00:00,dates_for_filing,C,C,0.0
2,2017-04-01,2017-04-01 00:00:00,dates_for_filing,C,C,0.0
1,2017-04-01,2017-04-01 00:00:00,final_action,C,C,0.0
4,2015-07-15,2017-04-01 00:00:00,final_action,15JUL15,F,1.7138945927446954
2,2017-04-01,2017-04-01 00:00:00,final_action,C,C,0.0
3,2017-02-15,2017-04-01 00:00:00,final_action,15FEB17,F,0.12320328542094455
1,2017-03-01,2017-03-01 00:00:00,final_action,C,C,0.0
2,2017-03-01,2017-03-01 00:00:00,final_action,C,C,0.0
3,2016-12-01,2017-03-01 00:00:00,final_action,01DEC16,F,0.2464065708418891
4,2015-07-15,2017-03-01 00:00:00,final_action,15JUL15,F,1.6290212183436004
1,2017-03-01,2017-03-01 00:00:00,dates_for_filing,C,C,0.0
2,2017-03-01,2017-03-01 00:00:00,dates_for_filing,C,C,0.0
3,2017-03-01,2017-03-01 00:00:00,dates_for_filing,C,C,0.0
4,2017-03-01,2017-03-01 00:00:00,dates_for_filing,C,C,0.0
1,2017-02-01,2017-02-01 00:00:00,dates_for_filing,C,C,0.0
4,2017-02-01,2017-02-01 00:00:00,dates_for_filing,C,C,0.0
3,2017-02-01,2017-02-01 00:00:00,dates_for_filing,C,C,0.0
2,2017-02-01,2017-02-01 00:00:00,dates_for_filing,C,C,0.0
1,2017-02-01,2017-02-01 00:00:00,final_action,C,C,0.0
4,2015-07-15,2017-02-01 00:00:00,final_action,15JUL15,F,1.5523613963039014
3,2016-10-01,2017-02-01 00:00:00,final_action,01OCT16,F,0.33675564681724846
2,2017-02-01,2017-02-01 00:00:00,final_action,C,C,0.0
1,2017-01-01,2017-01-01 00:00:00,dates_for_filing,C,C,0.0
4,2017-01-01,2017-01-01 00:00:00,dates_for_filing,C,C,0.0
3,2017-01-01,2017-01-01 00:00:00,dates_for_filing,C,C,0.0
2,2017-01-01,2017-01-01 00:00:00,dates_for_filing,C,C,0.0
1,2017-01-01,2017-01-01 00:00:00,final_action,C,C,0.0
4,2015-07-15,2017-01-01 00:00:00,final_action,15JUL15,F,1.4674880219028064
3,2016-08-01,2017-01-01 00:00:00,final_action,01AUG16,F,0.4188911704312115
2,2017-01-01,2017-01-01 00:00:00,final_action,C,C,0.0
1,2016-12-01,2016-12-01 00:00:00,final_action,C,C,0.0
2,2016-12-01,2016-12-01 00:00:00,final_action,C,C,0.0
3,2016-07-01,2016-12-01 00:00:00,final_action,01JUL16,F,0.4188911704312115
4,2015-07-15,2016-12-01 00:00:00,final_action,15JUL15,F,1.3826146475017111
1,2016-12-01,2016-12-01 00:00:00,dates_for_filing,C,C,0.0
2,2016-12-01,2016-12-01 00:00:00,dates_for_filing,C,C,0.0
3,2016-12-01,2016-12-01 00:00:00,dates_for_filing,C,C,0.0
4,2016-12-01,2016-12-01 00:00:00,dates_for_filing,C,C,0.0
1,2016-11-01,2016-11-01 00:00:00,dates_for_filing,C,C,0.0
4,2016-11-01,2016-11-01 00:00:00,dates_for_filing,C,C,0.0
3,2016-11-01,2016-11-01 00:00:00,dates_for_filing,C,C,0.0
2,2016-11-01,2016-11-01 00:00:00,dates_for_filing,C,C,0.0
4,2016-11-01,2016-11-01 00:00:00,final_action,C,C,0.0
3,2016-07-01,2016-11-01 00:00:00,final_action,01JUL16,F,0.33675564681724846
2,2016-11-01,2016-11-01 00:00:00,final_action,C,C,0.0
1,2016-11-01,2016-11-01 00:00:00,final_action,C,C,0.0
1,2016-10-01,2016-10-01 00:00:00,dates_for_filing,C,C,0.0
3,2016-10-01,2016-10-01 00:00:00,dates_for_filing,C,C,0.0
2,2016-10-01,2016-10-01 00:00:00,dates_for_filing,C,C,0.0
4,2016-10-01,2016-10-01 00:00:00,dates_for_filing,C,C,0.0
4,2016-10-01,2016-10-01 00:00:00,final_action,C,C,0.0
3,2016-06-01,2016-10-01 00:00:00,final_action,01JUN16,F,0.33401779603011633
2,2016-10-01,2016-10-01 00:00:00,final_action,C,C,0.0
1,2016-10-01,2016-10-01 00:00:00,final_action,C,C,0.0
1,2016-09-01,2016-09-01 00:00:00,final_action,C,C,0.0
2,2014-02-01,2016-09-01 00:00:00,final_action,01FEB14,F,2.5817932922655715
3,2016-05-01,2016-09-01 00:00:00,final_action,01MAY16,F,0.33675564681724846
4,2010-01-01,2016-09-01 00:00:00,final_action,01JAN10,F,6.666666666666667
1,2016-08-01,2016-08-01 00:00:00,final_action,C,C,0.0
2,2014-02-01,2016-08-01 00:00:00,final_action,01FEB14,F,2.4969199178644765
3,2016-03-15,2016-08-01 00:00:00,final_action,15MAR16,F,0.3805612594113621
4,2010-01-01,2016-08-01 00:00:00,final_action,01JAN10,F,6.581793292265571
3,2016-03-01,2016-07-01 00:00:00,final_action,01MAR16,F,0.33401779603011633
4,2010-01-01,2016-07-01 00:00:00,final_action,01JAN10,F,6.496919917864476
2,2016-07-01,2016-07-01 00:00:00,final_action,C,C,0.0
1,2016-07-01,2016-07-01 00:00:00,final_action,C,C,0.0
2,2016-06-01,2016-06-01 00:00:00,final_action,C,C,0.0
3,2016-02-15,2016-06-01 00:00:00,final_action,15FEB16,F,0.2929500342231348
4,2016-06-01,2016-06-01 00:00:00,final_action,C,C,0.0
1,2016-06-01,2016-06-01 00:00:00,final_action,C,C,0.0
1,2016-05-01,2016-05-01 00:00:00,final_action,C,C,0.0
2,2016-05-01,2016-05-01 00:00:00,final_action,C,C,0.0
3,2016-02-15,2016-05-01 00:00:00,final_action,15FEB16,F,0.2080766598220397
4,2016-05-01,2016-05-01 00:00:00,final_action,C,C,0.0
1,2016-04-01,2016-04-01 00:00:00,dates_for_filing,C,C,0.0
4,2016-04-01,2016-04-01 00:00:00,dates_for_filing,C,C,0.0
3,2016-04-01,2016-04-01 00:00:00,dates_for_filing,C,C,0.0
2,2016-04-01,2016-04-01 00:00:00,dates_for_filing,C,C,0.0
2,2016-04-01,2016-04-01 00:00:00,final_action,C,C,0.0
4,2016-04-01,2016-04-01 00:00:00,final_action,C,C,0.0
3,2016-02-15,2016-04-01 00:00:00,final_action,15FEB16,F,0.12594113620807665
1,2016-04-01,2016-04-01 00:00:00,final_action,C,C,0.0
3,2016-03-01,2016-03-01 00:00:00,dates_for_filing,C,C,0.0
1,2016-03-01,2016-03-01 00:00:00,dates_for_filing,C,C,0.0
2,2016-03-01,2016-03-01 00:00:00,dates_for_filing,C,C,0.0
4,2016-03-01,2016-03-01 00:00:00,dates_for_filing,C,C,0.0
4,2016-03-01,2016-03-01 00:00:00,final_action,C,C,0.0
1,2016-03-01,2016-03-01 00:00:00,final_action,C,C,0.0
3,2016-01-01,2016-03-01 00:00:00,final_action,01JAN16,F,0.16427104722792607
2,2016-03-01,2016-03-01 00:00:00,final_action,C,C,0.0
1,2016-02-01,2016-02-01 00:00:00,dates_for_filing,C,C,0.0
1,2016-02-01,2016-02-01 00:00:00,final_action,C,C,0.0
3,2016-01-01,2016-02-01 00:00:00,dates_for_filing,01JAN16,F,0.08487337440109514
2,2016-02-01,2016-02-01 00:00:00,dates_for_filing,C,C,0.0
4,2016-02-01,2016-02-01 00:00:00,dates_for_filing,C,C,0.0
4,2016-02-01,2016-02-01 00:00:00,final_action,C,C,0.0
3,2015-10-01,2016-02-01 00:00:00,final_action,01OCT15,F,0.33675564681724846
2,2016-02-01,2016-02-01 00:00:00,final_action,C,C,0.0
1,2016-01-01,2016-01-01 00:00:00,dates_for_filing,C,C,0.0
3,2016-01-01,2016-01-01 00:00:00,dates_for_filing,01JAN16,F,0.0
4,2016-01-01,2016-01-01 00:00:00,dates_for_filing,C,C,0.0
2,2016-01-01,2016-01-01 00:00:00,dates_for_filing,C,C,0.0
1,2015-12-01,2015-12-01 00:00:00,dates_for_filing,C,C,0.0
2,2015-12-01,2015-12-01 00:00:00,dates_for_filing,C,C,0.0
3,2015-09-01,2015-12-01 00:00:00,dates_for_filing,01SEP15,F,0.24914442162902123
4,2015-12-01,2015-12-01 00:00:00,dates_for_filing,C,C,0.0
1,2015-11-01,2015-11-01 00:00:00,dates_for_filing,C,C,0.0
4,2015-11-01,2015-11-01 00:00:00,dates_for_filing,C,C,0.0
3,2015-09-01,2015-11-01 00:00:00,dates_for_filing,01SEP15,F,0.16700889801505817
2,2015-11-01,2015-11-01 00:00:00,dates_for_filing,C,C,0.0
4,2015-11-01,2015-11-01 00:00:00,final_action,C,C,0.0
2,2015-11-01,2015-11-01 00:00:00,final_action,C,C,0.0
1,2015-11-01,2015-11-01 00:00:00,final_action,C,C,0.0
3,2015-08-15,2015-11-01 00:00:00,final_action,15AUG15,F,0.2135523613963039
1,2015-10-01,2015-10-01 00:00:00,final_action,C,C,0.0
2,2015-10-01,2015-10-01 00:00:00,final_action,C,C,0.0
3,2015-08-15,2015-10-01 00:00:00,final_action,15AUG15,F,0.12867898699520877
4,2015-10-01,2015-10-01 00:00:00,final_action,C,C,0.0
1,2015-10-01,2015-10-01 00:00:00,dates_for_filing,C,C,0.0
2,2015-10-01,2015-10-01 00:00:00,dates_for_filing,C,C,0.0
3,2015-09-01,2015-10-01 00:00:00,dates_for_filing,01SEP15,F,0.08213552361396304
4,2015-10-01,2015-10-01 00:00:00,dates_for_filing,C,C,0.0
3,2015-08-15,2015-09-01 00:00:00,final_action,15AUG15,F,0.04654346338124572
4,2015-09-01,2015-09-01 00:00:00,final_action,C,C,0.0
2,2015-09-01,2015-09-01 00:00:00,final_action,C,C,0.0
1,2015-09-01,2015-09-01 00:00:00,final_action,C,C,0.0
1,2015-08-01,2015-08-01 00:00:00,final_action,C,C,0.0
2,2015-08-01,2015-08-01 00:00:00,final_action,C,C,0.0
3,2015-07-15,2015-08-01 00:00:00,final_action,15JUL15,F,0.04654346338124572
4,2015-08-01,2015-08-01 00:00:00,final_action,C,C,0.0
1,2015-07-01,2015-07-01 00:00:00,final_action,C,C,0.0
2,2015-07-01,2015-07-01 00:00:00,final_action,C,C,0.0
3,2015-04-01,2015-07-01 00:00:00,final_action,01APR15,F,0.24914442162902123
4,2015-07-01,2015-07-01 00:00:00,final_action,C,C,0.0
3,2015-02-15,2015-06-01 00:00:00,final_action,15FEB15,F,0.29021218343600275
4,2015-06-01,2015-06-01 00:00:00,final_action,C,C,0.0
2,2015-06-01,2015-06-01 00:00:00,final_action,C,C,0.0
1,2015-06-01,2015-06-01 00:00:00,final_action,C,C,0.0
1,2015-05-01,2015-05-01 00:00:00,final_action,C,C,0.0
2,2015-05-01,2015-05-01 00:00:00,final_action,C,C,0.0
3,2015-01-01,2015-05-01 00:00:00,final_action,01JAN15,F,0.32854209445585214
4,2015-05-01,2015-05-01 00:00:00,final_action,C,C,0.0
1,2015-04-01,2015-04-01 00:00:00,final_action,C,C,0.0
2,2015-04-01,2015-04-01 00:00:00,final_action,C,C,0.0
3,2014-10-01,2015-04-01 00:00:00,final_action,01OCT14,F,0.49828884325804246
4,2015-04-01,2015-04-01 00:00:00,final_action,C,C,0.0
4,2015-03-01,2015-03-01 00:00:00,final_action,C,C,0.0
3,2014-06-01,2015-03-01 00:00:00,final_action,01JUN14,F,0.7474332648870636
2,2015-03-01,2015-03-01 00:00:00,final_action,C,C,0.0
1,2015-03-01,2015-03-01 00:00:00,final_action,C,C,0.0
1,2015-02-01,2015-02-01 00:00:00,final_action,C,C,0.0
2,2015-02-01,2015-02-01 00:00:00,final_action,C,C,0.0
3,2014-01-01,2015-02-01 00:00:00,final_action,01JAN14,F,1.0841889117043122
4,2015-02-01,2015-02-01 00:00:00,final_action,C,C,0.0
1,2015-01-01,2015-01-01 00:00:00,final_action,C,C,0.0
2,2015-01-01,2015-01-01 00:00:00,final_action,C,C,0.0
3,2013-06-01,2015-01-01 00:00:00,final_action,01JUN13,F,1.5852156057494866
4,2015-01-01,2015-01-01 00:00:00,final_action,C,C,0.0
4,2014-12-01,2014-12-01 00:00:00,final_action,C,C,0.0
3,2012-11-01,2014-12-01 00:00:00,final_action,01NOV12,F,2.080766598220397
2,2014-12-01,2014-12-01 00:00:00,final_action,C,C,0.0
1,2014-12-01,2014-12-01 00:00:00,final_action,C,C,0.0
1,2014-11-01,2014-11-01 00:00:00,final_action,C,C,0.0
3,2012-06-01,2014-11-01 00:00:00,final_action,01JUN12,F,2.4175222450376452
4,2014-11-01,2014-11-01 00:00:00,final_action,C,C,0.0
2,2014-11-01,2014-11-01 00:00:00,final_action,C,C,0.0
3,2011-10-01,2014-10-01 00:00:00,final_action,01OCT11,F,3.0006844626967832
4,2014-10-01,2014-10-01 00:00:00,final_action,C,C,0.0
2,2014-10-01,2014-10-01 00:00:00,final_action,C,C,0.0
1,2014-10-01,2014-10-01 00:00:00,final_action,C,C,0.0
2,2014-09-01,2014-09-01 00:00:00,final_action,C,C,0.0
3,2011-04-01,2014-09-01 00:00:00,final_action,01APR11,F,3.4195756331279945
4,2014-09-01,2014-09-01 00:00:00,final_action,C,C,0.0
1,2014-09-01,2014-09-01 00:00:00,final_action,C,C,0.0
1,2014-08-01,2014-08-01 00:00:00,final_action,C,C,0.0
2,2014-08-01,2014-08-01 00:00:00,final_action,C,C,0.0
3,2011-04-01,2014-08-01 00:00:00,final_action,01APR11,F,3.3347022587268995
4,2014-08-01,2014-08-01 00:00:00,final_action,C,C,0.0
3,2011-04-01,2014-07-01 00:00:00,final_action,01APR11,F,3.249828884325804
4,2014-07-01,2014-07-01 00:00:00,final_action,C,C,0.0
2,2014-07-01,2014-07-01 00:00:00,final_action,C,C,0.0
1,2014-07-01,2014-07-01 00:00:00,final_action,C,C,0.0
3,2011-04-01,2014-06-01 00:00:00,final_action,01APR11,F,3.167693360711841
4,2014-06-01,2014-06-01 00:00:00,final_action,C,C,0.0
1,2014-06-01,2014-06-01 00:00:00,final_action,C,C,0.0
2,2014-06-01,2014-06-01 00:00:00,final_action,C,C,0.0
3,2012-10-01,2014-05-01 00:00:00,final_action,01OCT12,F,1.5797399041752225
4,2014-05-01,2014-05-01 00:00:00,final_action,C,C,0.0
1,2014-05-01,2014-05-01 00:00:00,final_action,C,C,0.0
2,2014-05-01,2014-05-01 00:00:00,final_action,C,C,0.0
1,2014-04-01,2014-04-01 00:00:00,final_action,C,C,0.0
2,2014-04-01,2014-04-01 00:00:00,final_action,C,C,0.0
3,2012-10-01,2014-04-01 00:00:00,final_action,01OCT12,F,1.4976043805612593
4,2014-04-01,2014-04-01 00:00:00,final_action,C,C,0.0
2,2014-03-01,2014-03-01 00:00:00,final_action,C,C,0.0
3,2012-09-01,2014-03-01 00:00:00,final_action,01SEP12,F,1.4948665297741273
4,2014-03-01,2014-03-01 00:00:00,final_action,C,C,0.0
1,2014-03-01,2014-03-01 00:00:00,final_action,C,C,0.0
1,2014-02-01,2014-02-01 00:00:00,final_action,C,C,0.0
2,2014-02-01,2014-02-01 00:00:00,final_action,C,C,0.0
3,2012-06-01,2014-02-01 00:00:00,final_action,01JUN12,F,1.6700889801505818
4,2014-02-01,2014-02-01 00:00:00,final_action,C,C,0.0
3,2012-04-01,2014-01-01 00:00:00,final_action,01APR12,F,1.7522245037645447
4,2014-01-01,2014-01-01 00:00:00,final_action,C,C,0.0
2,2014-01-01,2014-01-01 00:00:00,final_action,C,C,0.0
1,2014-01-01,2014-01-01 00:00:00,final_action,C,C,0.0
1,2013-12-01,2013-12-01 00:00:00,final_action,C,C,0.0
2,2013-12-01,2013-12-01 00:00:00,final_action,C,C,0.0
3,2011-10-01,2013-12-01 00:00:00,final_action,01OCT11,F,2.1683778234086244
4,2013-12-01,2013-12-01 00:00:00,final_action,C,C,0.0
1,2013-11-01,2013-11-01 00:00:00,final_action,C,C,0.0
2,2013-11-01,2013-11-01 00:00:00,final_action,C,C,0.0
3,2010-10-01,2013-11-01 00:00:00,final_action,01OCT10,F,3.0855578370978782
4,2013-11-01,2013-11-01 00:00:00,final_action,C,C,0.0
3,2010-07-01,2013-10-01 00:00:00,final_action,01JUL10,F,3.252566735112936
4,2013-10-01,2013-10-01 00:00:00,final_action,C,C,0.0
2,2013-10-01,2013-10-01 00:00:00,final_action,C,C,0.0
1,2013-10-01,2013-10-01 00:00:00,final_action,C,C,0.0
1,2013-09-01,2013-09-01 00:00:00,final_action,C,C,0.0
2,2013-09-01,2013-09-01 00:00:00,final_action,C,C,0.0
3,2010-07-01,2013-09-01 00:00:00,final_action,01JUL10,F,3.1704312114989732
4,2013-09-01,2013-09-01 00:00:00,final_action,C,C,0.0
1,2013-08-01,2013-08-01 00:00:00,final_action,C,C,0.0
2,2013-08-01,2013-08-01 00:00:00,final_action,C,C,0.0
3,2009-01-01,2013-08-01 00:00:00,final_action,01JAN09,F,4.5804243668720055
4,2013-08-01,2013-08-01 00:00:00,final_action,C,C,0.0
3,2009-01-01,2013-07-01 00:00:00,final_action,01JAN09,F,4.4955509924709105
4,2013-07-01,2013-07-01 00:00:00,final_action,C,C,0.0
1,2013-07-01,2013-07-01 00:00:00,final_action,C,C,0.0
2,2013-07-01,2013-07-01 00:00:00,final_action,C,C,0.0
3,2008-09-01,2013-06-01 00:00:00,final_action,01SEP08,F,4.747433264887063
4,2013-06-01,2013-06-01 00:00:00,final_action,C,C,0.0
1,2013-06-01,2013-06-01 00:00:00,final_action,C,C,0.0
2,2013-06-01,2013-06-01 00:00:00,final_action,C,C,0.0
3,2007-12-01,2013-05-01 00:00:00,final_action,01DEC07,F,5.415468856947296
4,2013-05-01,2013-05-01 00:00:00,final_action,C,C,0.0
1,2013-05-01,2013-05-01 00:00:00,final_action,C,C,0.0
2,2013-05-01,2013-05-01 00:00:00,final_action,C,C,0.0
3,2007-07-01,2013-04-01 00:00:00,final_action,01JUL07,F,5.752224503764545
4,2013-04-01,2013-04-01 00:00:00,final_action,C,C,0.0
1,2013-04-01,2013-04-01 00:00:00,final_action,C,C,0.0
2,2013-04-01,2013-04-01 00:00:00,final_action,C,C,0.0
2,2013-03-01,2013-03-01 00:00:00,final_action,C,C,0.0
3,2007-05-01,2013-03-01 00:00:00,final_action,01MAY07,F,5.834360027378508
4,2013-03-01,2013-03-01 00:00:00,final_action,C,C,0.0
1,2013-03-01,2013-03-01 00:00:00,final_action,C,C,0.0
1,2013-02-01,2013-02-01 00:00:00,final_action,C,C,0.0
2,2013-02-01,2013-02-01 00:00:00,final_action,C,C,0.0
3,2007-03-15,2013-02-01 00:00:00,final_action,15MAR07,F,5.886379192334018
4,2013-02-01,2013-02-01 00:00:00,final_action,C,C,0.0
1,2013-01-01,2013-01-01 00:00:00,final_action,C,C,0.0
2,2013-01-01,2013-01-01 00:00:00,final_action,C,C,0.0
3,2007-02-01,2013-01-01 00:00:00,final_action,01FEB07,F,5.916495550992471
4,2013-01-01,2013-01-01 00:00:00,final_action,C,C,0.0
4,2012-12-01,2012-12-01 00:00:00,final_action,C,C,0.0
3,2006-12-22,2012-12-01 00:00:00,final_action,22DEC06,F,5.943874058863792
1,2012-12-01,2012-12-01 00:00:00,final_action,C,C,0.0
2,2012-12-01,2012-12-01 00:00:00,final_action,C,C,0.0
1,2012-11-01,2012-11-01 00:00:00,final_action,C,C,0.0
2,2012-11-01,2012-11-01 00:00:00,final_action,C,C,0.0
3,2006-11-22,2012-11-01 00:00:00,final_action,22NOV06,F,5.943874058863792
4,2012-11-01,2012-11-01 00:00:00,final_action,C,C,0.0
3,2006-10-01,2012-09-01 00:00:00,final_action,01OCT06,F,5.919233401779603
4,2012-09-01,2012-09-01 00:00:00,final_action,C,C,0.0
2,2009-01-01,2012-09-01 00:00:00,final_action,01JAN09,F,3.6659822039698837
1,2012-09-01,2012-09-01 00:00:00,final_action,C,C,0.0
1,2012-08-01,2012-08-01 00:00:00,final_action,C,C,0.0
2,2009-01-01,2012-08-01 00:00:00,final_action,01JAN09,F,3.5811088295687883
3,2006-09-08,2012-08-01 00:00:00,final_action,08SEP06,F,5.897330595482546
4,2012-08-01,2012-08-01 00:00:00,final_action,C,C,0.0
1,2012-07-01,2012-07-01 00:00:00,final_action,C,C,0.0
2,2009-01-01,2012-07-01 00:00:00,final_action,01JAN09,F,3.4962354551676933
3,2006-07-22,2012-07-01 00:00:00,final_action,22JUL06,F,5.943874058863792
4,2012-07-01,2012-07-01 00:00:00,final_action,C,C,0.0
4,2012-06-01,2012-06-01 00:00:00,final_action,C,C,0.0
3,2006-06-08,2012-06-01 00:00:00,final_action,08JUN06,F,5.982203969883641
2,2012-06-01,2012-06-01 00:00:00,final_action,C,C,0.0
1,2012-06-01,2012-06-01 00:00:00,final_action,C,C,0.0
3,2006-05-01,2012-05-01 00:00:00,final_action,01MAY06,F,6.0013689253935665
4,2012-05-01,2012-05-01 00:00:00,final_action,C,C,0.0
1,2012-05-01,2012-05-01 00:00:00,final_action,C,C,0.0
2,2012-05-01,2012-05-01 00:00:00,final_action,C,C,0.0
1,2012-04-01,2012-04-01 00:00:00,final_action,C,C,0.0
2,2012-04-01,2012-04-01 00:00:00,final_action,C,C,0.0
3,2006-04-08,2012-04-01 00:00:00,final_action,08APR06,F,5.982203969883641
4,2012-04-01,2012-04-01 00:00:00,final_action,C,C,0.0
1,2012-03-01,2012-03-01 00:00:00,final_action,C,C,0.0
2,2012-03-01,2012-03-01 00:00:00,final_action,C,C,0.0
3,2006-03-15,2012-03-01 00:00:00,final_action,15MAR06,F,5.963039014373717
4,2012-03-01,2012-03-01 00:00:00,final_action,C,C,0.0
1,2012-02-01,2012-02-01 00:00:00,final_action,C,C,0.0
2,2012-02-01,2012-02-01 00:00:00,final_action,C,C,0.0
3,2006-02-22,2012-02-01 00:00:00,final_action,22FEB06,F,5.94113620807666
4,2012-02-01,2012-02-01 00:00:00,final_action,C,C,0.0
3,2006-02-01,2012-01-01 00:00:00,final_action,01FEB06,F,5.9137577002053385
4,2012-01-01,2012-01-01 00:00:00,final_action,C,C,0.0
2,2012-01-01,2012-01-01 00:00:00,final_action,C,C,0.0
1,2012-01-01,2012-01-01 00:00:00,final_action,C,C,0.0
1,2011-12-01,2011-12-01 00:00:00,final_action,C,C,0.0
2,2011-12-01,2011-12-01 00:00:00,final_action,C,C,0.0
3,2006-01-15,2011-12-01 00:00:00,final_action,15JAN06,F,5.87542778918549
4,2011-12-01,2011-12-01 00:00:00,final_action,C,C,0.0
1,2011-11-01,2011-11-01 00:00:00,final_action,C,C,0.0
2,2011-11-01,2011-11-01 00:00:00,final_action,C,C,0.0
3,2005-12-22,2011-11-01 00:00:00,final_action,22DEC05,F,5.859000684462697
4,2011-11-01,2011-11-01 00:00:00,final_action,C,C,0.0
3,2005-12-08,2011-10-01 00:00:00,final_action,08DEC05,F,5.812457221081451
4,2011-10-01,2011-10-01 00:00:00,final_action,C,C,0.0
2,2011-10-01,2011-10-01 00:00:00,final_action,C,C,0.0
1,2011-10-01,2011-10-01 00:00:00,final_action,C,C,0.0
1,2011-09-01,2011-09-01 00:00:00,final_action,C,C,0.0
2,2011-09-01,2011-09-01 00:00:00,final_action,C,C,0.0
3,2005-11-22,2011-09-01 00:00:00,final_action,22NOV05,F,5.774127310061601
4,2011-09-01,2011-09-01 00:00:00,final_action,C,C,0.0
1,2011-08-01,2011-08-01 00:00:00,final_action,C,C,0.0
2,2011-08-01,2011-08-01 00:00:00,final_action,C,C,0.0
3,2005-11-01,2011-08-01 00:00:00,final_action,01NOV05,F,5.746748802190281
4,2011-08-01,2011-08-01 00:00:00,final_action,C,C,0.0
4,2011-07-01,2011-07-01 00:00:00,final_action,C,C,0.0
3,2005-07-01,2011-07-01 00:00:00,final_action,01JUL05,F,5.9986310746064335
2,2011-07-01,2011-07-01 00:00:00,final_action,C,C,0.0
1,2011-07-01,2011-07-01 00:00:00,final_action,C,C,0.0
3,2004-12-22,2011-06-01 00:00:00,final_action,22DEC04,F,6.439425051334703
4,2011-06-01,2011-06-01 00:00:00,final_action,C,C,0.0
1,2011-06-01,2011-06-01 00:00:00,final_action,C,C,0.0
2,2011-06-01,2011-06-01 00:00:00,final_action,C,C,0.0
2,2011-05-01,2011-05-01 00:00:00,final_action,C,C,0.0
3,2004-09-08,2011-05-01 00:00:00,final_action,08SEP04,F,6.6420260095824775
4,2011-05-01,2011-05-01 00:00:00,final_action,C,C,0.0
1,2011-05-01,2011-05-01 00:00:00,final_action,C,C,0.0
3,2004-05-08,2011-04-01 00:00:00,final_action,08MAY04,F,6.896646132785763
4,2011-04-01,2011-04-01 00:00:00,final_action,C,C,0.0
2,2011-04-01,2011-04-01 00:00:00,final_action,C,C,0.0
1,2011-04-01,2011-04-01 00:00:00,final_action,C,C,0.0
2,2011-03-01,2011-03-01 00:00:00,final_action,C,C,0.0
3,2004-01-08,2011-03-01 00:00:00,final_action,08JAN04,F,7.143052703627652
4,2011-03-01,2011-03-01 00:00:00,final_action,C,C,0.0
1,2011-03-01,2011-03-01 00:00:00,final_action,C,C,0.0
1,2011-02-01,2011-02-01 00:00:00,final_action,C,C,0.0
2,2011-02-01,2011-02-01 00:00:00,final_action,C,C,0.0
3,2003-07-08,2011-02-01 00:00:00,final_action,08JUL03,F,7.57015742642026
4,2011-02-01,2011-02-01 00:00:00,final_action,C,C,0.0
4,2011-01-01,2011-01-01 00:00:00,final_action,C,C,0.0
3,2003-04-15,2011-01-01 00:00:00,final_action,15APR03,F,7.715263518138261
2,2011-01-01,2011-01-01 00:00:00,final_action,C,C,0.0
1,2011-01-01,2011-01-01 00:00:00,final_action,C,C,0.0
1,2010-12-01,2010-12-01 00:00:00,final_action,C,C,0.0
2,2010-12-01,2010-12-01 00:00:00,final_action,C,C,0.0
3,2002-07-01,2010-12-01 00:00:00,final_action,01JUL02,F,8.41889117043121
4,2010-12-01,2010-12-01 00:00:00,final_action,C,C,0.0
1,2010-11-01,2010-11-01 00:00:00,final_action,C,C,0.0
2,2010-11-01,2010-11-01 00:00:00,final_action,C,C,0.0
3,2001-05-01,2010-11-01 00:00:00,final_action,01MAY01,F,9.503080082135524
4,2010-11-01,2010-11-01 00:00:00,final_action,C,C,0.0
3,2001-04-22,2010-10-01 00:00:00,final_action,22APR01,F,9.442847364818617
4,2010-10-01,2010-10-01 00:00:00,final_action,C,C,0.0
2,2010-10-01,2010-10-01 00:00:00,final_action,C,C,0.0
1,2010-10-01,2010-10-01 00:00:00,final_action,C,C,0.0
1,2010-09-01,2010-09-01 00:00:00,final_action,C,C,0.0
2,2010-09-01,2010-09-01 00:00:00,final_action,C,C,0.0
3,,2010-09-01 00:00:00,final_action,U,U,
4,2010-09-01,2010-09-01 00:00:00,final_action,C,C,0.0
1,2010-08-01,2010-08-01 00:00:00,final_action,C,C,0.0
2,2010-08-01,2010-08-01 00:00:00,final_action,C,C,0.0
3,,2010-08-01 00:00:00,final_action,U,U,
4,2010-08-01,2010-08-01 00:00:00,final_action,C,C,0.0
3,,2010-07-01 00:00:00,final_action,U,U,
4,2010-07-01,2010-07-01 00:00:00,final_action,C,C,0.0
1,2010-07-01,2010-07-01 00:00:00,final_action,C,C,0.0
2,2010-07-01,2010-07-01 00:00:00,final_action,C,C,0.0
2,2010-06-01,2010-06-01 00:00:00,final_action,C,C,0.0
3,,2010-06-01 00:00:00,final_action,U,U,
4,2010-06-01,2010-06-01 00:00:00,final_action,C,C,0.0
1,2010-06-01,2010-06-01 00:00:00,final_action,C,C,0.0
1,2010-05-01,2010-05-01 00:00:00,final_action,C,C,0.0
2,2010-05-01,2010-05-01 00:00:00,final_action,C,C,0.0
3,,2010-05-01 00:00:00,final_action,U,U,
4,2010-05-01,2010-05-01 00:00:00,final_action,C,C,0.0
4,2010-04-01,2010-04-01 00:00:00,final_action,C,C,0.0
3,2002-07-01,2010-04-01 00:00:00,final_action,01JUL02,F,7.750855578370979
2,2010-04-01,2010-04-01 00:00:00,final_action,C,C,0.0
1,2010-04-01,2010-04-01 00:00:00,final_action,C,C,0.0
1,2010-03-01,2010-03-01 00:00:00,final_action,C,C,0.0
2,2010-03-01,2010-03-01 00:00:00,final_action,C,C,0.0
3,2002-07-01,2010-03-01 00:00:00,final_action,01JUL02,F,7.665982203969883
4,2010-03-01,2010-03-01 00:00:00,final_action,C,C,0.0
1,2010-02-01,2010-02-01 00:00:00,final_action,C,C,0.0
2,2010-02-01,2010-02-01 00:00:00,final_action,C,C,0.0
3,2002-07-01,2010-02-01 00:00:00,final_action,01JUL02,F,7.5893223819301845
4,2010-02-01,2010-02-01 00:00:00,final_action,C,C,0.0
3,2002-07-01,2010-01-01 00:00:00,final_action,01JUL02,F,7.5044490075290895
4,2010-01-01,2010-01-01 00:00:00,final_action,C,C,0.0
1,2010-01-01,2010-01-01 00:00:00,final_action,C,C,0.0
2,2010-01-01,2010-01-01 00:00:00,final_action,C,C,0.0
2,2009-12-01,2009-12-01 00:00:00,final_action,C,C,0.0
3,2002-06-01,2009-12-01 00:00:00,final_action,01JUN02,F,7.501711156741957
4,2009-12-01,2009-12-01 00:00:00,final_action,C,C,0.0
1,2009-12-01,2009-12-01 00:00:00,final_action,C,C,0.0
1,2009-08-01,2009-08-01 00:00:00,final_action,C,C,0.0
2,2009-08-01,2009-08-01 00:00:00,final_action,C,C,0.0
3,,2009-08-01 00:00:00,final_action,U,U,
4,2009-08-01,2009-08-01 00:00:00,final_action,C,C,0.0
3,,2009-07-01 00:00:00,final_action,U,U,
4,2009-07-01,2009-07-01 00:00:00,final_action,C,C,0.0
1,2009-07-01,2009-07-01 00:00:00,final_action,C,C,0.0
2,2009-07-01,2009-07-01 00:00:00,final_action,C,C,0.0
1,2009-06-01,2009-06-01 00:00:00,final_action,C,C,0.0
2,2009-06-01,2009-06-01 00:00:00,final_action,C,C,0.0
3,,2009-06-01 00:00:00,final_action,U,U,
4,2009-06-01,2009-06-01 00:00:00,final_action,C,C,0.0
4,2009-05-01,2009-05-01 00:00:00,final_action,C,C,0.0
3,,2009-05-01 00:00:00,final_action,U,U,
2,2009-05-01,2009-05-01 00:00:00,final_action,C,C,0.0
1,2009-05-01,2009-05-01 00:00:00,final_action,C,C,0.0
3,2003-03-01,2009-04-01 00:00:00,final_action,01MAR03,F,6.0862422997946615
4,2009-04-01,2009-04-01 00:00:00,final_action,C,C,0.0
1,2009-04-01,2009-04-01 00:00:00,final_action,C,C,0.0
2,2009-04-01,2009-04-01 00:00:00,final_action,C,C,0.0
2,2009-02-01,2009-02-01 00:00:00,final_action,C,C,0.0
3,2003-04-01,2009-02-01 00:00:00,final_action,01APR03,F,5.839835728952772
4,2009-02-01,2009-02-01 00:00:00,final_action,C,C,0.0
1,2009-02-01,2009-02-01 00:00:00,final_action,C,C,0.0
1,2009-01-01,2009-01-01 00:00:00,final_action,C,C,0.0
2,2009-01-01,2009-01-01 00:00:00,final_action,C,C,0.0
3,2002-11-15,2009-01-01 00:00:00,final_action,15NOV02,F,6.1300479123887746
4,2009-01-01,2009-01-01 00:00:00,final_action,C,C,0.0
4,2008-12-01,2008-12-01 00:00:00,final_action,C,C,0.0
3,2002-09-01,2008-12-01 00:00:00,final_action,01SEP02,F,6.250513347022587
2,2008-12-01,2008-12-01 00:00:00,final_action,C,C,0.0
1,2008-12-01,2008-12-01 00:00:00,final_action,C,C,0.0
1,2008-11-01,2008-11-01 00:00:00,final_action,C,C,0.0
2,2008-11-01,2008-11-01 00:00:00,final_action,C,C,0.0
3,2002-09-01,2008-11-01 00:00:00,final_action,01SEP02,F,6.168377823408624
4,2008-11-01,2008-11-01 00:00:00,final_action,C,C,0.0
1,2008-10-01,2008-10-01 00:00:00,final_action,C,C,0.0
2,2008-10-01,2008-10-01 00:00:00,final_action,C,C,0.0
3,2002-07-01,2008-10-01 00:00:00,final_action,01JUL02,F,6.253251197809719
4,2008-10-01,2008-10-01 00:00:00,final_action,C,C,0.0
3,,2008-09-01 00:00:00,final_action,U,U,
4,2008-09-01,2008-09-01 00:00:00,final_action,C,C,0.0
1,2008-09-01,2008-09-01 00:00:00,final_action,C,C,0.0
2,2008-09-01,2008-09-01 00:00:00,final_action,C,C,0.0
2,2008-08-01,2008-08-01 00:00:00,final_action,C,C,0.0
3,,2008-08-01 00:00:00,final_action,U,U,
4,2008-08-01,2008-08-01 00:00:00,final_action,C,C,0.0
1,2008-08-01,2008-08-01 00:00:00,final_action,C,C,0.0
1,2008-07-01,2008-07-01 00:00:00,final_action,C,C,0.0
2,2008-07-01,2008-07-01 00:00:00,final_action,C,C,0.0
3,,2008-07-01 00:00:00,final_action,U,U,
4,2008-07-01,2008-07-01 00:00:00,final_action,C,C,0.0
3,2002-07-01,2008-06-01 00:00:00,final_action,01JUL02,F,5.919233401779603
4,2008-06-01,2008-06-01 00:00:00,final_action,C,C,0.0
1,2008-06-01,2008-06-01 00:00:00,final_action,C,C,0.0
2,2008-06-01,2008-06-01 00:00:00,final_action,C,C,0.0
1,2008-05-01,2008-05-01 00:00:00,final_action,C,C,0.0
2,2008-05-01,2008-05-01 00:00:00,final_action,C,C,0.0
3,2002-07-01,2008-05-01 00:00:00,final_action,01JUL02,F,5.834360027378508
4,2008-05-01,2008-05-01 00:00:00,final_action,C,C,0.0
4,2008-04-01,2008-04-01 00:00:00,final_action,C,C,0.0
3,2001-10-01,2008-04-01 00:00:00,final_action,01OCT01,F,6.499657768651608
2,2008-04-01,2008-04-01 00:00:00,final_action,C,C,0.0
1,2008-04-01,2008-04-01 00:00:00,final_action,C,C,0.0
1,2008-02-01,2008-02-01 00:00:00,final_action,C,C,0.0
4,2008-02-01,2008-02-01 00:00:00,final_action,C,C,0.0
2,2008-02-01,2008-02-01 00:00:00,final_action,C,C,0.0
3,2001-04-22,2008-02-01 00:00:00,final_action,22APR01,F,6.778918548939083
2,2007-10-01,2007-10-01 00:00:00,final_action,C,C,0.0
3,2001-04-22,2007-10-01 00:00:00,final_action,22APR01,F,6.442162902121835
4,2007-10-01,2007-10-01 00:00:00,final_action,C,C,0.0
1,2007-10-01,2007-10-01 00:00:00,final_action,C,C,0.0
3,,2007-09-01 00:00:00,final_action,U,U,
4,2007-01-01,2007-09-01 00:00:00,final_action,01JAN07,F,0.6652977412731006
2,2007-01-01,2007-09-01 00:00:00,final_action,01JAN07,F,0.6652977412731006
1,2007-01-01,2007-09-01 00:00:00,final_action,01JAN07,F,0.6652977412731006
2,2007-07-01,2007-07-01 00:00:00,final_action,C,C,0.0
3,2007-07-01,2007-07-01 00:00:00,final_action,C,C,0.0
4,2007-07-01,2007-07-01 00:00:00,final_action,C,C,0.0
1,2007-07-01,2007-07-01 00:00:00,final_action,C,C,0.0
1,2007-06-01,2007-06-01 00:00:00,final_action,C,C,0.0
2,2007-06-01,2007-06-01 00:00:00,final_action,C,C,0.0
3,2003-06-01,2007-06-01 00:00:00,final_action,01JUN03,F,4.0
4,2007-06-01,2007-06-01 00:00:00,final_action,C,C,0.0
3,2001-05-15,2007-05-01 00:00:00,final_action,15MAY01,F,5.960301163586585
4,2007-05-01,2007-05-01 00:00:00,final_action,C,C,0.0
2,2007-05-01,2007-05-01 00:00:00,final_action,C,C,0.0
1,2007-05-01,2007-05-01 00:00:00,final_action,C,C,0.0
2,2007-04-01,2007-04-01 00:00:00,final_action,C,C,0.0
3,2001-05-15,2007-04-01 00:00:00,final_action,15MAY01,F,5.878165639972622
4,2007-04-01,2007-04-01 00:00:00,final_action,C,C,0.0
1,2007-04-01,2007-04-01 00:00:00,final_action,C,C,0.0
1,2007-03-01,2007-03-01 00:00:00,final_action,C,C,0.0
2,2007-03-01,2007-03-01 00:00:00,final_action,C,C,0.0
3,2001-05-15,2007-03-01 00:00:00,final_action,15MAY01,F,5.793292265571527
4,2007-03-01,2007-03-01 00:00:00,final_action,C,C,0.0
3,2001-05-15,2007-01-01 00:00:00,final_action,15MAY01,F,5.631759069130732
4,2007-01-01,2007-01-01 00:00:00,final_action,C,C,0.0
1,2007-01-01,2007-01-01 00:00:00,final_action,C,C,0.0
2,2007-01-01,2007-01-01 00:00:00,final_action,C,C,0.0
1,2006-11-01,2006-11-01 00:00:00,final_action,C,C,0.0
2,2006-11-01,2006-11-01 00:00:00,final_action,C,C,0.0
3,2001-05-08,2006-11-01 00:00:00,final_action,08MAY01,F,5.4839151266255985
4,2006-11-01,2006-11-01 00:00:00,final_action,C,C,0.0
4,2006-09-01,2006-09-01 00:00:00,final_action,C,C,0.0
3,2001-04-22,2006-09-01 00:00:00,final_action,22APR01,F,5.360711841204655
2,2006-09-01,2006-09-01 00:00:00,final_action,C,C,0.0
1,2006-09-01,2006-09-01 00:00:00,final_action,C,C,0.0
3,2001-04-22,2006-08-01 00:00:00,final_action,22APR01,F,5.27583846680356
4,2006-08-01,2006-08-01 00:00:00,final_action,C,C,0.0
1,2006-08-01,2006-08-01 00:00:00,final_action,C,C,0.0
2,2006-08-01,2006-08-01 00:00:00,final_action,C,C,0.0
2,2006-05-01,2006-05-01 00:00:00,final_action,C,C,0.0
3,2001-04-15,2006-05-01 00:00:00,final_action,15APR01,F,5.04312114989733
4,2006-05-01,2006-05-01 00:00:00,final_action,C,C,0.0
1,2006-05-01,2006-05-01 00:00:00,final_action,C,C,0.0
1,2006-04-01,2006-04-01 00:00:00,final_action,C,C,0.0
2,2006-04-01,2006-04-01 00:00:00,final_action,C,C,0.0
3,2001-04-08,2006-04-01 00:00:00,final_action,08APR01,F,4.980150581793292
4,2006-04-01,2006-04-01 00:00:00,final_action,C,C,0.0
3,2001-03-22,2006-03-01 00:00:00,final_action,22MAR01,F,4.941820670773443
4,2006-03-01,2006-03-01 00:00:00,final_action,C,C,0.0
1,2006-03-01,2006-03-01 00:00:00,final_action,C,C,0.0
2,2006-03-01,2006-03-01 00:00:00,final_action,C,C,0.0
1,2006-02-01,2006-02-01 00:00:00,final_action,C,C,0.0
2,2006-02-01,2006-02-01 00:00:00,final_action,C,C,0.0
3,2001-03-15,2006-02-01 00:00:00,final_action,15MAR01,F,4.884325804243669
4,2006-02-01,2006-02-01 00:00:00,final_action,C,C,0.0
4,2005-08-01,2005-08-01 00:00:00,final_action,C,C,0.0
3,,2005-08-01 00:00:00,final_action,U,U,
2,2005-08-01,2005-08-01 00:00:00,final_action,C,C,0.0
1,2005-08-01,2005-08-01 00:00:00,final_action,C,C,0.0
1,2005-06-01,2005-06-01 00:00:00,final_action,C,C,0.0
3,2005-06-01,2005-06-01 00:00:00,final_action,C,C,0.0
4,2005-06-01,2005-06-01 00:00:00,final_action,C,C,0.0
2,2005-06-01,2005-06-01 00:00:00,final_action,C,C,0.0
3,2005-05-01,2005-05-01 00:00:00,final_action,C,C,0.0
4,2005-05-01,2005-05-01 00:00:00,final_action,C,C,0.0
2,2005-05-01,2005-05-01 00:00:00,final_action,C,C,0.0
1,2005-05-01,2005-05-01 00:00:00,final_action,C,C,0.0
2,2005-04-01,2005-04-01 00:00:00,final_action,C,C,0.0
3,2005-04-01,2005-04-01 00:00:00,final_action,C,C,0.0
4,2005-04-01,2005-04-01 00:00:00,final_action,C,C,0.0
1,2005-04-01,2005-04-01 00:00:00,final_action,C,C,0.0
1,2004-12-01,2004-12-01 00:00:00,final_action,C,C,0.0
2,2004-12-01,2004-12-01 00:00:00,final_action,C,C,0.0
3,2004-12-01,2004-12-01 00:00:00,final_action,C,C,0.0
4,2004-12-01,2004-12-01 00:00:00,final_action,C,C,0.0
3,2004-11-01,2004-11-01 00:00:00,final_action,C,C,0.0
4,2004-11-01,2004-11-01 00:00:00,final_action,C,C,0.0
2,2004-11-01,2004-11-01 00:00:00,final_action,C,C,0.0
1,2004-11-01,2004-11-01 00:00:00,final_action,C,C,0.0
1,2004-10-01,2004-10-01 00:00:00,final_action,C,C,0.0
3,2004-10-01,2004-10-01 00:00:00,final_action,C,C,0.0
4,2004-10-01,2004-10-01 00:00:00,final_action,C,C,0.0
2,2004-10-01,2004-10-01 00:00:00,final_action,C,C,0.0
1,2004-09-01,2004-09-01 00:00:00,final_action,C,C,0.0
2,2004-09-01,2004-09-01 00:00:00,final_action,C,C,0.0
3,2004-09-01,2004-09-01 00:00:00,final_action,C,C,0.0
4,2004-09-01,2004-09-01 00:00:00,final_action,C,C,0.0
2,2004-08-01,2004-08-01 00:00:00,final_action,C,C,0.0
4,2004-08-01,2004-08-01 00:00:00,final_action,C,C,0.0
1,2004-08-01,2004-08-01 00:00:00,final_action,C,C,0.0
3,2004-08-01,2004-08-01 00:00:00,final_action,C,C,0.0
1,2004-07-01,2004-07-01 00:00:00,final_action,C,C,0.0
2,2004-07-01,2004-07-01 00:00:00,final_action,C,C,0.0
3,2004-07-01,2004-07-01 00:00:00,final_action,C,C,0.0
4,2004-07-01,2004-07-01 00:00:00,final_action,C,C,0.0
1,2004-04-01,2004-04-01 00:00:00,final_action,C,C,0.0
2,2004-04-01,2004-04-01 00:00:00,final_action,C,C,0.0
3,2004-04-01,2004-04-01 00:00:00,final_action,C,C,0.0
4,2004-04-01,2004-04-01 00:00:00,final_action,C,C,0.0
3,2004-03-01,2004-03-01 00:00:00,final_action,C,C,0.0
4,2004-03-01,2004-03-01 00:00:00,final_action,C,C,0.0
2,2004-03-01,2004-03-01 00:00:00,final_action,C,C,0.0
1,2004-03-01,2004-03-01 00:00:00,final_action,C,C,0.0
2,2004-02-01,2004-02-01 00:00:00,final_action,C,C,0.0
3,2004-02-01,2004-02-01 00:00:00,final_action,C,C,0.0
4,2004-02-01,2004-02-01 00:00:00,final_action,C,C,0.0
1,2004-02-01,2004-02-01 00:00:00,final_action,C,C,0.0
1,2004-01-01,2004-01-01 00:00:00,final_action,C,C,0.0
2,2004-01-01,2004-01-01 00:00:00,final_action,C,C,0.0
3,2004-01-01,2004-01-01 00:00:00,final_action,C,C,0.0
4,2004-01-01,2004-01-01 00:00:00,final_action,C,C,0.0
3,2003-12-01,2003-12-01 00:00:00,final_action,C,C,0.0
4,2003-12-01,2003-12-01 00:00:00,final_action,C,C,0.0
2,2003-12-01,2003-12-01 00:00:00,final_action,C,C,0.0
1,2003-12-01,2003-12-01 00:00:00,final_action,C,C,0.0
1,2003-11-01,2003-11-01 00:00:00,final_action,C,C,0.0
2,2003-11-01,2003-11-01 00:00:00,final_action,C,C,0.0
3,2003-11-01,2003-11-01 00:00:00,final_action,C,C,0.0
4,2003-11-01,2003-11-01 00:00:00,final_action,C,C,0.0
1,2003-10-01,2003-10-01 00:00:00,final_action,C,C,0.0
2,2003-10-01,2003-10-01 00:00:00,final_action,C,C,0.0
3,2003-10-01,2003-10-01 00:00:00,final_action,C,C,0.0
4,2003-10-01,2003-10-01 00:00:00,final_action,C,C,0.0
