EB_level,final_action_dates,visa_bulletin_date,raw_value,status,visa_wait_time
1,2026-06-01,2026-06-01 00:00:00,C,C,0.0
4,2022-07-15,2026-06-01 00:00:00,15JUL22,F,3.8795345653661877
2,2026-06-01,2026-06-01 00:00:00,C,C,0.0
3,2023-08-01,2026-06-01 00:00:00,01AUG23,F,2.833675564681725
2,2026-05-01,2026-05-01 00:00:00,C,C,0.0
3,2023-08-01,2026-05-01 00:00:00,01AUG23,F,2.74880219028063
4,2022-07-15,2026-05-01 00:00:00,15JUL22,F,3.7946611909650922
1,2026-05-01,2026-05-01 00:00:00,C,C,0.0
1,2026-04-01,2026-04-01 00:00:00,C,C,0.0
2,2026-04-01,2026-04-01 00:00:00,C,C,0.0
3,2023-08-01,2026-04-01 00:00:00,01AUG23,F,2.6666666666666665
4,2022-07-15,2026-04-01 00:00:00,15JUL22,F,3.7125256673511293
4,2021-07-15,2026-03-01 00:00:00,15JUL21,F,4.6269678302532515
3,2023-08-01,2026-03-01 00:00:00,01AUG23,F,2.5817932922655715
2,2024-10-15,2026-03-01 00:00:00,15OCT24,F,1.374401095140315
1,2026-03-01,2026-03-01 00:00:00,C,C,0.0
2,2024-04-01,2026-02-01 00:00:00,01APR24,F,1.83709787816564
3,2023-06-01,2026-02-01 00:00:00,01JUN23,F,2.6721423682409307
4,2021-01-01,2026-02-01 00:00:00,01JAN21,F,5.084188911704312
1,2026-02-01,2026-02-01 00:00:00,C,C,0.0
1,2026-01-01,2026-01-01 00:00:00,C,C,0.0
2,2024-04-01,2026-01-01 00:00:00,01APR24,F,1.7522245037645447
3,2023-04-22,2026-01-01 00:00:00,22APR23,F,2.6967830253251197
4,2021-01-01,2026-01-01 00:00:00,01JAN21,F,4.999315537303217
1,2025-12-01,2025-12-01 00:00:00,C,C,0.0
2,2024-02-01,2025-12-01 00:00:00,01FEB24,F,1.8316221765913758
3,2023-04-15,2025-12-01 00:00:00,15APR23,F,2.631074606433949
4,2020-09-01,2025-12-01 00:00:00,01SEP20,F,5.248459958932238
3,2023-04-01,2025-11-01 00:00:00,01APR23,F,2.5872689938398357
4,2020-07-01,2025-11-01 00:00:00,01JUL20,F,5.336071184120465
2,2023-12-01,2025-11-01 00:00:00,01DEC23,F,1.919233401779603
1,2025-11-01,2025-11-01 00:00:00,C,C,0.0
1,2025-10-01,2025-10-01 00:00:00,C,C,0.0
2,2023-12-01,2025-10-01 00:00:00,01DEC23,F,1.834360027378508
3,2023-04-01,2025-10-01 00:00:00,01APR23,F,2.5023956194387407
4,2020-07-01,2025-10-01 00:00:00,01JUL20,F,5.25119780971937
1,2025-09-01,2025-09-01 00:00:00,C,C,0.0
2,2023-09-01,2025-09-01 00:00:00,01SEP23,F,2.001368925393566
3,2023-02-08,2025-09-01 00:00:00,08FEB23,F,2.5626283367556466
4,,2025-09-01 00:00:00,U,U,
1,2025-08-01,2025-08-01 00:00:00,C,C,0.0
2,2023-09-01,2025-08-01 00:00:00,01SEP23,F,1.9164955509924708
3,2023-02-08,2025-08-01 00:00:00,08FEB23,F,2.4777549623545516
4,,2025-08-01 00:00:00,U,U,
4,,2025-07-01 00:00:00,U,U,
3,2023-02-08,2025-07-01 00:00:00,08FEB23,F,2.3928815879534566
2,2023-10-15,2025-07-01 00:00:00,15OCT23,F,1.7111567419575633
1,2025-07-01,2025-07-01 00:00:00,C,C,0.0
1,2025-06-01,2025-06-01 00:00:00,C,C,0.0
2,2023-10-15,2025-06-01 00:00:00,15OCT23,F,1.6290212183436004
3,2023-02-08,2025-06-01 00:00:00,08FEB23,F,2.3107460643394937
4,,2025-06-01 00:00:00,U,U,
1,2025-05-01,2025-05-01 00:00:00,C,C,0.0
2,2023-06-22,2025-05-01 00:00:00,22JUN23,F,1.8590006844626967
3,2023-01-01,2025-05-01 00:00:00,01JAN23,F,2.329911019849418
4,,2025-05-01 00:00:00,U,U,
1,2025-04-01,2025-04-01 00:00:00,C,C,0.0
2,2023-06-22,2025-04-01 00:00:00,22JUN23,F,1.7768651608487338
3,2023-01-01,2025-04-01 00:00:00,01JAN23,F,2.2477754962354553
4,,2025-04-01 00:00:00,U,U,
3,2022-12-01,2025-03-01 00:00:00,01DEC22,F,2.2477754962354553
4,2019-08-01,2025-03-01 00:00:00,01AUG19,F,5.582477754962355
2,2023-05-15,2025-03-01 00:00:00,15MAY23,F,1.7960301163586585
1,2025-03-01,2025-03-01 00:00:00,C,C,0.0
1,2025-02-01,2025-02-01 00:00:00,C,C,0.0
2,2023-04-01,2025-02-01 00:00:00,01APR23,F,1.839835728952772
3,2022-12-01,2025-02-01 00:00:00,01DEC22,F,2.1711156741957565
4,2021-01-01,2025-02-01 00:00:00,01JAN21,F,4.084873374401095
1,2025-01-01,2025-01-01 00:00:00,C,C,0.0
2,2023-04-01,2025-01-01 00:00:00,01APR23,F,1.754962354551677
3,2022-12-01,2025-01-01 00:00:00,01DEC22,F,2.086242299794661
4,2021-01-01,2025-01-01 00:00:00,01JAN21,F,4.0
1,2024-12-01,2024-12-01 00:00:00,C,C,0.0
2,2023-03-15,2024-12-01 00:00:00,15MAR23,F,1.7166324435318274
3,2022-11-15,2024-12-01 00:00:00,15NOV22,F,2.0451745379876796
4,2021-01-01,2024-12-01 00:00:00,01JAN21,F,3.915126625598905
4,2021-01-01,2024-11-01 00:00:00,01JAN21,F,3.8329911019849416
3,2022-11-15,2024-11-01 00:00:00,15NOV22,F,1.9630390143737166
2,2023-03-15,2024-11-01 00:00:00,15MAR23,F,1.6344969199178645
1,2024-11-01,2024-11-01 00:00:00,C,C,0.0
1,2024-10-01,2024-10-01 00:00:00,C,C,0.0
2,2023-03-15,2024-10-01 00:00:00,15MAR23,F,1.5496235455167693
3,2022-11-15,2024-10-01 00:00:00,15NOV22,F,1.8781656399726214
4,2021-01-01,2024-10-01 00:00:00,01JAN21,F,3.7481177275838466
1,2024-09-01,2024-09-01 00:00:00,C,C,0.0
2,2023-03-15,2024-09-01 00:00:00,15MAR23,F,1.4674880219028064
3,2020-12-01,2024-09-01 00:00:00,01DEC20,F,3.7508555783709787
4,2021-01-01,2024-09-01 00:00:00,01JAN21,F,3.6659822039698837
3,2021-12-01,2024-08-01 00:00:00,01DEC21,F,2.6666666666666665
4,2021-01-01,2024-08-01 00:00:00,01JAN21,F,3.5811088295687883
2,2023-03-15,2024-08-01 00:00:00,15MAR23,F,1.3826146475017111
1,2024-08-01,2024-08-01 00:00:00,C,C,0.0
3,2021-12-01,2024-07-01 00:00:00,01DEC21,F,2.5817932922655715
4,2021-01-01,2024-07-01 00:00:00,01JAN21,F,3.4962354551676933
1,2024-07-01,2024-07-01 00:00:00,C,C,0.0
2,2023-03-15,2024-07-01 00:00:00,15MAR23,F,1.297741273100616
2,2023-01-15,2024-06-01 00:00:00,15JAN23,F,1.377138945927447
3,2022-11-22,2024-06-01 00:00:00,22NOV22,F,1.5249828884325805
4,2020-11-01,2024-06-01 00:00:00,01NOV20,F,3.5811088295687883
1,2024-06-01,2024-06-01 00:00:00,C,C,0.0
1,2024-05-01,2024-05-01 00:00:00,C,C,0.0
2,2023-01-15,2024-05-01 00:00:00,15JAN23,F,1.2922655715263518
3,2022-11-22,2024-05-01 00:00:00,22NOV22,F,1.4401095140314852
4,2020-11-01,2024-05-01 00:00:00,01NOV20,F,3.4962354551676933
3,2022-11-22,2024-04-01 00:00:00,22NOV22,F,1.3579739904175223
4,2020-11-01,2024-04-01 00:00:00,01NOV20,F,3.4140999315537304
2,2023-01-15,2024-04-01 00:00:00,15JAN23,F,1.2101300479123889
1,2024-04-01,2024-04-01 00:00:00,C,C,0.0
1,2024-03-01,2024-03-01 00:00:00,C,C,0.0
2,2022-11-22,2024-03-01 00:00:00,22NOV22,F,1.273100616016427
3,2022-09-08,2024-03-01 00:00:00,08SEP22,F,1.4784394250513346
4,2019-12-01,2024-03-01 00:00:00,01DEC19,F,4.249144421629021
1,2024-02-01,2024-02-01 00:00:00,C,C,0.0
2,2022-11-15,2024-02-01 00:00:00,15NOV22,F,1.212867898699521
3,2022-09-01,2024-02-01 00:00:00,01SEP22,F,1.4182067077344285
4,2019-05-15,2024-02-01 00:00:00,15MAY19,F,4.717316906228611
1,2024-01-01,2024-01-01 00:00:00,C,C,0.0
2,2022-11-01,2024-01-01 00:00:00,01NOV22,F,1.1663244353182751
3,2022-08-01,2024-01-01 00:00:00,01AUG22,F,1.4182067077344285
4,2019-05-15,2024-01-01 00:00:00,15MAY19,F,4.632443531827516
3,2021-12-01,2023-12-01 00:00:00,01DEC21,F,1.998631074606434
4,2019-01-01,2023-12-01 00:00:00,01JAN19,F,4.914442162902122
1,2023-12-01,2023-12-01 00:00:00,C,C,0.0
2,2022-07-15,2023-12-01 00:00:00,15JUL22,F,1.379876796714579
2,2022-07-15,2023-11-01 00:00:00,15JUL22,F,1.297741273100616
3,2021-12-01,2023-11-01 00:00:00,01DEC21,F,1.9164955509924708
4,2019-01-01,2023-11-01 00:00:00,01JAN19,F,4.832306639288158
1,2023-11-01,2023-11-01 00:00:00,C,C,0.0
1,2023-10-01,2023-10-01 00:00:00,C,C,0.0
2,2022-07-08,2023-10-01 00:00:00,08JUL22,F,1.2320328542094456
3,2021-12-01,2023-10-01 00:00:00,01DEC21,F,1.8316221765913758
4,2019-01-01,2023-10-01 00:00:00,01JAN19,F,4.747433264887063
1,2023-08-01,2023-09-01 00:00:00,01AUG23,F,0.08487337440109514
2,2022-07-01,2023-09-01 00:00:00,01JUL22,F,1.1690622861054072
3,2020-05-01,2023-09-01 00:00:00,01MAY20,F,3.3347022587268995
4,2018-09-01,2023-09-01 00:00:00,01SEP18,F,4.999315537303217
4,2018-09-01,2023-08-01 00:00:00,01SEP18,F,4.914442162902122
3,2020-05-01,2023-08-01 00:00:00,01MAY20,F,3.249828884325804
2,2022-04-01,2023-08-01 00:00:00,01APR22,F,1.3333333333333333
1,2023-08-01,2023-08-01 00:00:00,01AUG23,F,0.0
1,2023-07-01,2023-07-01 00:00:00,C,C,0.0
2,2022-02-15,2023-07-01 00:00:00,15FEB22,F,1.3716632443531827
3,2022-02-01,2023-07-01 00:00:00,01FEB22,F,1.4099931553730323
4,2018-09-01,2023-07-01 00:00:00,01SEP18,F,4.829568788501026
1,2023-06-01,2023-06-01 00:00:00,C,C,0.0
2,2022-02-15,2023-06-01 00:00:00,15FEB22,F,1.2895277207392197
3,2022-06-01,2023-06-01 00:00:00,01JUN22,F,0.999315537303217
4,2018-09-01,2023-06-01 00:00:00,01SEP18,F,4.747433264887063
1,2023-05-01,2023-05-01 00:00:00,C,C,0.0
2,2022-02-15,2023-05-01 00:00:00,15FEB22,F,1.2046543463381245
3,2022-06-01,2023-05-01 00:00:00,01JUN22,F,0.9144421629021219
4,2018-09-01,2023-05-01 00:00:00,01SEP18,F,4.662559890485968
3,2023-04-01,2023-04-01 00:00:00,C,C,0.0
4,2018-09-01,2023-04-01 00:00:00,01SEP18,F,4.5804243668720055
1,2023-04-01,2023-04-01 00:00:00,C,C,0.0
2,2022-07-01,2023-04-01 00:00:00,01JUL22,F,0.7501711156741958
2,2022-11-01,2023-03-01 00:00:00,01NOV22,F,0.32854209445585214
3,2023-03-01,2023-03-01 00:00:00,C,C,0.0
4,2022-02-01,2023-03-01 00:00:00,01FEB22,F,1.0759753593429158
1,2023-03-01,2023-03-01 00:00:00,C,C,0.0
1,2023-02-01,2023-02-01 00:00:00,C,C,0.0
2,2022-11-01,2023-02-01 00:00:00,01NOV22,F,0.2518822724161533
3,2023-02-01,2023-02-01 00:00:00,C,C,0.0
4,2022-06-22,2023-02-01 00:00:00,22JUN22,F,0.6132785763175906
1,2023-01-01,2023-01-01 00:00:00,C,C,0.0
2,2022-11-01,2023-01-01 00:00:00,01NOV22,F,0.16700889801505817
3,2023-01-01,2023-01-01 00:00:00,C,C,0.0
4,2022-06-22,2023-01-01 00:00:00,22JUN22,F,0.5284052019164955
3,2022-12-01,2022-12-01 00:00:00,C,C,0.0
4,2022-06-22,2022-12-01 00:00:00,22JUN22,F,0.44353182751540043
1,2022-12-01,2022-12-01 00:00:00,C,C,0.0
2,2022-11-01,2022-12-01 00:00:00,01NOV22,F,0.08213552361396304
1,2022-11-01,2022-11-01 00:00:00,C,C,0.0
2,2022-11-01,2022-11-01 00:00:00,C,C,0.0
3,2022-11-01,2022-11-01 00:00:00,C,C,0.0
4,2022-11-01,2022-11-01 00:00:00,C,C,0.0
1,2022-10-01,2022-10-01 00:00:00,C,C,0.0
2,2022-10-01,2022-10-01 00:00:00,C,C,0.0
3,2022-10-01,2022-10-01 00:00:00,C,C,0.0
4,2022-10-01,2022-10-01 00:00:00,C,C,0.0
4,2022-09-01,2022-09-01 00:00:00,C,C,0.0
3,2022-09-01,2022-09-01 00:00:00,C,C,0.0
2,2022-09-01,2022-09-01 00:00:00,C,C,0.0
1,2022-09-01,2022-09-01 00:00:00,C,C,0.0
1,2022-08-01,2022-08-01 00:00:00,C,C,0.0
3,2022-08-01,2022-08-01 00:00:00,C,C,0.0
4,2022-08-01,2022-08-01 00:00:00,C,C,0.0
2,2022-08-01,2022-08-01 00:00:00,C,C,0.0
1,2022-07-01,2022-07-01 00:00:00,C,C,0.0
2,2022-07-01,2022-07-01 00:00:00,C,C,0.0
3,2022-07-01,2022-07-01 00:00:00,C,C,0.0
4,2022-07-01,2022-07-01 00:00:00,C,C,0.0
3,2022-06-01,2022-06-01 00:00:00,C,C,0.0
4,2022-06-01,2022-06-01 00:00:00,C,C,0.0
2,2022-06-01,2022-06-01 00:00:00,C,C,0.0
1,2022-06-01,2022-06-01 00:00:00,C,C,0.0
2,2022-05-01,2022-05-01 00:00:00,C,C,0.0
3,2022-05-01,2022-05-01 00:00:00,C,C,0.0
4,2022-05-01,2022-05-01 00:00:00,C,C,0.0
1,2022-05-01,2022-05-01 00:00:00,C,C,0.0
1,2022-04-01,2022-04-01 00:00:00,C,C,0.0
2,2022-04-01,2022-04-01 00:00:00,C,C,0.0
3,2022-04-01,2022-04-01 00:00:00,C,C,0.0
4,2022-04-01,2022-04-01 00:00:00,C,C,0.0
1,2022-03-01,2022-03-01 00:00:00,C,C,0.0
2,2022-03-01,2022-03-01 00:00:00,C,C,0.0
3,2022-03-01,2022-03-01 00:00:00,C,C,0.0
4,2022-03-01,2022-03-01 00:00:00,C,C,0.0
3,2022-02-01,2022-02-01 00:00:00,C,C,0.0
4,2022-02-01,2022-02-01 00:00:00,C,C,0.0
2,2022-02-01,2022-02-01 00:00:00,C,C,0.0
1,2022-02-01,2022-02-01 00:00:00,C,C,0.0
1,2022-01-01,2022-01-01 00:00:00,C,C,0.0
2,2022-01-01,2022-01-01 00:00:00,C,C,0.0
3,2022-01-01,2022-01-01 00:00:00,C,C,0.0
4,2022-01-01,2022-01-01 00:00:00,C,C,0.0
1,2021-12-01,2021-12-01 00:00:00,C,C,0.0
2,2021-12-01,2021-12-01 00:00:00,C,C,0.0
3,2021-12-01,2021-12-01 00:00:00,C,C,0.0
4,2021-12-01,2021-12-01 00:00:00,C,C,0.0
1,2021-11-01,2021-11-01 00:00:00,C,C,0.0
2,2021-11-01,2021-11-01 00:00:00,C,C,0.0
3,2021-11-01,2021-11-01 00:00:00,C,C,0.0
4,2021-11-01,2021-11-01 00:00:00,C,C,0.0
3,2021-10-01,2021-10-01 00:00:00,C,C,0.0
4,2021-10-01,2021-10-01 00:00:00,C,C,0.0
2,2021-10-01,2021-10-01 00:00:00,C,C,0.0
1,2021-10-01,2021-10-01 00:00:00,C,C,0.0
1,2021-09-01,2021-09-01 00:00:00,C,C,0.0
2,2021-09-01,2021-09-01 00:00:00,C,C,0.0
3,2021-09-01,2021-09-01 00:00:00,C,C,0.0
4,2021-09-01,2021-09-01 00:00:00,C,C,0.0
1,2021-08-01,2021-08-01 00:00:00,C,C,0.0
2,2021-08-01,2021-08-01 00:00:00,C,C,0.0
3,2021-08-01,2021-08-01 00:00:00,C,C,0.0
4,2021-08-01,2021-08-01 00:00:00,C,C,0.0
1,2021-07-01,2021-07-01 00:00:00,C,C,0.0
2,2021-07-01,2021-07-01 00:00:00,C,C,0.0
3,2021-07-01,2021-07-01 00:00:00,C,C,0.0
4,2021-07-01,2021-07-01 00:00:00,C,C,0.0
4,2021-06-01,2021-06-01 00:00:00,C,C,0.0
3,2021-06-01,2021-06-01 00:00:00,C,C,0.0
2,2021-06-01,2021-06-01 00:00:00,C,C,0.0
1,2021-06-01,2021-06-01 00:00:00,C,C,0.0
1,2021-05-01,2021-05-01 00:00:00,C,C,0.0
3,2021-05-01,2021-05-01 00:00:00,C,C,0.0
4,2021-05-01,2021-05-01 00:00:00,C,C,0.0
2,2021-05-01,2021-05-01 00:00:00,C,C,0.0
1,2021-04-01,2021-04-01 00:00:00,C,C,0.0
2,2021-04-01,2021-04-01 00:00:00,C,C,0.0
3,2021-04-01,2021-04-01 00:00:00,C,C,0.0
4,2021-04-01,2021-04-01 00:00:00,C,C,0.0
1,2021-03-01,2021-03-01 00:00:00,C,C,0.0
2,2021-03-01,2021-03-01 00:00:00,C,C,0.0
3,2021-03-01,2021-03-01 00:00:00,C,C,0.0
4,2021-03-01,2021-03-01 00:00:00,C,C,0.0
3,2021-02-01,2021-02-01 00:00:00,C,C,0.0
4,2021-02-01,2021-02-01 00:00:00,C,C,0.0
2,2021-02-01,2021-02-01 00:00:00,C,C,0.0
1,2021-02-01,2021-02-01 00:00:00,C,C,0.0
1,2021-01-01,2021-01-01 00:00:00,C,C,0.0
2,2021-01-01,2021-01-01 00:00:00,C,C,0.0
3,2021-01-01,2021-01-01 00:00:00,C,C,0.0
4,2021-01-01,2021-01-01 00:00:00,C,C,0.0
1,2020-12-01,2020-12-01 00:00:00,C,C,0.0
2,2020-12-01,2020-12-01 00:00:00,C,C,0.0
3,2020-12-01,2020-12-01 00:00:00,C,C,0.0
4,2020-12-01,2020-12-01 00:00:00,C,C,0.0
1,2020-11-01,2020-11-01 00:00:00,C,C,0.0
2,2020-11-01,2020-11-01 00:00:00,C,C,0.0
3,2020-11-01,2020-11-01 00:00:00,C,C,0.0
4,2020-11-01,2020-11-01 00:00:00,C,C,0.0
3,2020-10-01,2020-10-01 00:00:00,C,C,0.0
4,2020-10-01,2020-10-01 00:00:00,C,C,0.0
1,2020-10-01,2020-10-01 00:00:00,C,C,0.0
2,2020-10-01,2020-10-01 00:00:00,C,C,0.0
2,2020-09-01,2020-09-01 00:00:00,C,C,0.0
3,2019-04-01,2020-09-01 00:00:00,01APR19,F,1.4209445585215605
4,2020-09-01,2020-09-01 00:00:00,C,C,0.0
1,2020-09-01,2020-09-01 00:00:00,C,C,0.0
1,2020-08-01,2020-08-01 00:00:00,C,C,0.0
2,2020-08-01,2020-08-01 00:00:00,C,C,0.0
3,2019-04-01,2020-08-01 00:00:00,01APR19,F,1.3360711841204653
4,2020-08-01,2020-08-01 00:00:00,C,C,0.0
1,2020-07-01,2020-07-01 00:00:00,C,C,0.0
2,2020-07-01,2020-07-01 00:00:00,C,C,0.0
3,2018-04-15,2020-07-01 00:00:00,15APR18,F,2.212183436002738
4,2020-07-01,2020-07-01 00:00:00,C,C,0.0
3,2017-11-08,2020-06-01 00:00:00,08NOV17,F,2.5626283367556466
4,2020-06-01,2020-06-01 00:00:00,C,C,0.0
1,2020-06-01,2020-06-01 00:00:00,C,C,0.0
2,2020-06-01,2020-06-01 00:00:00,C,C,0.0
1,2020-05-01,2020-05-01 00:00:00,C,C,0.0
2,2020-05-01,2020-05-01 00:00:00,C,C,0.0
3,2017-01-01,2020-05-01 00:00:00,01JAN17,F,3.3292265571526354
4,2020-05-01,2020-05-01 00:00:00,C,C,0.0
1,2019-06-01,2020-04-01 00:00:00,01JUN19,F,0.8350444900752909
2,2020-04-01,2020-04-01 00:00:00,C,C,0.0
3,2017-01-01,2020-04-01 00:00:00,01JAN17,F,3.247091033538672
4,2020-04-01,2020-04-01 00:00:00,C,C,0.0
4,2020-03-01,2020-03-01 00:00:00,C,C,0.0
3,2017-01-01,2020-03-01 00:00:00,01JAN17,F,3.162217659137577
2,2020-03-01,2020-03-01 00:00:00,C,C,0.0
1,2019-03-01,2020-03-01 00:00:00,01MAR19,F,1.002053388090349
1,2018-12-01,2020-02-01 00:00:00,01DEC18,F,1.1690622861054072
3,2018-06-01,2020-02-01 00:00:00,01JUN18,F,1.6700889801505818
4,2020-02-01,2020-02-01 00:00:00,C,C,0.0
2,2020-02-01,2020-02-01 00:00:00,C,C,0.0
1,2018-10-01,2020-01-01 00:00:00,01OCT18,F,1.2511978097193703
2,2020-01-01,2020-01-01 00:00:00,C,C,0.0
3,2018-03-15,2020-01-01 00:00:00,15MAR18,F,1.7987679671457906
4,2020-01-01,2020-01-01 00:00:00,C,C,0.0
3,2018-03-01,2019-12-01 00:00:00,01MAR18,F,1.7522245037645447
4,2019-12-01,2019-12-01 00:00:00,C,C,0.0
2,2019-12-01,2019-12-01 00:00:00,C,C,0.0
1,2018-07-15,2019-12-01 00:00:00,15JUL18,F,1.379876796714579
2,2019-11-01,2019-11-01 00:00:00,C,C,0.0
3,2018-02-01,2019-11-01 00:00:00,01FEB18,F,1.7467488021902806
4,2019-11-01,2019-11-01 00:00:00,C,C,0.0
1,2018-06-01,2019-11-01 00:00:00,01JUN18,F,1.4182067077344285
1,2018-04-22,2019-10-01 00:00:00,22APR18,F,1.4428473648186173
2,2019-10-01,2019-10-01 00:00:00,C,C,0.0
3,2017-10-15,2019-10-01 00:00:00,15OCT17,F,1.9603011635865846
4,2019-10-01,2019-10-01 00:00:00,C,C,0.0
1,2017-10-01,2019-09-01 00:00:00,01OCT17,F,1.9164955509924708
2,2018-01-01,2019-09-01 00:00:00,01JAN18,F,1.6646132785763177
3,2016-07-01,2019-09-01 00:00:00,01JUL16,F,3.167693360711841
4,,2019-09-01 00:00:00,U,U,
3,2016-07-01,2019-08-01 00:00:00,01JUL16,F,3.082819986310746
4,2019-08-01,2019-08-01 00:00:00,C,C,0.0
2,2017-01-01,2019-08-01 00:00:00,01JAN17,F,2.5790554414784395
1,2016-07-01,2019-08-01 00:00:00,01JUL16,F,3.082819986310746
1,2018-04-22,2019-07-01 00:00:00,22APR18,F,1.1909650924024642
2,2019-07-01,2019-07-01 00:00:00,C,C,0.0
3,2019-07-01,2019-07-01 00:00:00,C,C,0.0
4,2019-07-01,2019-07-01 00:00:00,C,C,0.0
1,2018-04-22,2019-06-01 00:00:00,22APR18,F,1.108829568788501
2,2019-06-01,2019-06-01 00:00:00,C,C,0.0
3,2018-11-01,2019-06-01 00:00:00,01NOV18,F,0.5804243668720055
4,2019-06-01,2019-06-01 00:00:00,C,C,0.0
1,2018-03-01,2019-05-01 00:00:00,01MAR18,F,1.1663244353182751
2,2019-05-01,2019-05-01 00:00:00,C,C,0.0
3,2018-06-01,2019-05-01 00:00:00,01JUN18,F,0.9144421629021219
4,2019-05-01,2019-05-01 00:00:00,C,C,0.0
3,2018-03-01,2019-04-01 00:00:00,01MAR18,F,1.0841889117043122
4,2019-04-01,2019-04-01 00:00:00,C,C,0.0
2,2019-04-01,2019-04-01 00:00:00,C,C,0.0
1,2018-02-01,2019-04-01 00:00:00,01FEB18,F,1.160848733744011
1,2018-01-01,2019-03-01 00:00:00,01JAN18,F,1.160848733744011
2,2019-03-01,2019-03-01 00:00:00,C,C,0.0
3,2017-12-01,2019-03-01 00:00:00,01DEC17,F,1.2457221081451062
4,2019-03-01,2019-03-01 00:00:00,C,C,0.0
1,2017-12-01,2019-02-01 00:00:00,01DEC17,F,1.1690622861054072
2,2019-02-01,2019-02-01 00:00:00,C,C,0.0
3,2017-08-01,2019-02-01 00:00:00,01AUG17,F,1.5030800821355237
4,2019-02-01,2019-02-01 00:00:00,C,C,0.0
1,2017-10-01,2019-01-01 00:00:00,01OCT17,F,1.2511978097193703
2,2019-01-01,2019-01-01 00:00:00,C,C,0.0
3,2017-06-22,2019-01-01 00:00:00,22JUN17,F,1.5277207392197125
4,2019-01-01,2019-01-01 00:00:00,C,C,0.0
3,2017-06-15,2018-12-01 00:00:00,15JUN17,F,1.462012320328542
4,2018-12-01,2018-12-01 00:00:00,C,C,0.0
2,2018-12-01,2018-12-01 00:00:00,C,C,0.0
1,2017-07-01,2018-12-01 00:00:00,01JUL17,F,1.4182067077344285
1,2017-04-01,2018-11-01 00:00:00,01APR17,F,1.5852156057494866
4,2018-11-01,2018-11-01 00:00:00,C,C,0.0
2,2018-11-01,2018-11-01 00:00:00,C,C,0.0
3,2017-06-08,2018-11-01 00:00:00,08JUN17,F,1.3990417522245038
1,2017-04-01,2018-10-01 00:00:00,01APR17,F,1.5003422313483916
2,2018-10-01,2018-10-01 00:00:00,C,C,0.0
3,2017-06-01,2018-10-01 00:00:00,01JUN17,F,1.3333333333333333
4,2018-10-01,2018-10-01 00:00:00,C,C,0.0
1,2016-06-01,2018-09-01 00:00:00,01JUN16,F,2.2505133470225873
2,2013-01-01,2018-09-01 00:00:00,01JAN13,F,5.664613278576318
3,2016-11-01,2018-09-01 00:00:00,01NOV16,F,1.8316221765913758
4,2018-09-01,2018-09-01 00:00:00,C,C,0.0
4,2018-08-01,2018-08-01 00:00:00,C,C,0.0
3,2017-06-01,2018-08-01 00:00:00,01JUN17,F,1.1663244353182751
2,2018-08-01,2018-08-01 00:00:00,C,C,0.0
1,2016-05-01,2018-08-01 00:00:00,01MAY16,F,2.2505133470225873
1,2018-07-01,2018-07-01 00:00:00,C,C,0.0
2,2018-07-01,2018-07-01 00:00:00,C,C,0.0
3,2017-01-01,2018-07-01 00:00:00,01JAN17,F,1.4948665297741273
4,2018-07-01,2018-07-01 00:00:00,C,C,0.0
1,2018-06-01,2018-06-01 00:00:00,C,C,0.0
2,2018-06-01,2018-06-01 00:00:00,C,C,0.0
3,2017-01-01,2018-06-01 00:00:00,01JAN17,F,1.4127310061601643
4,2018-06-01,2018-06-01 00:00:00,C,C,0.0
3,2017-01-01,2018-05-01 00:00:00,01JAN17,F,1.3278576317590691
4,2018-05-01,2018-05-01 00:00:00,C,C,0.0
2,2018-05-01,2018-05-01 00:00:00,C,C,0.0
1,2018-05-01,2018-05-01 00:00:00,C,C,0.0
3,2017-01-01,2018-04-01 00:00:00,01JAN17,F,1.2457221081451062
4,2018-04-01,2018-04-01 00:00:00,C,C,0.0
1,2018-04-01,2018-04-01 00:00:00,C,C,0.0
2,2018-04-01,2018-04-01 00:00:00,C,C,0.0
2,2018-03-01,2018-03-01 00:00:00,C,C,0.0
3,2016-05-01,2018-03-01 00:00:00,01MAY16,F,1.8316221765913758
4,2018-03-01,2018-03-01 00:00:00,C,C,0.0
1,2018-03-01,2018-03-01 00:00:00,C,C,0.0
1,2018-02-01,2018-02-01 00:00:00,C,C,0.0
2,2018-02-01,2018-02-01 00:00:00,C,C,0.0
3,2016-03-01,2018-02-01 00:00:00,01MAR16,F,1.9219712525667352
4,2018-02-01,2018-02-01 00:00:00,C,C,0.0
3,2016-02-15,2018-01-01 00:00:00,15FEB16,F,1.8781656399726214
4,2018-01-01,2018-01-01 00:00:00,C,C,0.0
2,2018-01-01,2018-01-01 00:00:00,C,C,0.0
1,2018-01-01,2018-01-01 00:00:00,C,C,0.0
2,2017-12-01,2017-12-01 00:00:00,C,C,0.0
3,2016-01-15,2017-12-01 00:00:00,15JAN16,F,1.8781656399726214
4,2017-12-01,2017-12-01 00:00:00,C,C,0.0
1,2017-12-01,2017-12-01 00:00:00,C,C,0.0
1,2017-11-01,2017-11-01 00:00:00,C,C,0.0
2,2017-11-01,2017-11-01 00:00:00,C,C,0.0
3,2016-01-15,2017-11-01 00:00:00,15JAN16,F,1.7960301163586585
4,2017-11-01,2017-11-01 00:00:00,C,C,0.0
1,2017-10-01,2017-10-01 00:00:00,C,C,0.0
2,2017-10-01,2017-10-01 00:00:00,C,C,0.0
3,2015-12-01,2017-10-01 00:00:00,01DEC15,F,1.834360027378508
4,2017-10-01,2017-10-01 00:00:00,C,C,0.0
3,2015-11-01,2017-09-01 00:00:00,01NOV15,F,1.834360027378508
4,2017-09-01,2017-09-01 00:00:00,C,C,0.0
2,2016-01-01,2017-09-01 00:00:00,01JAN16,F,1.6673511293634498
1,2017-09-01,2017-09-01 00:00:00,C,C,0.0
1,2017-08-01,2017-08-01 00:00:00,C,C,0.0
3,2015-06-01,2017-08-01 00:00:00,01JUN15,F,2.1683778234086244
4,2017-08-01,2017-08-01 00:00:00,C,C,0.0
2,2015-04-01,2017-08-01 00:00:00,01APR15,F,2.3353867214236823
1,2017-07-01,2017-07-01 00:00:00,C,C,0.0
2,2017-07-01,2017-07-01 00:00:00,C,C,0.0
3,2014-05-15,2017-07-01 00:00:00,15MAY14,F,3.1293634496919918
4,2017-07-01,2017-07-01 00:00:00,C,C,0.0
1,2017-06-01,2017-06-01 00:00:00,C,C,0.0
2,2017-06-01,2017-06-01 00:00:00,C,C,0.0
3,2013-05-01,2017-06-01 00:00:00,01MAY13,F,4.084873374401095
4,2017-06-01,2017-06-01 00:00:00,C,C,0.0
2,2017-05-01,2017-05-01 00:00:00,C,C,0.0
4,2017-05-01,2017-05-01 00:00:00,C,C,0.0
1,2017-05-01,2017-05-01 00:00:00,C,C,0.0
3,2013-01-01,2017-05-01 00:00:00,01JAN13,F,4.328542094455853
1,2017-04-01,2017-04-01 00:00:00,C,C,0.0
2,2017-04-01,2017-04-01 00:00:00,C,C,0.0
3,2012-09-15,2017-04-01 00:00:00,15SEP12,F,4.542094455852156
4,2017-04-01,2017-04-01 00:00:00,C,C,0.0
1,2017-03-01,2017-03-01 00:00:00,C,C,0.0
2,2017-03-01,2017-03-01 00:00:00,C,C,0.0
3,2012-03-15,2017-03-01 00:00:00,15MAR12,F,4.960985626283367
4,2017-03-01,2017-03-01 00:00:00,C,C,0.0
1,2017-02-01,2017-02-01 00:00:00,C,C,0.0
2,2017-02-01,2017-02-01 00:00:00,C,C,0.0
3,2011-10-15,2017-02-01 00:00:00,15OCT11,F,5.300479123887748
4,2017-02-01,2017-02-01 00:00:00,C,C,0.0
3,2011-07-22,2017-01-01 00:00:00,22JUL11,F,5.448323066392882
4,2017-01-01,2017-01-01 00:00:00,C,C,0.0
2,2017-01-01,2017-01-01 00:00:00,C,C,0.0
1,2017-01-01,2017-01-01 00:00:00,C,C,0.0
1,2016-12-01,2016-12-01 00:00:00,C,C,0.0
2,2016-12-01,2016-12-01 00:00:00,C,C,0.0
3,2011-06-01,2016-12-01 00:00:00,01JUN11,F,5.503080082135524
4,2016-12-01,2016-12-01 00:00:00,C,C,0.0
1,2016-11-01,2016-11-01 00:00:00,C,C,0.0
2,2016-11-01,2016-11-01 00:00:00,C,C,0.0
3,2011-04-01,2016-11-01 00:00:00,01APR11,F,5.587953456536619
4,2016-11-01,2016-11-01 00:00:00,C,C,0.0
1,2016-10-01,2016-10-01 00:00:00,C,C,0.0
2,2016-10-01,2016-10-01 00:00:00,C,C,0.0
3,2010-12-01,2016-10-01 00:00:00,01DEC10,F,5.834360027378508
4,2016-10-01,2016-10-01 00:00:00,C,C,0.0
4,2016-09-01,2016-09-01 00:00:00,C,C,0.0
3,2010-07-01,2016-09-01 00:00:00,01JUL10,F,6.1711156741957565
2,2014-02-01,2016-09-01 00:00:00,01FEB14,F,2.5817932922655715
1,2016-09-01,2016-09-01 00:00:00,C,C,0.0
1,2016-08-01,2016-08-01 00:00:00,C,C,0.0
2,2014-02-01,2016-08-01 00:00:00,01FEB14,F,2.4969199178644765
3,2009-05-15,2016-08-01 00:00:00,15MAY09,F,7.214236824093087
4,2016-08-01,2016-08-01 00:00:00,C,C,0.0
1,2016-07-01,2016-07-01 00:00:00,C,C,0.0
2,2016-07-01,2016-07-01 00:00:00,C,C,0.0
3,2009-02-15,2016-07-01 00:00:00,15FEB09,F,7.3730321697467485
4,2016-07-01,2016-07-01 00:00:00,C,C,0.0
1,2016-06-01,2016-06-01 00:00:00,C,C,0.0
2,2016-06-01,2016-06-01 00:00:00,C,C,0.0
3,2008-11-01,2016-06-01 00:00:00,01NOV08,F,7.581108829568788
4,2016-06-01,2016-06-01 00:00:00,C,C,0.0
4,2016-05-01,2016-05-01 00:00:00,C,C,0.0
3,2008-08-08,2016-05-01 00:00:00,08AUG08,F,7.728952772073922
2,2016-05-01,2016-05-01 00:00:00,C,C,0.0
1,2016-05-01,2016-05-01 00:00:00,C,C,0.0
1,2016-04-01,2016-04-01 00:00:00,C,C,0.0
4,2016-04-01,2016-04-01 00:00:00,C,C,0.0
2,2016-04-01,2016-04-01 00:00:00,C,C,0.0
3,2008-05-01,2016-04-01 00:00:00,01MAY08,F,7.917864476386037
2,2016-03-01,2016-03-01 00:00:00,C,C,0.0
3,2008-03-15,2016-03-01 00:00:00,15MAR08,F,7.96167008898015
4,2016-03-01,2016-03-01 00:00:00,C,C,0.0
1,2016-03-01,2016-03-01 00:00:00,C,C,0.0
1,2016-02-01,2016-02-01 00:00:00,C,C,0.0
2,2016-02-01,2016-02-01 00:00:00,C,C,0.0
3,2008-01-08,2016-02-01 00:00:00,08JAN08,F,8.06570841889117
4,2016-02-01,2016-02-01 00:00:00,C,C,0.0
1,2015-11-01,2015-11-01 00:00:00,C,C,0.0
2,2015-11-01,2015-11-01 00:00:00,C,C,0.0
3,2007-06-15,2015-11-01 00:00:00,15JUN07,F,8.380561259411362
4,2015-11-01,2015-11-01 00:00:00,C,C,0.0
4,2015-10-01,2015-10-01 00:00:00,C,C,0.0
3,2007-01-01,2015-10-01 00:00:00,01JAN07,F,8.747433264887064
2,2015-10-01,2015-10-01 00:00:00,C,C,0.0
1,2015-10-01,2015-10-01 00:00:00,C,C,0.0
1,2015-09-01,2015-09-01 00:00:00,C,C,0.0
2,2015-09-01,2015-09-01 00:00:00,C,C,0.0
3,2004-12-22,2015-09-01 00:00:00,22DEC04,F,10.691307323750856
4,2015-09-01,2015-09-01 00:00:00,C,C,0.0
1,2015-08-01,2015-08-01 00:00:00,C,C,0.0
2,2015-08-01,2015-08-01 00:00:00,C,C,0.0
3,2004-06-01,2015-08-01 00:00:00,01JUN04,F,11.16495550992471
4,2015-08-01,2015-08-01 00:00:00,C,C,0.0
1,2015-07-01,2015-07-01 00:00:00,C,C,0.0
2,2015-07-01,2015-07-01 00:00:00,C,C,0.0
3,,2015-07-01 00:00:00,U,U,
4,2015-07-01,2015-07-01 00:00:00,C,C,0.0
3,2005-01-01,2015-06-01 00:00:00,01JAN05,F,10.412046543463381
4,2015-06-01,2015-06-01 00:00:00,C,C,0.0
1,2015-06-01,2015-06-01 00:00:00,C,C,0.0
2,2015-06-01,2015-06-01 00:00:00,C,C,0.0
2,2015-05-01,2015-05-01 00:00:00,C,C,0.0
3,2007-07-01,2015-05-01 00:00:00,01JUL07,F,7.832991101984942
4,2015-05-01,2015-05-01 00:00:00,C,C,0.0
1,2015-05-01,2015-05-01 00:00:00,C,C,0.0
1,2015-04-01,2015-04-01 00:00:00,C,C,0.0
2,2015-04-01,2015-04-01 00:00:00,C,C,0.0
3,2014-10-01,2015-04-01 00:00:00,01OCT14,F,0.49828884325804246
4,2015-04-01,2015-04-01 00:00:00,C,C,0.0
1,2015-03-01,2015-03-01 00:00:00,C,C,0.0
2,2015-03-01,2015-03-01 00:00:00,C,C,0.0
3,2014-06-01,2015-03-01 00:00:00,01JUN14,F,0.7474332648870636
4,2015-03-01,2015-03-01 00:00:00,C,C,0.0
3,2014-01-01,2015-02-01 00:00:00,01JAN14,F,1.0841889117043122
4,2015-02-01,2015-02-01 00:00:00,C,C,0.0
1,2015-02-01,2015-02-01 00:00:00,C,C,0.0
2,2015-02-01,2015-02-01 00:00:00,C,C,0.0
1,2015-01-01,2015-01-01 00:00:00,C,C,0.0
2,2015-01-01,2015-01-01 00:00:00,C,C,0.0
3,2013-06-01,2015-01-01 00:00:00,01JUN13,F,1.5852156057494866
4,2015-01-01,2015-01-01 00:00:00,C,C,0.0
1,2014-12-01,2014-12-01 00:00:00,C,C,0.0
2,2014-12-01,2014-12-01 00:00:00,C,C,0.0
3,2012-11-01,2014-12-01 00:00:00,01NOV12,F,2.080766598220397
4,2014-12-01,2014-12-01 00:00:00,C,C,0.0
4,2014-11-01,2014-11-01 00:00:00,C,C,0.0
3,2012-06-01,2014-11-01 00:00:00,01JUN12,F,2.4175222450376452
2,2014-11-01,2014-11-01 00:00:00,C,C,0.0
1,2014-11-01,2014-11-01 00:00:00,C,C,0.0
1,2014-10-01,2014-10-01 00:00:00,C,C,0.0
2,2014-10-01,2014-10-01 00:00:00,C,C,0.0
3,2011-10-01,2014-10-01 00:00:00,01OCT11,F,3.0006844626967832
4,2014-10-01,2014-10-01 00:00:00,C,C,0.0
1,2014-09-01,2014-09-01 00:00:00,C,C,0.0
2,2014-09-01,2014-09-01 00:00:00,C,C,0.0
3,2011-04-01,2014-09-01 00:00:00,01APR11,F,3.4195756331279945
4,2014-09-01,2014-09-01 00:00:00,C,C,0.0
1,2014-08-01,2014-08-01 00:00:00,C,C,0.0
2,2014-08-01,2014-08-01 00:00:00,C,C,0.0
3,2010-06-01,2014-08-01 00:00:00,01JUN10,F,4.167008898015058
4,2014-08-01,2014-08-01 00:00:00,C,C,0.0
4,2014-07-01,2014-07-01 00:00:00,C,C,0.0
3,2009-01-01,2014-07-01 00:00:00,01JAN09,F,5.494866529774128
2,2014-07-01,2014-07-01 00:00:00,C,C,0.0
1,2014-07-01,2014-07-01 00:00:00,C,C,0.0
1,2014-06-01,2014-06-01 00:00:00,C,C,0.0
2,2014-06-01,2014-06-01 00:00:00,C,C,0.0
3,2008-01-01,2014-06-01 00:00:00,01JAN08,F,6.414784394250513
4,2014-06-01,2014-06-01 00:00:00,C,C,0.0
1,2014-05-01,2014-05-01 00:00:00,C,C,0.0
2,2014-05-01,2014-05-01 00:00:00,C,C,0.0
3,2007-11-01,2014-05-01 00:00:00,01NOV07,F,6.496919917864476
4,2014-05-01,2014-05-01 00:00:00,C,C,0.0
1,2014-04-01,2014-04-01 00:00:00,C,C,0.0
2,2014-04-01,2014-04-01 00:00:00,C,C,0.0
3,2007-06-15,2014-04-01 00:00:00,15JUN07,F,6.795345653661875
4,2014-04-01,2014-04-01 00:00:00,C,C,0.0
3,2007-05-01,2014-03-01 00:00:00,01MAY07,F,6.833675564681725
4,2014-03-01,2014-03-01 00:00:00,C,C,0.0
1,2014-03-01,2014-03-01 00:00:00,C,C,0.0
2,2014-03-01,2014-03-01 00:00:00,C,C,0.0
2,2014-02-01,2014-02-01 00:00:00,C,C,0.0
3,2007-04-15,2014-02-01 00:00:00,15APR07,F,6.80082135523614
4,2014-02-01,2014-02-01 00:00:00,C,C,0.0
1,2014-02-01,2014-02-01 00:00:00,C,C,0.0
1,2014-01-01,2014-01-01 00:00:00,C,C,0.0
2,2014-01-01,2014-01-01 00:00:00,C,C,0.0
3,2007-02-15,2014-01-01 00:00:00,15FEB07,F,6.877481177275839
4,2014-01-01,2014-01-01 00:00:00,C,C,0.0
1,2013-12-01,2013-12-01 00:00:00,C,C,0.0
2,2013-12-01,2013-12-01 00:00:00,C,C,0.0
3,2007-01-08,2013-12-01 00:00:00,08JAN07,F,6.896646132785763
4,2013-12-01,2013-12-01 00:00:00,C,C,0.0
3,2006-12-15,2013-11-01 00:00:00,15DEC06,F,6.880219028062971
4,2013-11-01,2013-11-01 00:00:00,C,C,0.0
1,2013-11-01,2013-11-01 00:00:00,C,C,0.0
2,2013-11-01,2013-11-01 00:00:00,C,C,0.0
1,2013-10-01,2013-10-01 00:00:00,C,C,0.0
2,2013-10-01,2013-10-01 00:00:00,C,C,0.0
3,2006-12-15,2013-10-01 00:00:00,15DEC06,F,6.795345653661875
4,2013-10-01,2013-10-01 00:00:00,C,C,0.0
1,2013-09-01,2013-09-01 00:00:00,C,C,0.0
2,2013-09-01,2013-09-01 00:00:00,C,C,0.0
3,2006-12-01,2013-09-01 00:00:00,01DEC06,F,6.751540041067762
4,2013-09-01,2013-09-01 00:00:00,C,C,0.0
4,2013-08-01,2013-08-01 00:00:00,C,C,0.0
3,2006-10-22,2013-08-01 00:00:00,22OCT06,F,6.776180698151951
2,2013-08-01,2013-08-01 00:00:00,C,C,0.0
1,2013-08-01,2013-08-01 00:00:00,C,C,0.0
2,2013-07-01,2013-07-01 00:00:00,C,C,0.0
3,2006-10-01,2013-07-01 00:00:00,01OCT06,F,6.74880219028063
4,2013-07-01,2013-07-01 00:00:00,C,C,0.0
1,2013-07-01,2013-07-01 00:00:00,C,C,0.0
1,2013-06-01,2013-06-01 00:00:00,C,C,0.0
2,2013-06-01,2013-06-01 00:00:00,C,C,0.0
3,2006-09-22,2013-06-01 00:00:00,22SEP06,F,6.691307323750856
4,2013-06-01,2013-06-01 00:00:00,C,C,0.0
1,2013-05-01,2013-05-01 00:00:00,C,C,0.0
2,2013-05-01,2013-05-01 00:00:00,C,C,0.0
3,2006-09-15,2013-05-01 00:00:00,15SEP06,F,6.625598904859685
4,2013-05-01,2013-05-01 00:00:00,C,C,0.0
4,2013-04-01,2013-04-01 00:00:00,C,C,0.0
3,2006-09-08,2013-04-01 00:00:00,08SEP06,F,6.562628336755647
2,2013-04-01,2013-04-01 00:00:00,C,C,0.0
1,2013-04-01,2013-04-01 00:00:00,C,C,0.0
1,2013-03-01,2013-03-01 00:00:00,C,C,0.0
2,2013-03-01,2013-03-01 00:00:00,C,C,0.0
3,2006-09-01,2013-03-01 00:00:00,01SEP06,F,6.496919917864476
4,2013-03-01,2013-03-01 00:00:00,C,C,0.0
1,2013-02-01,2013-02-01 00:00:00,C,C,0.0
2,2013-02-01,2013-02-01 00:00:00,C,C,0.0
3,2006-08-22,2013-02-01 00:00:00,22AUG06,F,6.447638603696099
4,2013-02-01,2013-02-01 00:00:00,C,C,0.0
1,2013-01-01,2013-01-01 00:00:00,C,C,0.0
2,2013-01-01,2013-01-01 00:00:00,C,C,0.0
3,2006-08-15,2013-01-01 00:00:00,15AUG06,F,6.381930184804928
4,2013-01-01,2013-01-01 00:00:00,C,C,0.0
3,2006-08-15,2012-12-01 00:00:00,15AUG06,F,6.297056810403833
4,2012-12-01,2012-12-01 00:00:00,C,C,0.0
1,2012-12-01,2012-12-01 00:00:00,C,C,0.0
2,2012-12-01,2012-12-01 00:00:00,C,C,0.0
2,2012-11-01,2012-11-01 00:00:00,C,C,0.0
3,2006-08-08,2012-11-01 00:00:00,08AUG06,F,6.234086242299795
4,2012-11-01,2012-11-01 00:00:00,C,C,0.0
1,2012-11-01,2012-11-01 00:00:00,C,C,0.0
1,2012-09-01,2012-09-01 00:00:00,C,C,0.0
2,2009-01-01,2012-09-01 00:00:00,01JAN09,F,3.6659822039698837
3,2006-08-01,2012-09-01 00:00:00,01AUG06,F,6.0862422997946615
4,2012-09-01,2012-09-01 00:00:00,C,C,0.0
1,2012-08-01,2012-08-01 00:00:00,C,C,0.0
2,2009-01-01,2012-08-01 00:00:00,01JAN09,F,3.5811088295687883
3,2006-06-15,2012-08-01 00:00:00,15JUN06,F,6.1300479123887746
4,2012-08-01,2012-08-01 00:00:00,C,C,0.0
3,2006-06-08,2012-07-01 00:00:00,08JUN06,F,6.064339493497604
4,2012-07-01,2012-07-01 00:00:00,C,C,0.0
1,2012-07-01,2012-07-01 00:00:00,C,C,0.0
2,2009-01-01,2012-07-01 00:00:00,01JAN09,F,3.4962354551676933
1,2012-06-01,2012-06-01 00:00:00,C,C,0.0
2,2012-06-01,2012-06-01 00:00:00,C,C,0.0
3,2006-05-22,2012-06-01 00:00:00,22MAY06,F,6.028747433264887
4,2012-06-01,2012-06-01 00:00:00,C,C,0.0
1,2012-05-01,2012-05-01 00:00:00,C,C,0.0
2,2012-05-01,2012-05-01 00:00:00,C,C,0.0
3,2006-05-01,2012-05-01 00:00:00,01MAY06,F,6.0013689253935665
4,2012-05-01,2012-05-01 00:00:00,C,C,0.0
4,2012-04-01,2012-04-01 00:00:00,C,C,0.0
3,2006-04-08,2012-04-01 00:00:00,08APR06,F,5.982203969883641
2,2012-04-01,2012-04-01 00:00:00,C,C,0.0
1,2012-04-01,2012-04-01 00:00:00,C,C,0.0
1,2012-03-01,2012-03-01 00:00:00,C,C,0.0
2,2012-03-01,2012-03-01 00:00:00,C,C,0.0
3,2006-03-15,2012-03-01 00:00:00,15MAR06,F,5.963039014373717
4,2012-03-01,2012-03-01 00:00:00,C,C,0.0
1,2012-02-01,2012-02-01 00:00:00,C,C,0.0
2,2012-02-01,2012-02-01 00:00:00,C,C,0.0
3,2006-02-22,2012-02-01 00:00:00,22FEB06,F,5.94113620807666
4,2012-02-01,2012-02-01 00:00:00,C,C,0.0
1,2012-01-01,2012-01-01 00:00:00,C,C,0.0
2,2012-01-01,2012-01-01 00:00:00,C,C,0.0
3,2006-02-01,2012-01-01 00:00:00,01FEB06,F,5.9137577002053385
4,2012-01-01,2012-01-01 00:00:00,C,C,0.0
4,2011-12-01,2011-12-01 00:00:00,C,C,0.0
3,2006-01-15,2011-12-01 00:00:00,15JAN06,F,5.87542778918549
2,2011-12-01,2011-12-01 00:00:00,C,C,0.0
1,2011-12-01,2011-12-01 00:00:00,C,C,0.0
1,2011-11-01,2011-11-01 00:00:00,C,C,0.0
2,2011-11-01,2011-11-01 00:00:00,C,C,0.0
3,2005-12-22,2011-11-01 00:00:00,22DEC05,F,5.859000684462697
4,2011-11-01,2011-11-01 00:00:00,C,C,0.0
1,2011-10-01,2011-10-01 00:00:00,C,C,0.0
2,2011-10-01,2011-10-01 00:00:00,C,C,0.0
3,2005-12-08,2011-10-01 00:00:00,08DEC05,F,5.812457221081451
4,2011-10-01,2011-10-01 00:00:00,C,C,0.0
1,2011-09-01,2011-09-01 00:00:00,C,C,0.0
2,2011-09-01,2011-09-01 00:00:00,C,C,0.0
3,2005-11-22,2011-09-01 00:00:00,22NOV05,F,5.774127310061601
4,2011-09-01,2011-09-01 00:00:00,C,C,0.0
3,2005-11-01,2011-08-01 00:00:00,01NOV05,F,5.746748802190281
4,2011-08-01,2011-08-01 00:00:00,C,C,0.0
1,2011-08-01,2011-08-01 00:00:00,C,C,0.0
2,2011-08-01,2011-08-01 00:00:00,C,C,0.0
2,2011-07-01,2011-07-01 00:00:00,C,C,0.0
3,2005-10-08,2011-07-01 00:00:00,08OCT05,F,5.727583846680356
4,2011-07-01,2011-07-01 00:00:00,C,C,0.0
1,2011-07-01,2011-07-01 00:00:00,C,C,0.0
1,2011-06-01,2011-06-01 00:00:00,C,C,0.0
2,2011-06-01,2011-06-01 00:00:00,C,C,0.0
3,2005-09-15,2011-06-01 00:00:00,15SEP05,F,5.708418891170431
4,2011-06-01,2011-06-01 00:00:00,C,C,0.0
1,2011-05-01,2011-05-01 00:00:00,C,C,0.0
2,2011-05-01,2011-05-01 00:00:00,C,C,0.0
3,2005-08-22,2011-05-01 00:00:00,22AUG05,F,5.689253935660506
4,2011-05-01,2011-05-01 00:00:00,C,C,0.0
3,2005-07-22,2011-04-01 00:00:00,22JUL05,F,5.691991786447638
4,2011-04-01,2011-04-01 00:00:00,C,C,0.0
1,2011-04-01,2011-04-01 00:00:00,C,C,0.0
2,2011-04-01,2011-04-01 00:00:00,C,C,0.0
1,2011-03-01,2011-03-01 00:00:00,C,C,0.0
2,2011-03-01,2011-03-01 00:00:00,C,C,0.0
3,2005-07-01,2011-03-01 00:00:00,01JUL05,F,5.664613278576318
4,2011-03-01,2011-03-01 00:00:00,C,C,0.0
1,2011-02-01,2011-02-01 00:00:00,C,C,0.0
2,2011-02-01,2011-02-01 00:00:00,C,C,0.0
3,2005-04-01,2011-02-01 00:00:00,01APR05,F,5.83709787816564
4,2011-02-01,2011-02-01 00:00:00,C,C,0.0
4,2011-01-01,2011-01-01 00:00:00,C,C,0.0
3,2005-03-22,2011-01-01 00:00:00,22MAR05,F,5.779603011635865
2,2011-01-01,2011-01-01 00:00:00,C,C,0.0
1,2011-01-01,2011-01-01 00:00:00,C,C,0.0
3,2005-02-22,2010-12-01 00:00:00,22FEB05,F,5.771389459274469
4,2010-12-01,2010-12-01 00:00:00,C,C,0.0
1,2010-12-01,2010-12-01 00:00:00,C,C,0.0
2,2010-12-01,2010-12-01 00:00:00,C,C,0.0
3,2005-01-22,2010-11-01 00:00:00,22JAN05,F,5.774127310061601
4,2010-11-01,2010-11-01 00:00:00,C,C,0.0
1,2010-11-01,2010-11-01 00:00:00,C,C,0.0
2,2010-11-01,2010-11-01 00:00:00,C,C,0.0
3,2005-01-08,2010-10-01 00:00:00,08JAN05,F,5.727583846680356
4,2010-10-01,2010-10-01 00:00:00,C,C,0.0
1,2010-10-01,2010-10-01 00:00:00,C,C,0.0
2,2010-10-01,2010-10-01 00:00:00,C,C,0.0
2,2010-09-01,2010-09-01 00:00:00,C,C,0.0
3,2004-12-15,2010-09-01 00:00:00,15DEC04,F,5.711156741957564
4,2010-09-01,2010-09-01 00:00:00,C,C,0.0
1,2010-09-01,2010-09-01 00:00:00,C,C,0.0
4,2010-08-01,2010-08-01 00:00:00,C,C,0.0
3,2004-06-01,2010-08-01 00:00:00,01JUN04,F,6.165639972621492
2,2010-08-01,2010-08-01 00:00:00,C,C,0.0
1,2010-08-01,2010-08-01 00:00:00,C,C,0.0
2,2010-07-01,2010-07-01 00:00:00,C,C,0.0
3,2003-08-15,2010-07-01 00:00:00,15AUG03,F,6.877481177275839
4,2010-07-01,2010-07-01 00:00:00,C,C,0.0
1,2010-07-01,2010-07-01 00:00:00,C,C,0.0
1,2010-06-01,2010-06-01 00:00:00,C,C,0.0
2,2010-06-01,2010-06-01 00:00:00,C,C,0.0
3,2003-06-22,2010-06-01 00:00:00,22JUN03,F,6.9431895961670085
4,2010-06-01,2010-06-01 00:00:00,C,C,0.0
4,2010-05-01,2010-05-01 00:00:00,C,C,0.0
3,2003-04-22,2010-05-01 00:00:00,22APR03,F,7.025325119780972
1,2010-05-01,2010-05-01 00:00:00,C,C,0.0
2,2010-05-01,2010-05-01 00:00:00,C,C,0.0
1,2010-04-01,2010-04-01 00:00:00,C,C,0.0
2,2010-04-01,2010-04-01 00:00:00,C,C,0.0
3,2003-02-01,2010-04-01 00:00:00,01FEB03,F,7.162217659137577
4,2010-04-01,2010-04-01 00:00:00,C,C,0.0
1,2010-03-01,2010-03-01 00:00:00,C,C,0.0
2,2010-03-01,2010-03-01 00:00:00,C,C,0.0
3,2002-12-15,2010-03-01 00:00:00,15DEC02,F,7.208761122518823
4,2010-03-01,2010-03-01 00:00:00,C,C,0.0
3,2002-09-22,2010-02-01 00:00:00,22SEP02,F,7.36208076659822
4,2010-02-01,2010-02-01 00:00:00,C,C,0.0
2,2010-02-01,2010-02-01 00:00:00,C,C,0.0
1,2010-02-01,2010-02-01 00:00:00,C,C,0.0
1,2010-01-01,2010-01-01 00:00:00,C,C,0.0
2,2010-01-01,2010-01-01 00:00:00,C,C,0.0
3,2002-08-01,2010-01-01 00:00:00,01AUG02,F,7.4195756331279945
4,2010-01-01,2010-01-01 00:00:00,C,C,0.0
1,2009-12-01,2009-12-01 00:00:00,C,C,0.0
2,2009-12-01,2009-12-01 00:00:00,C,C,0.0
3,2002-06-01,2009-12-01 00:00:00,01JUN02,F,7.501711156741957
4,2009-12-01,2009-12-01 00:00:00,C,C,0.0
1,2009-08-01,2009-08-01 00:00:00,C,C,0.0
2,2009-08-01,2009-08-01 00:00:00,C,C,0.0
3,,2009-08-01 00:00:00,U,U,
4,2009-08-01,2009-08-01 00:00:00,C,C,0.0
4,2009-07-01,2009-07-01 00:00:00,C,C,0.0
3,,2009-07-01 00:00:00,U,U,
2,2009-07-01,2009-07-01 00:00:00,C,C,0.0
1,2009-07-01,2009-07-01 00:00:00,C,C,0.0
3,,2009-06-01 00:00:00,U,U,
4,2009-06-01,2009-06-01 00:00:00,C,C,0.0
1,2009-06-01,2009-06-01 00:00:00,C,C,0.0
2,2009-06-01,2009-06-01 00:00:00,C,C,0.0
2,2009-05-01,2009-05-01 00:00:00,C,C,0.0
3,,2009-05-01 00:00:00,U,U,
4,2009-05-01,2009-05-01 00:00:00,C,C,0.0
1,2009-05-01,2009-05-01 00:00:00,C,C,0.0
3,2003-03-01,2009-04-01 00:00:00,01MAR03,F,6.0862422997946615
4,2009-04-01,2009-04-01 00:00:00,C,C,0.0
2,2009-04-01,2009-04-01 00:00:00,C,C,0.0
1,2009-04-01,2009-04-01 00:00:00,C,C,0.0
1,2009-02-01,2009-02-01 00:00:00,C,C,0.0
2,2009-02-01,2009-02-01 00:00:00,C,C,0.0
4,2009-02-01,2009-02-01 00:00:00,C,C,0.0
3,2005-05-01,2009-02-01 00:00:00,01MAY05,F,3.756331279945243
1,2009-01-01,2009-01-01 00:00:00,C,C,0.0
2,2009-01-01,2009-01-01 00:00:00,C,C,0.0
3,2005-05-01,2009-01-01 00:00:00,01MAY05,F,3.671457905544148
4,2009-01-01,2009-01-01 00:00:00,C,C,0.0
1,2008-12-01,2008-12-01 00:00:00,C,C,0.0
2,2008-12-01,2008-12-01 00:00:00,C,C,0.0
3,2005-05-01,2008-12-01 00:00:00,01MAY05,F,3.586584531143053
4,2008-12-01,2008-12-01 00:00:00,C,C,0.0
3,2005-05-01,2008-11-01 00:00:00,01MAY05,F,3.5044490075290895
4,2008-11-01,2008-11-01 00:00:00,C,C,0.0
2,2008-11-01,2008-11-01 00:00:00,C,C,0.0
1,2008-11-01,2008-11-01 00:00:00,C,C,0.0
1,2008-10-01,2008-10-01 00:00:00,C,C,0.0
2,2008-10-01,2008-10-01 00:00:00,C,C,0.0
3,2005-01-01,2008-10-01 00:00:00,01JAN05,F,3.7481177275838466
4,2008-10-01,2008-10-01 00:00:00,C,C,0.0
1,2008-09-01,2008-09-01 00:00:00,C,C,0.0
2,2008-09-01,2008-09-01 00:00:00,C,C,0.0
3,,2008-09-01 00:00:00,U,U,
4,2008-09-01,2008-09-01 00:00:00,C,C,0.0
1,2008-08-01,2008-08-01 00:00:00,C,C,0.0
2,2008-08-01,2008-08-01 00:00:00,C,C,0.0
3,,2008-08-01 00:00:00,U,U,
4,2008-08-01,2008-08-01 00:00:00,C,C,0.0
3,,2008-07-01 00:00:00,U,U,
4,2008-07-01,2008-07-01 00:00:00,C,C,0.0
2,2008-07-01,2008-07-01 00:00:00,C,C,0.0
1,2008-07-01,2008-07-01 00:00:00,C,C,0.0
1,2008-06-01,2008-06-01 00:00:00,C,C,0.0
2,2008-06-01,2008-06-01 00:00:00,C,C,0.0
3,2006-03-01,2008-06-01 00:00:00,01MAR06,F,2.2532511978097194
4,2008-06-01,2008-06-01 00:00:00,C,C,0.0
1,2008-05-01,2008-05-01 00:00:00,C,C,0.0
2,2008-05-01,2008-05-01 00:00:00,C,C,0.0
3,2006-03-01,2008-05-01 00:00:00,01MAR06,F,2.1683778234086244
4,2008-05-01,2008-05-01 00:00:00,C,C,0.0
1,2008-04-01,2008-04-01 00:00:00,C,C,0.0
2,2008-04-01,2008-04-01 00:00:00,C,C,0.0
3,2005-07-01,2008-04-01 00:00:00,01JUL05,F,2.751540041067762
4,2008-04-01,2008-04-01 00:00:00,C,C,0.0
3,2002-11-01,2008-02-01 00:00:00,01NOV02,F,5.25119780971937
4,2008-02-01,2008-02-01 00:00:00,C,C,0.0
2,2008-02-01,2008-02-01 00:00:00,C,C,0.0
1,2008-02-01,2008-02-01 00:00:00,C,C,0.0
1,2007-10-01,2007-10-01 00:00:00,C,C,0.0
4,2007-10-01,2007-10-01 00:00:00,C,C,0.0
2,2007-10-01,2007-10-01 00:00:00,C,C,0.0
3,2002-08-01,2007-10-01 00:00:00,01AUG02,F,5.166324435318275
1,2007-01-01,2007-09-01 00:00:00,01JAN07,F,0.6652977412731006
2,2007-01-01,2007-09-01 00:00:00,01JAN07,F,0.6652977412731006
3,2002-08-01,2007-09-01 00:00:00,01AUG02,F,5.084188911704312
4,2007-01-01,2007-09-01 00:00:00,01JAN07,F,0.6652977412731006
1,2007-07-01,2007-07-01 00:00:00,C,C,0.0
2,2007-07-01,2007-07-01 00:00:00,C,C,0.0
3,2007-07-01,2007-07-01 00:00:00,C,C,0.0
4,2007-07-01,2007-07-01 00:00:00,C,C,0.0
4,2007-06-01,2007-06-01 00:00:00,C,C,0.0
3,2005-06-01,2007-06-01 00:00:00,01JUN05,F,1.998631074606434
2,2007-06-01,2007-06-01 00:00:00,C,C,0.0
1,2007-06-01,2007-06-01 00:00:00,C,C,0.0
1,2007-05-01,2007-05-01 00:00:00,C,C,0.0
2,2007-05-01,2007-05-01 00:00:00,C,C,0.0
3,2003-08-01,2007-05-01 00:00:00,01AUG03,F,3.7481177275838466
4,2007-05-01,2007-05-01 00:00:00,C,C,0.0
1,2007-04-01,2007-04-01 00:00:00,C,C,0.0
2,2007-04-01,2007-04-01 00:00:00,C,C,0.0
3,2002-08-01,2007-04-01 00:00:00,01AUG02,F,4.6652977412731005
4,2007-04-01,2007-04-01 00:00:00,C,C,0.0
3,2002-08-01,2007-03-01 00:00:00,01AUG02,F,4.5804243668720055
4,2007-03-01,2007-03-01 00:00:00,C,C,0.0
2,2007-03-01,2007-03-01 00:00:00,C,C,0.0
1,2007-03-01,2007-03-01 00:00:00,C,C,0.0
3,2002-08-01,2007-01-01 00:00:00,01AUG02,F,4.418891170431212
4,2007-01-01,2007-01-01 00:00:00,C,C,0.0
1,2007-01-01,2007-01-01 00:00:00,C,C,0.0
2,2007-01-01,2007-01-01 00:00:00,C,C,0.0
2,2006-11-01,2006-11-01 00:00:00,C,C,0.0
3,2002-07-01,2006-11-01 00:00:00,01JUL02,F,4.336755646817249
4,2006-11-01,2006-11-01 00:00:00,C,C,0.0
1,2006-11-01,2006-11-01 00:00:00,C,C,0.0
1,2006-09-01,2006-09-01 00:00:00,C,C,0.0
2,2006-09-01,2006-09-01 00:00:00,C,C,0.0
3,2002-03-01,2006-09-01 00:00:00,01MAR02,F,4.503764544832307
4,2006-09-01,2006-09-01 00:00:00,C,C,0.0
3,2001-10-01,2006-08-01 00:00:00,01OCT01,F,4.832306639288158
4,2006-08-01,2006-08-01 00:00:00,C,C,0.0
2,2006-08-01,2006-08-01 00:00:00,C,C,0.0
1,2006-08-01,2006-08-01 00:00:00,C,C,0.0
2,2006-05-01,2006-05-01 00:00:00,C,C,0.0
3,2001-05-01,2006-05-01 00:00:00,01MAY01,F,4.999315537303217
4,2006-05-01,2006-05-01 00:00:00,C,C,0.0
1,2006-05-01,2006-05-01 00:00:00,C,C,0.0
1,2006-04-01,2006-04-01 00:00:00,C,C,0.0
2,2006-04-01,2006-04-01 00:00:00,C,C,0.0
3,2001-05-01,2006-04-01 00:00:00,01MAY01,F,4.917180013689254
4,2006-04-01,2006-04-01 00:00:00,C,C,0.0
1,2006-03-01,2006-03-01 00:00:00,C,C,0.0
2,2006-03-01,2006-03-01 00:00:00,C,C,0.0
3,2001-05-01,2006-03-01 00:00:00,01MAY01,F,4.832306639288158
4,2006-03-01,2006-03-01 00:00:00,C,C,0.0
3,,2005-08-01 00:00:00,U,U,
4,2005-08-01,2005-08-01 00:00:00,C,C,0.0
2,2005-08-01,2005-08-01 00:00:00,C,C,0.0
1,2005-08-01,2005-08-01 00:00:00,C,C,0.0
1,2005-06-01,2005-06-01 00:00:00,C,C,0.0
3,2002-06-01,2005-06-01 00:00:00,01JUN02,F,3.0006844626967832
4,2005-06-01,2005-06-01 00:00:00,C,C,0.0
2,2005-06-01,2005-06-01 00:00:00,C,C,0.0
1,2005-05-01,2005-05-01 00:00:00,C,C,0.0
2,2005-05-01,2005-05-01 00:00:00,C,C,0.0
3,2002-06-01,2005-05-01 00:00:00,01JUN02,F,2.915811088295688
4,2005-05-01,2005-05-01 00:00:00,C,C,0.0
1,2005-04-01,2005-04-01 00:00:00,C,C,0.0
2,2005-04-01,2005-04-01 00:00:00,C,C,0.0
3,2002-04-01,2005-04-01 00:00:00,01APR02,F,3.0006844626967832
4,2005-04-01,2005-04-01 00:00:00,C,C,0.0
2,2004-12-01,2004-12-01 00:00:00,C,C,0.0
4,2004-12-01,2004-12-01 00:00:00,C,C,0.0
1,2004-12-01,2004-12-01 00:00:00,C,C,0.0
3,2004-12-01,2004-12-01 00:00:00,C,C,0.0
1,2004-11-01,2004-11-01 00:00:00,C,C,0.0
2,2004-11-01,2004-11-01 00:00:00,C,C,0.0
3,2004-11-01,2004-11-01 00:00:00,C,C,0.0
4,2004-11-01,2004-11-01 00:00:00,C,C,0.0
1,2004-10-01,2004-10-01 00:00:00,C,C,0.0
2,2004-10-01,2004-10-01 00:00:00,C,C,0.0
3,2004-10-01,2004-10-01 00:00:00,C,C,0.0
4,2004-10-01,2004-10-01 00:00:00,C,C,0.0
1,2004-09-01,2004-09-01 00:00:00,C,C,0.0
2,2004-09-01,2004-09-01 00:00:00,C,C,0.0
3,2004-09-01,2004-09-01 00:00:00,C,C,0.0
4,2004-09-01,2004-09-01 00:00:00,C,C,0.0
3,2004-08-01,2004-08-01 00:00:00,C,C,0.0
4,2004-08-01,2004-08-01 00:00:00,C,C,0.0
2,2004-08-01,2004-08-01 00:00:00,C,C,0.0
1,2004-08-01,2004-08-01 00:00:00,C,C,0.0
2,2004-04-01,2004-04-01 00:00:00,C,C,0.0
3,2004-04-01,2004-04-01 00:00:00,C,C,0.0
4,2004-04-01,2004-04-01 00:00:00,C,C,0.0
1,2004-04-01,2004-04-01 00:00:00,C,C,0.0
1,2004-03-01,2004-03-01 00:00:00,C,C,0.0
2,2004-03-01,2004-03-01 00:00:00,C,C,0.0
3,2004-03-01,2004-03-01 00:00:00,C,C,0.0
4,2004-03-01,2004-03-01 00:00:00,C,C,0.0
1,2004-02-01,2004-02-01 00:00:00,C,C,0.0
2,2004-02-01,2004-02-01 00:00:00,C,C,0.0
3,2004-02-01,2004-02-01 00:00:00,C,C,0.0
4,2004-02-01,2004-02-01 00:00:00,C,C,0.0
3,2004-01-01,2004-01-01 00:00:00,C,C,0.0
4,2004-01-01,2004-01-01 00:00:00,C,C,0.0
2,2004-01-01,2004-01-01 00:00:00,C,C,0.0
1,2004-01-01,2004-01-01 00:00:00,C,C,0.0
1,2003-12-01,2003-12-01 00:00:00,C,C,0.0
2,2003-12-01,2003-12-01 00:00:00,C,C,0.0
3,2003-12-01,2003-12-01 00:00:00,C,C,0.0
4,2003-12-01,2003-12-01 00:00:00,C,C,0.0
1,2003-11-01,2003-11-01 00:00:00,C,C,0.0
2,2003-11-01,2003-11-01 00:00:00,C,C,0.0
3,2003-11-01,2003-11-01 00:00:00,C,C,0.0
4,2003-11-01,2003-11-01 00:00:00,C,C,0.0
1,2003-10-01,2003-10-01 00:00:00,C,C,0.0
2,2003-10-01,2003-10-01 00:00:00,C,C,0.0
3,2003-10-01,2003-10-01 00:00:00,C,C,0.0
4,2003-10-01,2003-10-01 00:00:00,C,C,0.0
