F_level,final_action_dates,visa_bulletin_date,table_type,visa_wait_time
1,2016-11-08,2026-03-01,final_action,9.308692676249144
2B,2016-12-01,2026-03-01,final_action,9.245722108145106
3,2011-09-08,2026-03-01,final_action,14.477754962354553
4,2008-01-08,2026-03-01,final_action,18.143737166324435
1,2017-09-01,2026-03-01,dates_for_filing,8.49555099247091
2A,2026-02-22,2026-03-01,dates_for_filing,0.019164955509924708
2B,2017-03-15,2026-03-01,dates_for_filing,8.960985626283367
3,2012-07-22,2026-03-01,dates_for_filing,13.607118412046544
4,2009-03-01,2026-03-01,dates_for_filing,16.999315537303218
2A,2024-02-01,2026-03-01,final_action,2.078028747433265
1,2017-09-01,2026-02-01,dates_for_filing,8.41889117043121
4,2009-03-01,2026-02-01,dates_for_filing,16.922655715263517
3,2012-07-22,2026-02-01,dates_for_filing,13.530458590006845
2A,2026-01-22,2026-02-01,dates_for_filing,0.02737850787132101
2B,2017-03-15,2026-02-01,dates_for_filing,8.88432580424367
4,2008-01-08,2026-02-01,final_action,18.067077344284737
1,2016-11-08,2026-02-01,final_action,9.232032854209445
2B,2016-12-01,2026-02-01,final_action,9.169062286105408
2A,2024-02-01,2026-02-01,final_action,2.001368925393566
3,2011-09-08,2026-02-01,final_action,14.401095140314853
1,2017-09-01,2026-01-01,dates_for_filing,8.334017796030116
4,2009-03-01,2026-01-01,dates_for_filing,16.83778234086242
3,2012-07-22,2026-01-01,dates_for_filing,13.44558521560575
2B,2017-03-15,2026-01-01,dates_for_filing,8.799452429842573
2A,2025-12-22,2026-01-01,dates_for_filing,0.02737850787132101
4,2008-01-08,2026-01-01,final_action,17.982203969883642
3,2011-09-08,2026-01-01,final_action,14.316221765913758
2B,2016-12-01,2026-01-01,final_action,9.084188911704311
2A,2024-02-01,2026-01-01,final_action,1.9164955509924708
1,2016-11-08,2026-01-01,final_action,9.14715947980835
1,2017-09-01,2025-12-01,dates_for_filing,8.24914442162902
4,2009-03-01,2025-12-01,dates_for_filing,16.752908966461327
3,2012-07-22,2025-12-01,dates_for_filing,13.360711841204655
2A,2025-11-22,2025-12-01,dates_for_filing,0.024640657084188913
2B,2017-03-08,2025-12-01,dates_for_filing,8.733744010951403
4,2008-01-08,2025-12-01,final_action,17.897330595482547
2B,2016-12-01,2025-12-01,final_action,8.999315537303216
2A,2024-02-01,2025-12-01,final_action,1.8316221765913758
3,2011-09-08,2025-12-01,final_action,14.231348391512663
1,2016-11-08,2025-12-01,final_action,9.062286105407255
1,2016-11-08,2025-11-01,final_action,8.980150581793293
2A,2024-02-01,2025-11-01,final_action,1.7494866529774127
2B,2016-12-01,2025-11-01,final_action,8.917180013689254
3,2011-09-08,2025-11-01,final_action,14.149212867898699
4,2008-01-08,2025-11-01,final_action,17.815195071868583
2A,2025-10-22,2025-11-01,dates_for_filing,0.02737850787132101
2B,2017-03-08,2025-11-01,dates_for_filing,8.65160848733744
3,2012-07-22,2025-11-01,dates_for_filing,13.27857631759069
4,2009-03-01,2025-11-01,dates_for_filing,16.670773442847366
1,2017-09-01,2025-11-01,dates_for_filing,8.167008898015059
1,2017-09-01,2025-10-01,dates_for_filing,8.082135523613964
4,2009-03-01,2025-10-01,dates_for_filing,16.58590006844627
3,2012-07-22,2025-10-01,dates_for_filing,13.193702943189596
2B,2017-01-01,2025-10-01,dates_for_filing,8.747433264887064
2A,2025-09-22,2025-10-01,dates_for_filing,0.024640657084188913
4,2008-01-08,2025-10-01,final_action,17.730321697467488
3,2011-09-08,2025-10-01,final_action,14.064339493497604
2B,2016-11-22,2025-10-01,final_action,8.856947296372347
2A,2024-02-01,2025-10-01,final_action,1.6646132785763177
1,2016-11-08,2025-10-01,final_action,8.895277207392198
4,2009-01-01,2025-09-01,dates_for_filing,16.6652977412731
3,2012-07-22,2025-09-01,dates_for_filing,13.111567419575634
2B,2017-01-01,2025-09-01,dates_for_filing,8.6652977412731
2A,2025-06-01,2025-09-01,dates_for_filing,0.2518822724161533
1,2017-09-01,2025-09-01,dates_for_filing,8.0
4,2008-01-01,2025-09-01,final_action,17.66735112936345
3,2011-08-01,2025-09-01,final_action,14.08624229979466
2B,2016-10-15,2025-09-01,final_action,8.878850102669405
2A,2022-09-01,2025-09-01,final_action,3.0006844626967832
1,2016-07-15,2025-09-01,final_action,9.130732375085557
1,2017-09-01,2025-08-01,dates_for_filing,7.915126625598905
4,2009-01-01,2025-08-01,dates_for_filing,16.580424366872005
3,2012-07-22,2025-08-01,dates_for_filing,13.026694045174539
2A,2025-04-01,2025-08-01,dates_for_filing,0.33401779603011633
2B,2017-01-01,2025-08-01,dates_for_filing,8.580424366872005
4,2008-01-01,2025-08-01,final_action,17.582477754962355
2B,2016-10-15,2025-08-01,final_action,8.793976728268309
2A,2022-09-01,2025-08-01,final_action,2.915811088295688
3,2011-08-01,2025-08-01,final_action,14.001368925393566
1,2016-07-15,2025-08-01,final_action,9.045859000684462
1,2016-07-15,2025-07-01,final_action,8.960985626283367
2A,2022-09-01,2025-07-01,final_action,2.830937713894593
2B,2016-10-15,2025-07-01,final_action,8.709103353867214
3,2011-08-01,2025-07-01,final_action,13.91649555099247
4,2008-01-01,2025-07-01,final_action,17.49760438056126
2A,2025-03-01,2025-07-01,dates_for_filing,0.33401779603011633
2B,2017-01-01,2025-07-01,dates_for_filing,8.49555099247091
3,2012-07-22,2025-07-01,dates_for_filing,12.941820670773442
4,2008-09-08,2025-07-01,dates_for_filing,16.810403832991103
1,2017-09-01,2025-07-01,dates_for_filing,7.83025325119781
1,2017-09-01,2025-06-01,dates_for_filing,7.748117727583847
4,2008-06-01,2025-06-01,dates_for_filing,16.999315537303218
3,2012-07-22,2025-06-01,dates_for_filing,12.85968514715948
2B,2017-01-01,2025-06-01,dates_for_filing,8.413415468856947
2A,2025-02-01,2025-06-01,dates_for_filing,0.32854209445585214
4,2008-01-01,2025-06-01,final_action,17.415468856947296
3,2011-06-22,2025-06-01,final_action,13.943874058863791
2B,2016-09-22,2025-06-01,final_action,8.68993839835729
2A,2022-01-01,2025-06-01,final_action,3.4140999315537304
1,2016-06-08,2025-06-01,final_action,8.980150581793293
4,2008-06-01,2025-05-01,dates_for_filing,16.914442162902123
3,2012-07-22,2025-05-01,dates_for_filing,12.774811772758385
2B,2017-01-01,2025-05-01,dates_for_filing,8.328542094455852
2A,2025-02-01,2025-05-01,dates_for_filing,0.243668720054757
1,2017-09-01,2025-05-01,dates_for_filing,7.663244353182751
4,2008-01-01,2025-05-01,final_action,17.3305954825462
3,2011-04-01,2025-05-01,final_action,14.08350444900753
2B,2016-07-22,2025-05-01,final_action,8.774811772758385
2A,2022-01-01,2025-05-01,final_action,3.3292265571526354
1,2016-03-15,2025-05-01,final_action,9.127994524298426
4,2008-04-01,2025-04-01,dates_for_filing,16.999315537303218
3,2012-07-22,2025-04-01,dates_for_filing,12.692676249144421
2B,2017-01-01,2025-04-01,dates_for_filing,8.24640657084189
2A,2024-10-15,2025-04-01,dates_for_filing,0.459958932238193
1,2017-09-01,2025-04-01,dates_for_filing,7.581108829568788
4,2007-08-01,2025-04-01,final_action,17.66735112936345
2B,2016-07-22,2025-04-01,final_action,8.692676249144421
2A,2022-01-01,2025-04-01,final_action,3.247091033538672
1,2016-03-15,2025-04-01,final_action,9.045859000684462
3,2011-04-01,2025-04-01,final_action,14.001368925393566
1,2017-09-01,2025-03-01,dates_for_filing,7.496235455167693
4,2008-03-01,2025-03-01,dates_for_filing,16.999315537303218
3,2012-07-22,2025-03-01,dates_for_filing,12.607802874743326
2B,2017-01-01,2025-03-01,dates_for_filing,8.161533196440795
2A,2024-07-15,2025-03-01,dates_for_filing,0.6269678302532512
4,2007-08-01,2025-03-01,final_action,17.582477754962355
3,2010-07-01,2025-03-01,final_action,14.666666666666666
2B,2016-05-22,2025-03-01,final_action,8.774811772758385
2A,2022-01-01,2025-03-01,final_action,3.162217659137577
1,2015-11-22,2025-03-01,final_action,9.273100616016427
4,2008-03-01,2025-02-01,dates_for_filing,16.922655715263517
3,2012-07-22,2025-02-01,dates_for_filing,12.531143052703628
2B,2017-01-01,2025-02-01,dates_for_filing,8.084873374401095
2A,2024-07-15,2025-02-01,dates_for_filing,0.5503080082135524
1,2017-09-01,2025-02-01,dates_for_filing,7.4195756331279945
4,2007-08-01,2025-02-01,final_action,17.505817932922657
3,2010-07-01,2025-02-01,final_action,14.590006844626968
2B,2016-05-22,2025-02-01,final_action,8.698151950718685
2A,2022-01-01,2025-02-01,final_action,3.0855578370978782
1,2015-11-22,2025-02-01,final_action,9.196440793976729
4,2008-03-01,2025-01-01,dates_for_filing,16.83778234086242
3,2012-07-22,2025-01-01,dates_for_filing,12.446269678302533
2B,2017-01-01,2025-01-01,dates_for_filing,8.0
2A,2024-07-15,2025-01-01,dates_for_filing,0.4654346338124572
1,2017-09-01,2025-01-01,dates_for_filing,7.3347022587268995
4,2007-08-01,2025-01-01,final_action,17.420944558521562
3,2010-07-01,2025-01-01,final_action,14.505133470225873
2B,2016-05-22,2025-01-01,final_action,8.61327857631759
2A,2022-01-01,2025-01-01,final_action,3.0006844626967832
1,2015-11-22,2025-01-01,final_action,9.111567419575634
1,2017-09-01,2024-12-01,dates_for_filing,7.2498288843258045
4,2008-03-01,2024-12-01,dates_for_filing,16.752908966461327
3,2012-04-22,2024-12-01,dates_for_filing,12.61054072553046
2B,2017-01-01,2024-12-01,dates_for_filing,7.915126625598905
2A,2024-07-15,2024-12-01,dates_for_filing,0.3805612594113621
2B,2016-05-01,2024-12-01,final_action,8.58590006844627
4,2007-08-01,2024-12-01,final_action,17.336071184120467
1,2015-10-22,2024-12-01,final_action,9.111567419575634
2A,2022-01-01,2024-12-01,final_action,2.915811088295688
3,2010-04-15,2024-12-01,final_action,14.63107460643395
2A,2024-07-15,2024-11-01,dates_for_filing,0.29842573579739906
4,2008-03-01,2024-11-01,dates_for_filing,16.670773442847366
3,2012-04-22,2024-11-01,dates_for_filing,12.528405201916495
2B,2017-01-01,2024-11-01,dates_for_filing,7.832991101984942
1,2017-09-01,2024-11-01,dates_for_filing,7.167693360711842
4,2007-08-01,2024-11-01,final_action,17.253935660506503
3,2010-04-15,2024-11-01,final_action,14.548939082819986
2B,2016-05-01,2024-11-01,final_action,8.503764544832306
2A,2022-01-01,2024-11-01,final_action,2.833675564681725
1,2015-10-22,2024-11-01,final_action,9.02943189596167
2A,2024-07-15,2024-10-01,dates_for_filing,0.2135523613963039
4,2008-03-01,2024-10-01,dates_for_filing,16.58590006844627
3,2011-07-01,2024-10-01,dates_for_filing,13.253935660506503
2B,2017-01-01,2024-10-01,dates_for_filing,7.748117727583847
1,2017-09-01,2024-10-01,dates_for_filing,7.082819986310746
3,2010-04-01,2024-10-01,final_action,14.50239561943874
2B,2016-05-01,2024-10-01,final_action,8.41889117043121
2A,2021-11-22,2024-10-01,final_action,2.858316221765914
4,2007-08-01,2024-10-01,final_action,17.169062286105408
1,2015-10-22,2024-10-01,final_action,8.944558521560575
4,2007-08-01,2024-09-01,final_action,17.086926762491444
1,2015-10-22,2024-09-01,final_action,8.862422997946611
2A,2021-11-15,2024-09-01,final_action,2.7953456536618755
2B,2016-05-01,2024-09-01,final_action,8.336755646817249
3,2010-04-01,2024-09-01,final_action,14.420260095824778
1,2017-09-01,2024-09-01,dates_for_filing,7.000684462696783
2A,2024-06-15,2024-09-01,dates_for_filing,0.2135523613963039
2B,2017-01-01,2024-09-01,dates_for_filing,7.665982203969883
3,2011-01-01,2024-09-01,dates_for_filing,13.66735112936345
4,2008-03-01,2024-09-01,dates_for_filing,16.503764544832308
3,2011-01-01,2024-08-01,dates_for_filing,13.582477754962355
2A,2024-06-15,2024-08-01,dates_for_filing,0.12867898699520877
4,2008-03-01,2024-08-01,dates_for_filing,16.418891170431213
2B,2017-01-01,2024-08-01,dates_for_filing,7.581108829568788
1,2017-09-01,2024-08-01,dates_for_filing,6.915811088295688
4,2007-08-01,2024-08-01,final_action,17.00205338809035
3,2010-04-01,2024-08-01,final_action,14.335386721423683
2B,2016-05-01,2024-08-01,final_action,8.251882272416154
2A,2021-11-15,2024-08-01,final_action,2.7104722792607805
1,2015-10-22,2024-08-01,final_action,8.777549623545516
1,2017-09-01,2024-07-01,dates_for_filing,6.830937713894593
4,2008-03-01,2024-07-01,dates_for_filing,16.334017796030118
3,2010-10-01,2024-07-01,dates_for_filing,13.749486652977414
2B,2017-01-01,2024-07-01,dates_for_filing,7.496235455167693
2A,2023-11-01,2024-07-01,dates_for_filing,0.6652977412731006
3,2010-04-01,2024-07-01,final_action,14.250513347022586
4,2007-08-01,2024-07-01,final_action,16.917180013689254
2B,2016-05-01,2024-07-01,final_action,8.167008898015059
2A,2021-11-15,2024-07-01,final_action,2.625598904859685
1,2015-10-22,2024-07-01,final_action,8.692676249144421
3,2010-09-01,2024-06-01,dates_for_filing,13.749486652977414
2B,2017-01-01,2024-06-01,dates_for_filing,7.41409993155373
1,2017-09-01,2024-06-01,dates_for_filing,6.74880219028063
4,2008-03-01,2024-06-01,dates_for_filing,16.251882272416154
2A,2023-09-01,2024-06-01,dates_for_filing,0.7501711156741958
3,2010-03-01,2024-06-01,final_action,14.25325119780972
4,2007-07-22,2024-06-01,final_action,16.862422997946613
2B,2016-04-01,2024-06-01,final_action,8.167008898015059
2A,2021-11-15,2024-06-01,final_action,2.543463381245722
1,2015-07-08,2024-06-01,final_action,8.900752908966462
1,2015-07-08,2024-05-01,final_action,8.815879534565367
2A,2021-06-01,2024-05-01,final_action,2.915811088295688
2B,2016-04-01,2024-05-01,final_action,8.082135523613964
3,2010-01-01,2024-05-01,final_action,14.329911019849419
4,2007-07-22,2024-05-01,final_action,16.777549623545518
1,2017-09-01,2024-05-01,dates_for_filing,6.663928815879535
2A,2023-09-01,2024-05-01,dates_for_filing,0.6652977412731006
2B,2017-01-01,2024-05-01,dates_for_filing,7.329226557152635
3,2010-06-01,2024-05-01,dates_for_filing,13.91649555099247
4,2008-03-01,2024-05-01,dates_for_filing,16.16700889801506
3,2010-03-01,2024-04-01,dates_for_filing,14.08624229979466
2B,2017-01-01,2024-04-01,dates_for_filing,7.2470910335386725
1,2017-09-01,2024-04-01,dates_for_filing,6.581793292265571
4,2008-03-01,2024-04-01,dates_for_filing,16.084873374401095
2A,2023-09-01,2024-04-01,dates_for_filing,0.5831622176591376
1,2015-02-08,2024-04-01,final_action,9.144421629021219
4,2007-06-08,2024-04-01,final_action,16.815879534565365
2B,2015-11-22,2024-04-01,final_action,8.358658453114305
2A,2020-09-08,2024-04-01,final_action,3.561943874058864
3,2009-10-01,2024-04-01,final_action,14.499657768651609
2A,2023-09-01,2024-03-01,dates_for_filing,0.49828884325804246
4,2008-03-01,2024-03-01,dates_for_filing,16.0
3,2010-03-01,2024-03-01,dates_for_filing,14.001368925393566
2B,2017-01-01,2024-03-01,dates_for_filing,7.162217659137577
1,2017-09-01,2024-03-01,dates_for_filing,6.496919917864476
4,2007-06-08,2024-03-01,final_action,16.73100616016427
3,2009-10-01,2024-03-01,final_action,14.414784394250514
2B,2015-11-22,2024-03-01,final_action,8.27378507871321
2A,2020-06-22,2024-03-01,final_action,3.6906228610540723
1,2015-02-08,2024-03-01,final_action,9.059548254620124
2A,2023-09-01,2024-02-01,dates_for_filing,0.4188911704312115
4,2008-03-01,2024-02-01,dates_for_filing,15.92060232717317
3,2010-03-01,2024-02-01,dates_for_filing,13.921971252566735
2B,2017-01-01,2024-02-01,dates_for_filing,7.082819986310746
1,2017-09-01,2024-02-01,dates_for_filing,6.417522245037645
4,2007-05-22,2024-02-01,final_action,16.698151950718685
3,2009-04-22,2024-02-01,final_action,14.778918548939084
2B,2015-10-01,2024-02-01,final_action,8.336755646817249
2A,2020-02-08,2024-02-01,final_action,3.980835044490075
1,2015-01-01,2024-02-01,final_action,9.084188911704311
1,2017-09-01,2024-01-01,dates_for_filing,6.33264887063655
4,2008-03-01,2024-01-01,dates_for_filing,15.835728952772074
3,2010-03-01,2024-01-01,dates_for_filing,13.83709787816564
2B,2017-01-01,2024-01-01,dates_for_filing,6.997946611909651
2A,2023-09-01,2024-01-01,dates_for_filing,0.33401779603011633
3,2009-04-22,2024-01-01,final_action,14.694045174537989
4,2007-05-22,2024-01-01,final_action,16.61327857631759
2B,2015-10-01,2024-01-01,final_action,8.251882272416154
2A,2019-11-01,2024-01-01,final_action,4.167008898015058
1,2015-01-01,2024-01-01,final_action,8.999315537303216
3,2010-03-01,2023-12-01,dates_for_filing,13.752224503764545
2B,2017-01-01,2023-12-01,dates_for_filing,6.913073237508556
1,2017-09-01,2023-12-01,dates_for_filing,6.247775496235455
4,2008-03-01,2023-12-01,dates_for_filing,15.75085557837098
2A,2023-09-01,2023-12-01,dates_for_filing,0.24914442162902123
1,2015-01-01,2023-12-01,final_action,8.914442162902121
4,2007-04-22,2023-12-01,final_action,16.61054072553046
2B,2015-09-22,2023-12-01,final_action,8.191649555099247
2A,2019-02-08,2023-12-01,final_action,4.810403832991102
3,2009-01-08,2023-12-01,final_action,14.89390828199863
2A,2023-09-01,2023-11-01,dates_for_filing,0.16700889801505817
4,2008-03-01,2023-11-01,dates_for_filing,15.668720054757015
3,2010-03-01,2023-11-01,dates_for_filing,13.670088980150581
2B,2017-01-01,2023-11-01,dates_for_filing,6.830937713894593
1,2017-09-01,2023-11-01,dates_for_filing,6.165639972621492
4,2007-04-22,2023-11-01,final_action,16.528405201916495
3,2009-01-08,2023-11-01,final_action,14.811772758384668
2B,2015-09-22,2023-11-01,final_action,8.109514031485284
2A,2019-02-08,2023-11-01,final_action,4.728268309377139
1,2015-01-01,2023-11-01,final_action,8.83230663928816
1,2017-09-01,2023-10-01,dates_for_filing,6.080766598220397
4,2008-03-01,2023-10-01,dates_for_filing,15.58384668035592
3,2010-03-01,2023-10-01,dates_for_filing,13.585215605749486
2B,2017-01-01,2023-10-01,dates_for_filing,6.746064339493498
2A,2023-09-01,2023-10-01,dates_for_filing,0.08213552361396304
1,2015-01-01,2023-10-01,final_action,8.747433264887064
4,2007-04-22,2023-10-01,final_action,16.4435318275154
3,2009-01-08,2023-10-01,final_action,14.726899383983573
2B,2015-09-22,2023-10-01,final_action,8.02464065708419
2A,2019-02-08,2023-10-01,final_action,4.643394934976044
1,2017-09-01,2023-09-01,dates_for_filing,5.9986310746064335
4,2008-03-01,2023-09-01,dates_for_filing,15.501711156741958
3,2010-03-01,2023-09-01,dates_for_filing,13.503080082135524
2B,2017-01-01,2023-09-01,dates_for_filing,6.663928815879535
2A,2023-09-01,2023-09-01,dates_for_filing,0.0
2B,2015-09-22,2023-09-01,final_action,7.942505133470226
4,2007-04-22,2023-09-01,final_action,16.361396303901437
1,2015-01-01,2023-09-01,final_action,8.6652977412731
2A,2018-01-01,2023-09-01,final_action,5.664613278576318
3,2009-01-08,2023-09-01,final_action,14.64476386036961
2A,2023-08-01,2023-08-01,dates_for_filing,0.0
4,2008-03-01,2023-08-01,dates_for_filing,15.416837782340862
3,2010-03-01,2023-08-01,dates_for_filing,13.418206707734429
2B,2017-01-01,2023-08-01,dates_for_filing,6.579055441478439
1,2017-09-01,2023-08-01,dates_for_filing,5.9137577002053385
4,2007-04-22,2023-08-01,final_action,16.27652292950034
3,2009-01-08,2023-08-01,final_action,14.559890485968515
2B,2015-09-22,2023-08-01,final_action,7.857631759069131
2A,2017-10-08,2023-08-01,final_action,5.812457221081451
1,2015-01-01,2023-08-01,final_action,8.580424366872005
2A,2023-07-01,2023-07-01,dates_for_filing,0.0
4,2008-03-01,2023-07-01,dates_for_filing,15.331964407939767
3,2010-03-01,2023-07-01,dates_for_filing,13.333333333333334
2B,2017-01-01,2023-07-01,dates_for_filing,6.494182067077344
1,2017-09-01,2023-07-01,dates_for_filing,5.8288843258042435
3,2008-12-22,2023-07-01,final_action,14.521560574948666
2B,2015-09-22,2023-07-01,final_action,7.772758384668036
2A,2020-09-08,2023-07-01,final_action,2.809034907597536
4,2007-04-22,2023-07-01,final_action,16.191649555099247
1,2014-12-15,2023-07-01,final_action,8.542094455852157
4,2007-04-08,2023-06-01,final_action,16.147843942505133
1,2014-12-15,2023-06-01,final_action,8.459958932238193
2A,2020-09-08,2023-06-01,final_action,2.726899383983573
2B,2015-09-22,2023-06-01,final_action,7.690622861054073
3,2008-12-08,2023-06-01,final_action,14.477754962354553
1,2017-01-01,2023-06-01,dates_for_filing,6.412046543463381
2A,2023-06-01,2023-06-01,dates_for_filing,0.0
2B,2017-01-01,2023-06-01,dates_for_filing,6.412046543463381
3,2010-02-08,2023-06-01,dates_for_filing,13.308692676249144
4,2008-02-01,2023-06-01,dates_for_filing,15.329226557152635
3,2010-02-08,2023-05-01,dates_for_filing,13.22381930184805
2A,2023-05-01,2023-05-01,dates_for_filing,0.0
4,2008-02-01,2023-05-01,dates_for_filing,15.24435318275154
2B,2017-01-01,2023-05-01,dates_for_filing,6.327173169062286
1,2017-01-01,2023-05-01,dates_for_filing,6.327173169062286
4,2007-04-08,2023-05-01,final_action,16.06297056810404
3,2008-12-08,2023-05-01,final_action,14.392881587953456
2B,2015-09-22,2023-05-01,final_action,7.605749486652978
2A,2020-09-08,2023-05-01,final_action,2.642026009582478
1,2014-12-15,2023-05-01,final_action,8.375085557837098
1,2016-08-08,2023-04-01,dates_for_filing,6.6447638603696095
4,2007-12-15,2023-04-01,dates_for_filing,15.293634496919918
3,2009-11-08,2023-04-01,dates_for_filing,13.39356605065024
2B,2017-01-01,2023-04-01,dates_for_filing,6.245037645448323
2A,2023-04-01,2023-04-01,dates_for_filing,0.0
3,2008-11-22,2023-04-01,final_action,14.354551676933607
4,2007-03-22,2023-04-01,final_action,16.027378507871322
2B,2015-09-22,2023-04-01,final_action,7.523613963039014
2A,2020-09-08,2023-04-01,final_action,2.5598904859685145
1,2014-12-01,2023-04-01,final_action,8.331279945242985
3,2009-11-08,2023-03-01,dates_for_filing,13.308692676249144
2B,2017-01-01,2023-03-01,dates_for_filing,6.160164271047228
1,2016-08-08,2023-03-01,dates_for_filing,6.5598904859685145
4,2007-12-15,2023-03-01,dates_for_filing,15.208761122518823
2A,2023-03-01,2023-03-01,dates_for_filing,0.0
3,2008-11-22,2023-03-01,final_action,14.269678302532512
4,2007-03-22,2023-03-01,final_action,15.942505133470226
2B,2015-09-22,2023-03-01,final_action,7.438740588637919
2A,2023-03-01,2023-03-01,final_action,0.0
1,2014-12-01,2023-03-01,final_action,8.24640657084189
1,2014-12-01,2023-02-01,final_action,8.16974674880219
2A,2023-02-01,2023-02-01,final_action,0.0
2B,2015-09-22,2023-02-01,final_action,7.36208076659822
3,2008-11-22,2023-02-01,final_action,14.193018480492814
4,2007-03-22,2023-02-01,final_action,15.865845311430528
1,2016-08-08,2023-02-01,dates_for_filing,6.483230663928816
2A,2023-02-01,2023-02-01,dates_for_filing,0.0
2B,2017-01-01,2023-02-01,dates_for_filing,6.083504449007529
3,2009-11-08,2023-02-01,dates_for_filing,13.232032854209445
4,2007-12-15,2023-02-01,dates_for_filing,15.132101300479125
3,2009-11-08,2023-01-01,dates_for_filing,13.14715947980835
2B,2017-01-01,2023-01-01,dates_for_filing,5.9986310746064335
1,2016-08-08,2023-01-01,dates_for_filing,6.398357289527721
4,2007-12-15,2023-01-01,dates_for_filing,15.047227926078028
2A,2023-01-01,2023-01-01,dates_for_filing,0.0
1,2014-12-01,2023-01-01,final_action,8.084873374401095
4,2007-03-22,2023-01-01,final_action,15.780971937029431
2B,2015-09-22,2023-01-01,final_action,7.277207392197125
2A,2023-01-01,2023-01-01,final_action,0.0
3,2008-11-22,2023-01-01,final_action,14.108145106091717
2A,2022-12-01,2022-12-01,dates_for_filing,0.0
4,2007-12-15,2022-12-01,dates_for_filing,14.962354551676933
3,2009-11-08,2022-12-01,dates_for_filing,13.062286105407255
2B,2017-01-01,2022-12-01,dates_for_filing,5.9137577002053385
1,2016-08-08,2022-12-01,dates_for_filing,6.313483915126626
4,2007-03-22,2022-12-01,final_action,15.696098562628336
3,2008-11-22,2022-12-01,final_action,14.023271731690622
2B,2015-09-22,2022-12-01,final_action,7.19233401779603
2A,2022-12-01,2022-12-01,final_action,0.0
1,2014-12-01,2022-12-01,final_action,8.0
2A,2022-11-01,2022-11-01,dates_for_filing,0.0
4,2007-12-15,2022-11-01,dates_for_filing,14.880219028062971
3,2009-11-08,2022-11-01,dates_for_filing,12.980150581793293
2B,2017-01-01,2022-11-01,dates_for_filing,5.831622176591376
1,2016-08-08,2022-11-01,dates_for_filing,6.231348391512663
4,2007-03-22,2022-11-01,final_action,15.613963039014374
3,2008-11-22,2022-11-01,final_action,13.94113620807666
2B,2015-09-22,2022-11-01,final_action,7.110198494182067
2A,2022-11-01,2022-11-01,final_action,0.0
1,2014-12-01,2022-11-01,final_action,7.917864476386037
1,2016-08-08,2022-10-01,dates_for_filing,6.146475017111568
4,2007-12-15,2022-10-01,dates_for_filing,14.795345653661876
3,2009-11-08,2022-10-01,dates_for_filing,12.895277207392198
2B,2017-01-01,2022-10-01,dates_for_filing,5.746748802190281
2A,2022-10-01,2022-10-01,dates_for_filing,0.0
3,2008-11-22,2022-10-01,final_action,13.856262833675565
4,2007-03-22,2022-10-01,final_action,15.529089664613279
2B,2015-09-22,2022-10-01,final_action,7.025325119780972
2A,2022-10-01,2022-10-01,final_action,0.0
1,2014-12-01,2022-10-01,final_action,7.832991101984942
3,2009-11-08,2022-09-01,dates_for_filing,12.813141683778234
2B,2017-01-01,2022-09-01,dates_for_filing,5.664613278576318
1,2016-08-08,2022-09-01,dates_for_filing,6.064339493497604
4,2007-12-15,2022-09-01,dates_for_filing,14.713210130047912
2A,2022-09-01,2022-09-01,dates_for_filing,0.0
1,2014-12-01,2022-09-01,final_action,7.750855578370979
4,2007-03-22,2022-09-01,final_action,15.446954140999315
2B,2015-09-22,2022-09-01,final_action,6.9431895961670085
2A,2022-09-01,2022-09-01,final_action,0.0
3,2008-11-22,2022-09-01,final_action,13.774127310061601
2A,2022-08-01,2022-08-01,dates_for_filing,0.0
4,2007-12-15,2022-08-01,dates_for_filing,14.628336755646817
3,2009-11-08,2022-08-01,dates_for_filing,12.728268309377139
2B,2017-01-01,2022-08-01,dates_for_filing,5.579739904175223
1,2016-08-08,2022-08-01,dates_for_filing,5.979466119096509
4,2007-03-22,2022-08-01,final_action,15.36208076659822
3,2008-11-22,2022-08-01,final_action,13.689253935660506
2B,2015-09-22,2022-08-01,final_action,6.8583162217659135
2A,2022-08-01,2022-08-01,final_action,0.0
1,2014-12-01,2022-08-01,final_action,7.665982203969883
1,2016-07-01,2022-07-01,dates_for_filing,5.9986310746064335
4,2007-11-08,2022-07-01,dates_for_filing,14.64476386036961
3,2009-10-01,2022-07-01,dates_for_filing,12.747433264887064
2B,2016-10-01,2022-07-01,dates_for_filing,5.746748802190281
2A,2022-07-01,2022-07-01,dates_for_filing,0.0
1,2014-12-01,2022-07-01,final_action,7.581108829568788
4,2007-03-22,2022-07-01,final_action,15.277207392197125
3,2008-11-22,2022-07-01,final_action,13.604380561259411
2B,2015-09-22,2022-07-01,final_action,6.7734428473648185
2A,2022-07-01,2022-07-01,final_action,0.0
4,2007-10-01,2022-06-01,dates_for_filing,14.666666666666666
3,2009-08-22,2022-06-01,dates_for_filing,12.774811772758385
2B,2016-09-22,2022-06-01,dates_for_filing,5.689253935660506
2A,2022-06-01,2022-06-01,dates_for_filing,0.0
1,2016-05-15,2022-06-01,dates_for_filing,6.04517453798768
4,2007-03-22,2022-06-01,final_action,15.195071868583161
2B,2015-09-22,2022-06-01,final_action,6.691307323750856
2A,2022-06-01,2022-06-01,final_action,0.0
1,2014-12-01,2022-06-01,final_action,7.498973305954825
3,2008-11-22,2022-06-01,final_action,13.522245037645447
2A,2022-05-01,2022-05-01,dates_for_filing,0.0
4,2007-10-01,2022-05-01,dates_for_filing,14.581793292265571
3,2009-08-22,2022-05-01,dates_for_filing,12.68993839835729
2B,2016-09-22,2022-05-01,dates_for_filing,5.604380561259411
1,2016-05-15,2022-05-01,dates_for_filing,5.960301163586585
4,2007-03-22,2022-05-01,final_action,15.110198494182066
3,2008-11-22,2022-05-01,final_action,13.437371663244353
2B,2015-09-22,2022-05-01,final_action,6.606433949349761
2A,2022-05-01,2022-05-01,final_action,0.0
1,2014-12-01,2022-05-01,final_action,7.41409993155373
1,2016-05-15,2022-04-01,dates_for_filing,5.878165639972622
4,2007-10-01,2022-04-01,dates_for_filing,14.499657768651609
3,2009-08-22,2022-04-01,dates_for_filing,12.607802874743326
2B,2016-09-22,2022-04-01,dates_for_filing,5.522245037645448
2A,2022-04-01,2022-04-01,dates_for_filing,0.0
4,2007-03-22,2022-04-01,final_action,15.028062970568104
2B,2015-09-22,2022-04-01,final_action,6.524298425735798
2A,2022-04-01,2022-04-01,final_action,0.0
3,2008-11-22,2022-04-01,final_action,13.35523613963039
1,2014-12-01,2022-04-01,final_action,7.3319644079397674
1,2016-05-15,2022-03-01,dates_for_filing,5.793292265571527
1,2014-12-01,2022-03-01,final_action,7.2470910335386725
2A,2022-03-01,2022-03-01,final_action,0.0
2B,2015-09-22,2022-03-01,final_action,6.439425051334703
3,2008-11-22,2022-03-01,final_action,13.270362765229295
4,2007-03-22,2022-03-01,final_action,14.94318959616701
2A,2021-12-01,2022-03-01,dates_for_filing,0.2464065708418891
2B,2016-09-22,2022-03-01,dates_for_filing,5.437371663244353
3,2009-08-22,2022-03-01,dates_for_filing,12.522929500342231
4,2007-10-01,2022-03-01,dates_for_filing,14.414784394250514
3,2009-08-22,2022-02-01,dates_for_filing,12.446269678302533
2A,2021-10-01,2022-02-01,dates_for_filing,0.33675564681724846
4,2007-10-01,2022-02-01,dates_for_filing,14.338124572210814
2B,2016-09-22,2022-02-01,dates_for_filing,5.360711841204655
1,2016-05-15,2022-02-01,dates_for_filing,5.716632443531828
4,2007-03-22,2022-02-01,final_action,14.86652977412731
3,2008-11-22,2022-02-01,final_action,13.193702943189596
2B,2015-09-22,2022-02-01,final_action,6.362765229295003
2A,2022-02-01,2022-02-01,final_action,0.0
1,2014-12-01,2022-02-01,final_action,7.170431211498974
1,2016-05-15,2022-01-01,dates_for_filing,5.631759069130732
4,2007-10-01,2022-01-01,dates_for_filing,14.25325119780972
3,2009-08-22,2022-01-01,dates_for_filing,12.361396303901437
2B,2016-09-22,2022-01-01,dates_for_filing,5.27583846680356
2A,2021-10-01,2022-01-01,dates_for_filing,0.2518822724161533
3,2008-11-22,2022-01-01,final_action,13.1088295687885
4,2007-03-22,2022-01-01,final_action,14.781656399726215
2B,2015-09-22,2022-01-01,final_action,6.277891854893908
2A,2022-01-01,2022-01-01,final_action,0.0
1,2014-12-01,2022-01-01,final_action,7.085557837097878
3,2009-08-22,2021-12-01,dates_for_filing,12.276522929500342
2B,2016-09-22,2021-12-01,dates_for_filing,5.190965092402464
1,2016-05-15,2021-12-01,dates_for_filing,5.546885694729637
4,2007-10-01,2021-12-01,dates_for_filing,14.168377823408624
2A,2021-09-01,2021-12-01,dates_for_filing,0.24914442162902123
3,2008-11-22,2021-12-01,final_action,13.023956194387406
4,2007-03-22,2021-12-01,final_action,14.69678302532512
2B,2015-09-22,2021-12-01,final_action,6.193018480492813
2A,2021-12-01,2021-12-01,final_action,0.0
1,2014-12-01,2021-12-01,final_action,7.000684462696783
1,2014-12-01,2021-11-01,final_action,6.91854893908282
2A,2021-11-01,2021-11-01,final_action,0.0
2B,2015-09-22,2021-11-01,final_action,6.11088295687885
3,2008-11-22,2021-11-01,final_action,12.941820670773442
4,2007-03-22,2021-11-01,final_action,14.614647501711156
1,2016-05-15,2021-11-01,dates_for_filing,5.464750171115674
2A,2021-06-01,2021-11-01,dates_for_filing,0.4188911704312115
2B,2016-09-22,2021-11-01,dates_for_filing,5.108829568788501
3,2009-08-22,2021-11-01,dates_for_filing,12.19438740588638
4,2007-10-01,2021-11-01,dates_for_filing,14.08624229979466
3,2009-08-22,2021-10-01,dates_for_filing,12.109514031485284
2B,2016-09-22,2021-10-01,dates_for_filing,5.023956194387406
1,2016-05-15,2021-10-01,dates_for_filing,5.379876796714579
4,2007-10-01,2021-10-01,dates_for_filing,14.001368925393566
2A,2021-06-01,2021-10-01,dates_for_filing,0.33401779603011633
1,2014-12-01,2021-10-01,final_action,6.833675564681725
4,2007-03-22,2021-10-01,final_action,14.529774127310061
2B,2015-09-22,2021-10-01,final_action,6.026009582477755
2A,2021-10-01,2021-10-01,final_action,0.0
3,2008-11-22,2021-10-01,final_action,12.856947296372347
2A,2021-06-01,2021-09-01,dates_for_filing,0.2518822724161533
4,2007-10-01,2021-09-01,dates_for_filing,13.919233401779604
3,2009-08-22,2021-09-01,dates_for_filing,12.02737850787132
2B,2016-09-22,2021-09-01,dates_for_filing,4.941820670773443
1,2016-05-15,2021-09-01,dates_for_filing,5.297741273100616
4,2007-03-22,2021-09-01,final_action,14.447638603696099
3,2008-11-22,2021-09-01,final_action,12.774811772758385
2B,2015-09-22,2021-09-01,final_action,5.943874058863792
2A,2021-09-01,2021-09-01,final_action,0.0
1,2014-12-01,2021-09-01,final_action,6.751540041067762
2A,2021-06-01,2021-08-01,dates_for_filing,0.16700889801505817
4,2007-10-01,2021-08-01,dates_for_filing,13.834360027378509
3,2009-08-22,2021-08-01,dates_for_filing,11.942505133470226
2B,2016-09-22,2021-08-01,dates_for_filing,4.856947296372348
1,2016-05-15,2021-08-01,dates_for_filing,5.212867898699521
4,2007-03-01,2021-08-01,final_action,14.420260095824778
3,2008-11-08,2021-08-01,final_action,12.728268309377139
2B,2015-09-22,2021-08-01,final_action,5.859000684462697
2A,2021-08-01,2021-08-01,final_action,0.0
1,2014-11-22,2021-08-01,final_action,6.691307323750856
1,2016-05-15,2021-07-01,dates_for_filing,5.127994524298426
4,2007-10-01,2021-07-01,dates_for_filing,13.749486652977414
3,2009-08-22,2021-07-01,dates_for_filing,11.85763175906913
2B,2016-09-22,2021-07-01,dates_for_filing,4.772073921971253
2A,2021-06-01,2021-07-01,dates_for_filing,0.08213552361396304
3,2008-11-01,2021-07-01,final_action,12.66255989048597
4,2007-02-08,2021-07-01,final_action,14.392881587953456
2B,2015-09-15,2021-07-01,final_action,5.793292265571527
2A,2021-07-01,2021-07-01,final_action,0.0
1,2014-11-15,2021-07-01,final_action,6.625598904859685
3,2009-08-01,2021-06-01,dates_for_filing,11.832991101984941
2B,2016-08-15,2021-06-01,dates_for_filing,4.7939767282683095
1,2016-03-01,2021-06-01,dates_for_filing,5.25119780971937
4,2007-10-01,2021-06-01,dates_for_filing,13.66735112936345
2A,2021-05-01,2021-06-01,dates_for_filing,0.08487337440109514
1,2014-11-01,2021-06-01,final_action,6.581793292265571
4,2006-12-08,2021-06-01,final_action,14.480492813141684
2B,2015-08-22,2021-06-01,final_action,5.776865160848733
2A,2021-06-01,2021-06-01,final_action,0.0
3,2008-09-01,2021-06-01,final_action,12.747433264887064
2A,2021-04-01,2021-05-01,dates_for_filing,0.08213552361396304
4,2007-10-01,2021-05-01,dates_for_filing,13.582477754962355
3,2009-06-22,2021-05-01,dates_for_filing,11.85763175906913
2B,2016-06-22,2021-05-01,dates_for_filing,4.856947296372348
1,2015-10-01,2021-05-01,dates_for_filing,5.582477754962355
4,2006-11-08,2021-05-01,final_action,14.477754962354553
3,2008-08-22,2021-05-01,final_action,12.68993839835729
2B,2015-08-15,2021-05-01,final_action,5.711156741957564
2A,2021-05-01,2021-05-01,final_action,0.0
1,2014-10-22,2021-05-01,final_action,6.524298425735798
1,2015-09-15,2021-04-01,dates_for_filing,5.544147843942505
4,2007-10-01,2021-04-01,dates_for_filing,13.500342231348391
3,2009-06-22,2021-04-01,dates_for_filing,11.775496235455167
2B,2016-06-15,2021-04-01,dates_for_filing,4.7939767282683095
2A,2021-03-01,2021-04-01,dates_for_filing,0.08487337440109514
1,2014-10-08,2021-04-01,final_action,6.480492813141684
4,2006-11-01,2021-04-01,final_action,14.414784394250514
3,2008-08-08,2021-04-01,final_action,12.646132785763175
2B,2015-08-08,2021-04-01,final_action,5.648186173853525
2A,2021-04-01,2021-04-01,final_action,0.0
1,2015-08-08,2021-03-01,dates_for_filing,5.563312799452429
4,2007-10-01,2021-03-01,dates_for_filing,13.415468856947296
3,2009-06-22,2021-03-01,dates_for_filing,11.690622861054072
2B,2016-05-22,2021-03-01,dates_for_filing,4.774811772758385
2A,2021-02-01,2021-03-01,dates_for_filing,0.07665982203969883
1,2014-09-22,2021-03-01,final_action,6.439425051334703
4,2006-10-22,2021-03-01,final_action,14.35728952772074
2B,2015-07-22,2021-03-01,final_action,5.6098562628336754
2A,2021-03-01,2021-03-01,final_action,0.0
3,2008-08-01,2021-03-01,final_action,12.580424366872005
2A,2021-01-01,2021-02-01,dates_for_filing,0.08487337440109514
4,2007-10-01,2021-02-01,dates_for_filing,13.338809034907598
3,2009-06-22,2021-02-01,dates_for_filing,11.613963039014374
2B,2016-05-22,2021-02-01,dates_for_filing,4.698151950718686
1,2015-08-08,2021-02-01,dates_for_filing,5.486652977412731
4,2006-10-15,2021-02-01,final_action,14.299794661190965
3,2008-07-15,2021-02-01,final_action,12.550308008213552
2B,2015-07-15,2021-02-01,final_action,5.552361396303901
2A,2021-02-01,2021-02-01,final_action,0.0
1,2014-09-15,2021-02-01,final_action,6.381930184804928
2A,2020-08-01,2021-01-01,dates_for_filing,0.4188911704312115
4,2007-09-15,2021-01-01,dates_for_filing,13.297741273100616
3,2009-06-01,2021-01-01,dates_for_filing,11.586584531143053
2B,2016-05-01,2021-01-01,dates_for_filing,4.670773442847365
1,2015-07-22,2021-01-01,dates_for_filing,5.448323066392882
3,2008-07-08,2021-01-01,final_action,12.484599589322382
2B,2015-07-08,2021-01-01,final_action,5.486652977412731
2A,2021-01-01,2021-01-01,final_action,0.0
4,2006-10-08,2021-01-01,final_action,14.234086242299794
1,2014-09-15,2021-01-01,final_action,6.297056810403833
4,2006-09-22,2020-12-01,final_action,14.193018480492814
1,2014-09-15,2020-12-01,final_action,6.2121834360027375
2A,2020-12-01,2020-12-01,final_action,0.0
2B,2015-07-08,2020-12-01,final_action,5.401779603011636
3,2008-06-15,2020-12-01,final_action,12.462696783025326
1,2015-07-22,2020-12-01,dates_for_filing,5.363449691991787
2A,2020-08-01,2020-12-01,dates_for_filing,0.33401779603011633
2B,2016-05-01,2020-12-01,dates_for_filing,4.58590006844627
3,2009-06-01,2020-12-01,dates_for_filing,11.501711156741958
4,2007-09-15,2020-12-01,dates_for_filing,13.212867898699521
3,2009-06-01,2020-11-01,dates_for_filing,11.419575633127995
2A,2020-08-01,2020-11-01,dates_for_filing,0.2518822724161533
4,2007-09-15,2020-11-01,dates_for_filing,13.130732375085557
2B,2016-05-01,2020-11-01,dates_for_filing,4.503764544832307
1,2015-07-22,2020-11-01,dates_for_filing,5.281314168377824
4,2006-09-22,2020-11-01,final_action,14.11088295687885
3,2008-06-15,2020-11-01,final_action,12.380561259411362
2B,2015-07-08,2020-11-01,final_action,5.319644079397673
2A,2020-11-01,2020-11-01,final_action,0.0
1,2014-09-15,2020-11-01,final_action,6.1300479123887746
1,2015-07-22,2020-10-01,dates_for_filing,5.196440793976728
4,2007-09-15,2020-10-01,dates_for_filing,13.045859000684462
3,2009-06-01,2020-10-01,dates_for_filing,11.3347022587269
2B,2016-05-01,2020-10-01,dates_for_filing,4.418891170431212
2A,2020-08-01,2020-10-01,dates_for_filing,0.16700889801505817
3,2008-06-15,2020-10-01,final_action,12.295687885010267
4,2006-09-22,2020-10-01,final_action,14.026009582477755
2B,2015-07-08,2020-10-01,final_action,5.234770704996578
2A,2020-10-01,2020-10-01,final_action,0.0
1,2014-09-15,2020-10-01,final_action,6.04517453798768
3,2009-06-01,2020-09-01,dates_for_filing,11.252566735112936
2B,2016-05-01,2020-09-01,dates_for_filing,4.336755646817249
1,2015-07-22,2020-09-01,dates_for_filing,5.114305270362765
4,2007-09-15,2020-09-01,dates_for_filing,12.9637234770705
2A,2020-08-01,2020-09-01,dates_for_filing,0.08487337440109514
3,2008-06-15,2020-09-01,final_action,12.213552361396303
4,2006-09-22,2020-09-01,final_action,13.943874058863791
2B,2015-07-08,2020-09-01,final_action,5.152635181382615
2A,2020-09-01,2020-09-01,final_action,0.0
1,2014-09-15,2020-09-01,final_action,5.963039014373717
1,2014-08-15,2020-08-01,final_action,5.963039014373717
2A,2020-08-01,2020-08-01,final_action,0.0
2B,2015-06-08,2020-08-01,final_action,5.149897330595483
3,2008-06-01,2020-08-01,final_action,12.167008898015059
4,2006-09-08,2020-08-01,final_action,13.897330595482547
1,2015-06-08,2020-08-01,dates_for_filing,5.149897330595483
2A,2020-07-01,2020-08-01,dates_for_filing,0.08487337440109514
2B,2016-03-15,2020-08-01,dates_for_filing,4.380561259411362
3,2009-05-08,2020-08-01,dates_for_filing,11.233401779603012
4,2007-09-01,2020-08-01,dates_for_filing,12.917180013689254
3,2009-04-15,2020-07-01,dates_for_filing,11.211498973305956
2B,2016-02-01,2020-07-01,dates_for_filing,4.413415468856948
1,2015-04-22,2020-07-01,dates_for_filing,5.193702943189596
4,2007-08-15,2020-07-01,dates_for_filing,12.878850102669405
2A,2020-06-01,2020-07-01,dates_for_filing,0.08213552361396304
1,2014-07-08,2020-07-01,final_action,5.982203969883641
4,2006-08-22,2020-07-01,final_action,13.859000684462696
2B,2015-05-01,2020-07-01,final_action,5.169062286105407
2A,2020-07-01,2020-07-01,final_action,0.0
3,2008-05-08,2020-07-01,final_action,12.147843942505133
2A,2020-05-01,2020-06-01,dates_for_filing,0.08487337440109514
4,2007-07-31,2020-06-01,dates_for_filing,12.837782340862423
3,2009-03-15,2020-06-01,dates_for_filing,11.214236824093087
2B,2015-12-01,2020-06-01,dates_for_filing,4.501026694045175
1,2015-02-15,2020-06-01,dates_for_filing,5.292265571526352
4,2006-08-08,2020-06-01,final_action,13.815195071868583
3,2008-04-15,2020-06-01,final_action,12.128678986995208
2B,2015-03-15,2020-06-01,final_action,5.215605749486653
2A,2020-06-01,2020-06-01,final_action,0.0
1,2014-05-22,2020-06-01,final_action,6.028747433264887
2A,2020-03-01,2020-05-01,dates_for_filing,0.16700889801505817
4,2007-07-28,2020-05-01,dates_for_filing,12.761122518822724
3,2008-12-15,2020-05-01,dates_for_filing,11.375770020533881
2B,2015-09-22,2020-05-01,dates_for_filing,4.607802874743326
1,2014-11-22,2020-05-01,dates_for_filing,5.4401095140314855
4,2006-07-22,2020-05-01,final_action,13.776865160848734
3,2008-03-15,2020-05-01,final_action,12.128678986995208
2B,2015-01-15,2020-05-01,final_action,5.292265571526352
2A,2020-05-01,2020-05-01,final_action,0.0
1,2014-03-22,2020-05-01,final_action,6.11088295687885
1,2014-09-01,2020-04-01,dates_for_filing,5.582477754962355
4,2007-07-25,2020-04-01,dates_for_filing,12.687200547570157
3,2008-10-01,2020-04-01,dates_for_filing,11.498973305954825
2B,2015-07-01,2020-04-01,dates_for_filing,4.7529089664613275
2A,2020-02-01,2020-04-01,dates_for_filing,0.16427104722792607
3,2008-02-01,2020-04-01,final_action,12.164271047227926
4,2006-07-01,2020-04-01,final_action,13.752224503764545
2B,2014-11-01,2020-04-01,final_action,5.415468856947296
2A,2020-04-01,2020-04-01,final_action,0.0
1,2014-01-01,2020-04-01,final_action,6.247775496235455
3,2008-08-15,2020-03-01,dates_for_filing,11.542778918548938
2B,2015-05-15,2020-03-01,dates_for_filing,4.7967145790554415
1,2014-06-08,2020-03-01,dates_for_filing,5.730321697467488
4,2007-07-22,2020-03-01,dates_for_filing,12.61054072553046
2A,2020-01-01,2020-03-01,dates_for_filing,0.16427104722792607
1,2013-10-08,2020-03-01,final_action,6.395619438740589
4,2006-07-01,2020-03-01,final_action,13.66735112936345
2B,2014-09-15,2020-03-01,final_action,5.45927446954141
2A,2020-03-01,2020-03-01,final_action,0.0
3,2007-12-15,2020-03-01,final_action,12.210814510609172
2A,2019-12-01,2020-02-01,dates_for_filing,0.1697467488021903
4,2007-07-22,2020-02-01,dates_for_filing,12.531143052703628
3,2008-07-22,2020-02-01,dates_for_filing,11.529089664613279
2B,2015-04-22,2020-02-01,dates_for_filing,4.780287474332649
1,2014-03-22,2020-02-01,dates_for_filing,5.864476386036961
4,2006-07-01,2020-02-01,final_action,13.587953456536619
3,2007-11-22,2020-02-01,final_action,12.19438740588638
2B,2014-08-22,2020-02-01,final_action,5.44558521560575
2A,2020-02-01,2020-02-01,final_action,0.0
1,2013-08-22,2020-02-01,final_action,6.444900752908967
1,2014-03-15,2020-01-01,dates_for_filing,5.798767967145791
4,2007-07-22,2020-01-01,dates_for_filing,12.446269678302533
3,2008-07-15,2020-01-01,dates_for_filing,11.463381245722108
2B,2015-04-08,2020-01-01,dates_for_filing,4.733744010951403
2A,2019-11-01,2020-01-01,dates_for_filing,0.16700889801505817
1,2013-07-15,2020-01-01,final_action,6.464065708418891
4,2007-02-01,2020-01-01,final_action,12.914442162902121
3,2007-11-15,2020-01-01,final_action,12.128678986995208
2B,2014-08-08,2020-01-01,final_action,5.3990417522245036
2A,2020-01-01,2020-01-01,final_action,0.0
2A,2019-10-01,2019-12-01,dates_for_filing,0.16700889801505817
4,2007-07-22,2019-12-01,dates_for_filing,12.361396303901437
3,2008-05-15,2019-12-01,dates_for_filing,11.545516769336071
2B,2015-02-08,2019-12-01,dates_for_filing,4.810403832991102
1,2013-11-15,2019-12-01,dates_for_filing,6.0424366872005475
1,2013-05-15,2019-12-01,final_action,6.546201232032854
3,2007-11-08,2019-12-01,final_action,12.062970568104038
2B,2014-08-08,2019-12-01,final_action,5.314168377823409
2A,2019-12-01,2019-12-01,final_action,0.0
4,2007-02-01,2019-12-01,final_action,12.829568788501026
1,2013-09-01,2019-11-01,dates_for_filing,6.165639972621492
3,2008-04-15,2019-11-01,dates_for_filing,11.545516769336071
2B,2015-01-08,2019-11-01,dates_for_filing,4.813141683778234
2A,2019-09-01,2019-11-01,dates_for_filing,0.16700889801505817
4,2007-07-01,2019-11-01,dates_for_filing,12.336755646817249
4,2007-01-01,2019-11-01,final_action,12.83230663928816
2B,2014-07-08,2019-11-01,final_action,5.316906228610541
2A,2019-11-01,2019-11-01,final_action,0.0
1,2013-03-01,2019-11-01,final_action,6.669404517453799
3,2007-10-15,2019-11-01,final_action,12.046543463381246
1,2013-07-15,2019-10-01,dates_for_filing,6.2121834360027375
4,2007-05-15,2019-10-01,dates_for_filing,12.380561259411362
3,2008-03-15,2019-10-01,dates_for_filing,11.545516769336071
2B,2014-12-01,2019-10-01,dates_for_filing,4.832306639288158
2A,2019-08-01,2019-10-01,dates_for_filing,0.16700889801505817
4,2006-11-22,2019-10-01,final_action,12.856947296372347
3,2007-09-15,2019-10-01,final_action,12.043805612594113
2B,2014-06-01,2019-10-01,final_action,5.333333333333333
2A,2019-10-01,2019-10-01,final_action,0.0
1,2013-01-15,2019-10-01,final_action,6.707734428473648
1,2013-05-01,2019-09-01,dates_for_filing,6.335386721423682
3,2008-01-22,2019-09-01,dates_for_filing,11.60848733744011
2B,2014-10-15,2019-09-01,dates_for_filing,4.878850102669404
2A,2019-07-01,2019-09-01,dates_for_filing,0.1697467488021903
4,2007-03-08,2019-09-01,dates_for_filing,12.484599589322382
4,2006-11-01,2019-09-01,final_action,12.83230663928816
2A,2019-09-01,2019-09-01,final_action,0.0
1,2013-01-01,2019-09-01,final_action,6.663928815879535
3,2007-09-01,2019-09-01,final_action,12.0
2B,2014-06-01,2019-09-01,final_action,5.25119780971937
1,2012-07-01,2019-08-01,final_action,7.082819986310746
2A,2019-08-01,2019-08-01,final_action,0.0
2B,2014-01-01,2019-08-01,final_action,5.579739904175223
3,2007-06-22,2019-08-01,final_action,12.109514031485284
4,2006-10-01,2019-08-01,final_action,12.83230663928816
2A,2019-06-01,2019-08-01,dates_for_filing,0.16700889801505817
2B,2014-09-01,2019-08-01,dates_for_filing,4.914442162902122
3,2007-12-22,2019-08-01,dates_for_filing,11.60848733744011
4,2006-12-15,2019-08-01,dates_for_filing,12.626967830253252
1,2013-03-01,2019-08-01,dates_for_filing,6.417522245037645
1,2012-11-08,2019-07-01,dates_for_filing,6.6420260095824775
4,2006-12-15,2019-07-01,dates_for_filing,12.542094455852157
3,2007-09-08,2019-07-01,dates_for_filing,11.811088295687885
2B,2014-08-15,2019-07-01,dates_for_filing,4.876112251882272
2A,2019-03-08,2019-07-01,dates_for_filing,0.31485284052019163
4,2006-06-15,2019-07-01,final_action,13.043121149897331
3,2007-03-08,2019-07-01,final_action,12.314852840520192
2B,2013-09-01,2019-07-01,final_action,5.8288843258042435
2A,2019-07-01,2019-07-01,final_action,0.0
1,2012-03-08,2019-07-01,final_action,7.312799452429843
4,2006-12-01,2019-06-01,dates_for_filing,12.498288843258042
3,2007-08-22,2019-06-01,dates_for_filing,11.775496235455167
2B,2014-08-08,2019-06-01,dates_for_filing,4.813141683778234
2A,2019-03-08,2019-06-01,dates_for_filing,0.2327173169062286
1,2012-10-08,2019-06-01,dates_for_filing,6.6447638603696095
4,2006-04-01,2019-06-01,final_action,13.166324435318275
3,2006-12-22,2019-06-01,final_action,12.44079397672827
2B,2013-05-15,2019-06-01,final_action,6.04517453798768
2A,2017-07-15,2019-06-01,final_action,1.8781656399726214
1,2012-02-15,2019-06-01,final_action,7.2908966461327855
1,2012-08-22,2019-05-01,dates_for_filing,6.6885694729637235
4,2006-10-01,2019-05-01,dates_for_filing,12.580424366872005
2B,2014-08-01,2019-05-01,dates_for_filing,4.747433264887063
2A,2018-01-08,2019-05-01,dates_for_filing,1.3086926762491444
3,2007-06-22,2019-05-01,dates_for_filing,11.85763175906913
4,2006-02-15,2019-05-01,final_action,13.204654346338124
2B,2013-02-01,2019-05-01,final_action,6.242299794661191
3,2006-11-08,2019-05-01,final_action,12.476386036960985
2A,2017-05-15,2019-05-01,final_action,1.9603011635865846
1,2012-01-08,2019-05-01,final_action,7.310061601642711
1,2012-07-01,2019-04-01,dates_for_filing,6.74880219028063
4,2006-08-01,2019-04-01,dates_for_filing,12.6652977412731
3,2007-04-22,2019-04-01,dates_for_filing,11.942505133470226
2B,2014-07-01,2019-04-01,dates_for_filing,4.7501711156741955
2A,2017-12-15,2019-04-01,dates_for_filing,1.2922655715263518
1,2011-12-01,2019-04-01,final_action,7.3319644079397674
4,2006-01-01,2019-04-01,final_action,13.245722108145106
2B,2012-10-22,2019-04-01,final_action,6.439425051334703
2A,2017-03-01,2019-04-01,final_action,2.083504449007529
3,2006-09-22,2019-04-01,final_action,12.522929500342231
2A,2017-12-08,2019-03-01,dates_for_filing,1.2265571526351813
4,2006-06-22,2019-03-01,dates_for_filing,12.68993839835729
3,2007-03-01,2019-03-01,dates_for_filing,12.0
2B,2014-06-22,2019-03-01,dates_for_filing,4.689938398357289
1,2012-04-22,2019-03-01,dates_for_filing,6.855578370978781
4,2005-09-22,2019-03-01,final_action,13.437371663244353
3,2006-09-08,2019-03-01,final_action,12.476386036960985
2B,2012-08-01,2019-03-01,final_action,6.579055441478439
2A,2017-01-08,2019-03-01,final_action,2.1409993155373033
1,2011-10-22,2019-03-01,final_action,7.356605065023956
1,2012-04-08,2019-02-01,dates_for_filing,6.8172484599589325
4,2006-06-15,2019-02-01,dates_for_filing,12.632443531827516
3,2007-02-01,2019-02-01,dates_for_filing,12.0
2B,2014-06-22,2019-02-01,dates_for_filing,4.61327857631759
2A,2017-12-01,2019-02-01,dates_for_filing,1.1690622861054072
1,2011-09-22,2019-02-01,final_action,7.36208076659822
4,2005-06-22,2019-02-01,final_action,13.612594113620808
3,2006-08-22,2019-02-01,final_action,12.446269678302533
2B,2012-05-01,2019-02-01,final_action,6.754277891854894
2A,2016-12-01,2019-02-01,final_action,2.1683778234086244
4,2006-05-15,2019-01-01,dates_for_filing,12.632443531827516
1,2012-03-08,2019-01-01,dates_for_filing,6.8172484599589325
2B,2014-03-22,2019-01-01,dates_for_filing,4.780287474332649
2A,2017-12-01,2019-01-01,dates_for_filing,1.0841889117043122
3,2007-01-08,2019-01-01,dates_for_filing,11.980835044490075
4,2005-05-22,2019-01-01,final_action,13.612594113620808
2A,2016-11-08,2019-01-01,final_action,2.1464750171115674
1,2011-08-22,2019-01-01,final_action,7.36208076659822
3,2006-08-15,2019-01-01,final_action,12.380561259411362
2B,2012-03-15,2019-01-01,final_action,6.798083504449007
1,2011-08-08,2018-12-01,final_action,7.315537303216975
2A,2016-10-08,2018-12-01,final_action,2.1464750171115674
2B,2012-02-15,2018-12-01,final_action,6.792607802874743
3,2006-08-01,2018-12-01,final_action,12.334017796030116
4,2005-04-22,2018-12-01,final_action,13.609856262833675
1,2012-03-08,2018-12-01,dates_for_filing,6.7323750855578375
2A,2017-12-01,2018-12-01,dates_for_filing,0.999315537303217
2B,2014-03-22,2018-12-01,dates_for_filing,4.695414099931554
3,2007-01-08,2018-12-01,dates_for_filing,11.89596167008898
4,2006-02-01,2018-12-01,dates_for_filing,12.829568788501026
4,2005-06-01,2018-11-01,dates_for_filing,13.418206707734429
3,2007-01-08,2018-11-01,dates_for_filing,11.813826146475018
2B,2014-03-22,2018-11-01,dates_for_filing,4.61327857631759
2A,2017-12-01,2018-11-01,dates_for_filing,0.917180013689254
1,2012-03-08,2018-11-01,dates_for_filing,6.650239561943874
4,2005-03-22,2018-11-01,final_action,13.612594113620808
2B,2012-01-01,2018-11-01,final_action,6.833675564681725
2A,2016-09-15,2018-11-01,final_action,2.127310061601643
1,2011-06-22,2018-11-01,final_action,7.36208076659822
3,2006-07-08,2018-11-01,final_action,12.317590691307323
1,2011-06-01,2018-10-01,final_action,7.3347022587268995
2A,2016-08-22,2018-10-01,final_action,2.108145106091718
2B,2011-11-22,2018-10-01,final_action,6.8583162217659135
3,2006-06-15,2018-10-01,final_action,12.295687885010267
4,2005-02-15,2018-10-01,final_action,13.623545516769337
1,2012-03-08,2018-10-01,dates_for_filing,6.565366187542779
2A,2017-12-01,2018-10-01,dates_for_filing,0.8323066392881588
2B,2014-03-22,2018-10-01,dates_for_filing,4.528405201916495
3,2007-01-08,2018-10-01,dates_for_filing,11.728952772073923
4,2005-06-01,2018-10-01,dates_for_filing,13.333333333333334
2B,2014-03-22,2018-09-01,dates_for_filing,4.446269678302532
1,2012-03-08,2018-09-01,dates_for_filing,6.483230663928816
3,2006-09-22,2018-09-01,dates_for_filing,11.942505133470226
4,2005-05-01,2018-09-01,dates_for_filing,13.336071184120465
2A,2017-12-01,2018-09-01,dates_for_filing,0.7501711156741958
3,2006-05-01,2018-09-01,final_action,12.336755646817249
4,2005-01-08,2018-09-01,final_action,13.645448323066393
2A,2016-07-22,2018-09-01,final_action,2.11088295687885
1,2011-04-08,2018-09-01,final_action,7.40041067761807
2B,2011-11-01,2018-09-01,final_action,6.833675564681725
2A,2017-12-01,2018-08-01,dates_for_filing,0.6652977412731006
4,2005-05-01,2018-08-01,dates_for_filing,13.25119780971937
3,2006-09-22,2018-08-01,dates_for_filing,11.85763175906913
2B,2012-01-08,2018-08-01,dates_for_filing,6.562628336755647
1,2012-03-08,2018-08-01,dates_for_filing,6.398357289527721
4,2004-12-22,2018-08-01,final_action,13.607118412046544
3,2006-06-15,2018-08-01,final_action,12.128678986995208
2B,2011-10-22,2018-08-01,final_action,6.776180698151951
2A,2016-07-22,2018-08-01,final_action,2.026009582477755
1,2011-05-08,2018-08-01,final_action,7.233401779603011
2A,2017-12-01,2018-07-01,dates_for_filing,0.5804243668720055
4,2005-05-01,2018-07-01,dates_for_filing,13.166324435318275
3,2006-09-22,2018-07-01,dates_for_filing,11.772758384668036
2B,2012-01-08,2018-07-01,dates_for_filing,6.477754962354552
1,2012-03-08,2018-07-01,dates_for_filing,6.313483915126626
3,2006-05-01,2018-07-01,final_action,12.167008898015059
2B,2011-08-15,2018-07-01,final_action,6.877481177275839
2A,2016-06-22,2018-07-01,final_action,2.023271731690623
4,2004-11-15,2018-07-01,final_action,13.623545516769337
1,2011-04-22,2018-07-01,final_action,7.19233401779603
4,2004-10-22,2018-06-01,final_action,13.607118412046544
1,2011-04-08,2018-06-01,final_action,7.148528405201916
2A,2016-06-08,2018-06-01,final_action,1.9794661190965093
2B,2011-06-22,2018-06-01,final_action,6.9431895961670085
3,2006-03-15,2018-06-01,final_action,12.213552361396303
1,2012-01-08,2018-06-01,dates_for_filing,6.395619438740589
2A,2017-09-22,2018-06-01,dates_for_filing,0.6899383983572895
2B,2011-09-08,2018-06-01,dates_for_filing,6.729637234770705
3,2006-09-08,2018-06-01,dates_for_filing,11.728952772073923
4,2005-04-01,2018-06-01,dates_for_filing,13.166324435318275
3,2006-09-08,2018-05-01,dates_for_filing,11.644079397672828
2A,2017-09-22,2018-05-01,dates_for_filing,0.6050650239561944
4,2005-04-01,2018-05-01,dates_for_filing,13.08145106091718
2B,2011-09-08,2018-05-01,dates_for_filing,6.6447638603696095
1,2012-01-08,2018-05-01,dates_for_filing,6.310746064339494
4,2004-10-01,2018-05-01,final_action,13.579739904175222
3,2006-02-01,2018-05-01,final_action,12.243668720054757
2B,2011-05-15,2018-05-01,final_action,6.962354551676934
2A,2016-06-01,2018-05-01,final_action,1.9137577002053388
1,2011-04-08,2018-05-01,final_action,7.063655030800821
1,2012-01-01,2018-04-01,dates_for_filing,6.247775496235455
4,2005-03-08,2018-04-01,dates_for_filing,13.065023956194388
3,2006-09-01,2018-04-01,dates_for_filing,11.58110882956879
2B,2011-09-01,2018-04-01,dates_for_filing,6.581793292265571
2A,2017-09-22,2018-04-01,dates_for_filing,0.5229295003422314
3,2006-01-08,2018-04-01,final_action,12.227241615331964
4,2004-09-15,2018-04-01,final_action,13.541409993155373
2B,2011-04-08,2018-04-01,final_action,6.981519507186858
2A,2016-05-01,2018-04-01,final_action,1.9164955509924708
1,2011-04-08,2018-04-01,final_action,6.981519507186858
3,2005-12-01,2018-03-01,dates_for_filing,12.24640657084189
2B,2011-09-01,2018-03-01,dates_for_filing,6.496919917864476
1,2012-01-01,2018-03-01,dates_for_filing,6.16290212183436
4,2005-01-22,2018-03-01,dates_for_filing,13.103353867214237
2A,2017-05-01,2018-03-01,dates_for_filing,0.8323066392881588
3,2005-12-15,2018-03-01,final_action,12.208076659822039
4,2004-08-22,2018-03-01,final_action,13.522245037645447
2B,2011-03-01,2018-03-01,final_action,7.000684462696783
2A,2016-03-22,2018-03-01,final_action,1.9411362080766599
1,2011-03-22,2018-03-01,final_action,6.9431895961670085
1,2011-03-15,2018-02-01,final_action,6.885694729637235
2A,2016-03-01,2018-02-01,final_action,1.9219712525667352
2B,2011-01-15,2018-02-01,final_action,7.047227926078029
3,2005-11-15,2018-02-01,final_action,12.213552361396303
4,2004-07-22,2018-02-01,final_action,13.530458590006845
1,2012-01-01,2018-02-01,dates_for_filing,6.0862422997946615
2A,2016-11-01,2018-02-01,dates_for_filing,1.2511978097193703
2B,2011-09-01,2018-02-01,dates_for_filing,6.420260095824777
3,2005-12-01,2018-02-01,dates_for_filing,12.16974674880219
4,2004-11-15,2018-02-01,dates_for_filing,13.212867898699521
3,2005-12-01,2018-01-01,dates_for_filing,12.084873374401095
2B,2011-09-01,2018-01-01,dates_for_filing,6.335386721423682
1,2012-01-01,2018-01-01,dates_for_filing,6.0013689253935665
4,2004-11-15,2018-01-01,dates_for_filing,13.127994524298426
2A,2016-11-01,2018-01-01,dates_for_filing,1.1663244353182751
1,2011-03-15,2018-01-01,final_action,6.80082135523614
4,2004-06-22,2018-01-01,final_action,13.527720739219713
2B,2010-12-01,2018-01-01,final_action,7.085557837097878
2A,2016-02-01,2018-01-01,final_action,1.9164955509924708
3,2005-10-08,2018-01-01,final_action,12.232717316906228
2A,2016-11-01,2017-12-01,dates_for_filing,1.08145106091718
4,2004-11-15,2017-12-01,dates_for_filing,13.043121149897331
3,2005-12-01,2017-12-01,dates_for_filing,12.0
2B,2011-09-01,2017-12-01,dates_for_filing,6.250513347022587
1,2012-01-01,2017-12-01,dates_for_filing,5.916495550992471
4,2004-06-08,2017-12-01,final_action,13.481177275838467
3,2005-09-08,2017-12-01,final_action,12.229979466119097
2B,2010-11-22,2017-12-01,final_action,7.025325119780972
2A,2015-12-22,2017-12-01,final_action,1.943874058863792
1,2011-02-01,2017-12-01,final_action,6.830937713894593
2A,2016-11-01,2017-11-01,dates_for_filing,0.999315537303217
4,2004-11-15,2017-11-01,dates_for_filing,12.960985626283367
3,2005-12-01,2017-11-01,dates_for_filing,11.917864476386036
2B,2011-09-01,2017-11-01,dates_for_filing,6.168377823408624
1,2012-01-01,2017-11-01,dates_for_filing,5.834360027378508
4,2004-05-22,2017-11-01,final_action,13.44558521560575
3,2005-08-15,2017-11-01,final_action,12.213552361396303
2B,2010-11-15,2017-11-01,final_action,6.962354551676934
2A,2015-11-15,2017-11-01,final_action,1.9630390143737166
1,2011-01-22,2017-11-01,final_action,6.776180698151951
1,2012-01-01,2017-10-01,dates_for_filing,5.749486652977413
4,2004-11-15,2017-10-01,dates_for_filing,12.876112251882272
3,2005-12-01,2017-10-01,dates_for_filing,11.832991101984941
2B,2011-09-01,2017-10-01,dates_for_filing,6.083504449007529
2A,2016-11-01,2017-10-01,dates_for_filing,0.9144421629021219
3,2005-07-22,2017-10-01,final_action,12.19438740588638
4,2004-05-08,2017-10-01,final_action,13.399041752224504
2B,2010-11-08,2017-10-01,final_action,6.896646132785763
2A,2015-10-22,2017-10-01,final_action,1.943874058863792
1,2010-12-22,2017-10-01,final_action,6.776180698151951
3,2005-12-01,2017-09-01,dates_for_filing,11.75085557837098
2B,2011-09-01,2017-09-01,dates_for_filing,6.0013689253935665
1,2011-07-22,2017-09-01,dates_for_filing,6.113620807665982
4,2004-11-15,2017-09-01,dates_for_filing,12.793976728268309
2A,2016-04-08,2017-09-01,dates_for_filing,1.3990417522245038
1,2010-05-01,2017-09-01,final_action,7.337440109514032
4,2002-01-01,2017-09-01,final_action,15.665982203969884
2B,2010-11-01,2017-09-01,final_action,6.833675564681725
2A,2015-10-01,2017-09-01,final_action,1.919233401779603
3,2005-07-08,2017-09-01,final_action,12.150581793292266
2A,2016-04-08,2017-08-01,dates_for_filing,1.3141683778234086
4,2004-11-15,2017-08-01,dates_for_filing,12.709103353867214
3,2005-12-01,2017-08-01,dates_for_filing,11.665982203969884
2B,2011-09-01,2017-08-01,dates_for_filing,5.916495550992471
1,2011-07-22,2017-08-01,dates_for_filing,6.028747433264887
4,2004-05-08,2017-08-01,final_action,13.232032854209445
3,2005-07-08,2017-08-01,final_action,12.06570841889117
2B,2010-11-01,2017-08-01,final_action,6.74880219028063
2A,2015-09-22,2017-08-01,final_action,1.8590006844626967
1,2010-12-22,2017-08-01,final_action,6.609171800136893
1,2011-07-22,2017-07-01,dates_for_filing,5.943874058863792
4,2004-11-15,2017-07-01,dates_for_filing,12.624229979466119
3,2005-12-01,2017-07-01,dates_for_filing,11.58110882956879
2B,2011-09-01,2017-07-01,dates_for_filing,5.831622176591376
2A,2016-04-08,2017-07-01,dates_for_filing,1.2292950034223136
1,2010-12-22,2017-07-01,final_action,6.524298425735798
4,2004-05-08,2017-07-01,final_action,13.14715947980835
3,2005-07-08,2017-07-01,final_action,11.980835044490075
2B,2010-11-01,2017-07-01,final_action,6.663928815879535
2A,2015-09-08,2017-07-01,final_action,1.8124572210814511
4,2004-11-15,2017-06-01,dates_for_filing,12.542094455852157
3,2005-12-01,2017-06-01,dates_for_filing,11.498973305954825
2B,2011-09-01,2017-06-01,dates_for_filing,5.749486652977413
1,2011-07-22,2017-06-01,dates_for_filing,5.861738535249829
2A,2016-04-08,2017-06-01,dates_for_filing,1.1471594798083504
3,2005-07-01,2017-06-01,final_action,11.917864476386036
4,2004-05-08,2017-06-01,final_action,13.065023956194388
2A,2015-08-15,2017-06-01,final_action,1.7960301163586585
1,2010-12-22,2017-06-01,final_action,6.442162902121835
2B,2010-10-22,2017-06-01,final_action,6.609171800136893
2A,2016-04-08,2017-05-01,dates_for_filing,1.0622861054072552
4,2004-11-15,2017-05-01,dates_for_filing,12.457221081451062
3,2005-12-01,2017-05-01,dates_for_filing,11.41409993155373
2B,2011-09-01,2017-05-01,dates_for_filing,5.664613278576318
1,2011-07-22,2017-05-01,dates_for_filing,5.776865160848733
4,2004-05-08,2017-05-01,final_action,12.980150581793293
3,2005-06-15,2017-05-01,final_action,11.876796714579056
2B,2010-10-01,2017-05-01,final_action,6.581793292265571
2A,2015-07-15,2017-05-01,final_action,1.7960301163586585
1,2010-12-08,2017-05-01,final_action,6.395619438740589
2A,2015-11-22,2017-04-01,dates_for_filing,1.3579739904175223
4,2004-07-01,2017-04-01,dates_for_filing,12.750171115674195
3,2005-08-22,2017-04-01,dates_for_filing,11.60848733744011
2B,2011-02-08,2017-04-01,dates_for_filing,6.143737166324435
1,2011-01-01,2017-04-01,dates_for_filing,6.247775496235455
4,2004-05-08,2017-04-01,final_action,12.898015058179329
3,2005-05-15,2017-04-01,final_action,11.879534565366187
2B,2010-09-15,2017-04-01,final_action,6.543463381245722
2A,2015-06-08,2017-04-01,final_action,1.8151950718685832
1,2010-10-15,2017-04-01,final_action,6.461327857631759
1,2011-01-01,2017-03-01,dates_for_filing,6.16290212183436
4,2004-07-01,2017-03-01,dates_for_filing,12.6652977412731
3,2005-08-22,2017-03-01,dates_for_filing,11.523613963039015
2B,2011-02-08,2017-03-01,dates_for_filing,6.05886379192334
2A,2015-11-22,2017-03-01,dates_for_filing,1.273100616016427
3,2005-04-22,2017-03-01,final_action,11.85763175906913
4,2004-02-22,2017-03-01,final_action,13.021218343600275
2B,2010-08-15,2017-03-01,final_action,6.543463381245722
2A,2015-05-08,2017-03-01,final_action,1.8151950718685832
1,2010-06-01,2017-03-01,final_action,6.74880219028063
3,2005-08-22,2017-02-01,dates_for_filing,11.446954140999315
2B,2011-02-08,2017-02-01,dates_for_filing,5.982203969883641
1,2011-01-01,2017-02-01,dates_for_filing,6.0862422997946615
4,2004-07-01,2017-02-01,dates_for_filing,12.588637919233403
2A,2015-11-22,2017-02-01,dates_for_filing,1.1964407939767283
3,2005-03-22,2017-02-01,final_action,11.865845311430528
4,2004-02-08,2017-02-01,final_action,12.982888432580424
2B,2010-07-08,2017-02-01,final_action,6.570841889117043
2A,2015-04-15,2017-02-01,final_action,1.8015058179329226
1,2010-02-22,2017-02-01,final_action,6.9431895961670085
1,2010-01-08,2017-01-01,final_action,6.981519507186858
2A,2015-03-22,2017-01-01,final_action,1.782340862422998
2B,2010-06-08,2017-01-01,final_action,6.568104038329911
3,2005-03-01,2017-01-01,final_action,11.838466803559205
4,2004-01-22,2017-01-01,final_action,12.944558521560575
1,2011-01-01,2017-01-01,dates_for_filing,6.0013689253935665
2A,2015-11-22,2017-01-01,dates_for_filing,1.111567419575633
2B,2011-02-08,2017-01-01,dates_for_filing,5.897330595482546
3,2005-08-22,2017-01-01,dates_for_filing,11.36208076659822
4,2004-07-01,2017-01-01,dates_for_filing,12.503764544832306
2B,2011-02-08,2016-12-01,dates_for_filing,5.812457221081451
4,2004-07-01,2016-12-01,dates_for_filing,12.41889117043121
3,2005-08-22,2016-12-01,dates_for_filing,11.277207392197125
2A,2015-11-22,2016-12-01,dates_for_filing,1.0266940451745379
1,2011-01-01,2016-12-01,dates_for_filing,5.916495550992471
2A,2015-11-22,2016-11-01,dates_for_filing,0.944558521560575
1,2009-10-22,2016-11-01,final_action,7.028062970568104
2A,2015-01-22,2016-11-01,final_action,1.7768651608487338
2B,2010-04-15,2016-11-01,final_action,6.548939082819986
3,2005-01-22,2016-11-01,final_action,11.775496235455167
4,2003-12-01,2016-11-01,final_action,12.919917864476385
1,2011-01-01,2016-11-01,dates_for_filing,5.834360027378508
2B,2011-02-08,2016-11-01,dates_for_filing,5.730321697467488
3,2005-08-22,2016-11-01,dates_for_filing,11.195071868583161
4,2004-07-01,2016-11-01,dates_for_filing,12.336755646817249
2B,2011-02-08,2016-10-01,dates_for_filing,5.645448323066393
1,2011-01-01,2016-10-01,dates_for_filing,5.749486652977413
3,2005-08-22,2016-10-01,dates_for_filing,11.110198494182066
4,2004-07-01,2016-10-01,dates_for_filing,12.251882272416154
2A,2015-11-22,2016-10-01,dates_for_filing,0.8596851471594799
3,2004-12-22,2016-10-01,final_action,11.775496235455167
4,2003-11-01,2016-10-01,final_action,12.917180013689254
2A,2014-12-22,2016-10-01,final_action,1.7768651608487338
1,2009-09-22,2016-10-01,final_action,7.025325119780972
2B,2010-03-15,2016-10-01,final_action,6.548939082819986
2A,2015-11-22,2016-09-01,dates_for_filing,0.7775496235455168
4,2004-06-15,2016-09-01,dates_for_filing,12.213552361396303
3,2005-08-22,2016-09-01,dates_for_filing,11.028062970568104
2B,2011-02-08,2016-09-01,dates_for_filing,5.563312799452429
1,2010-01-01,2016-09-01,dates_for_filing,6.666666666666667
4,2003-10-08,2016-09-01,final_action,12.900752908966462
3,2004-12-01,2016-09-01,final_action,11.75085557837098
2B,2010-02-01,2016-09-01,final_action,6.581793292265571
2A,2014-11-15,2016-09-01,final_action,1.7960301163586585
1,2009-09-15,2016-09-01,final_action,6.962354551676934
2A,2015-11-22,2016-08-01,dates_for_filing,0.6926762491444216
4,2004-06-15,2016-08-01,dates_for_filing,12.128678986995208
3,2005-08-22,2016-08-01,dates_for_filing,10.94318959616701
2B,2011-02-08,2016-08-01,dates_for_filing,5.478439425051334
1,2010-01-01,2016-08-01,dates_for_filing,6.581793292265571
4,2003-09-15,2016-08-01,final_action,12.878850102669405
3,2004-12-01,2016-08-01,final_action,11.665982203969884
2B,2010-01-08,2016-08-01,final_action,6.562628336755647
2A,2014-11-15,2016-08-01,final_action,1.7111567419575633
1,2009-05-22,2016-08-01,final_action,7.195071868583162
1,2009-10-01,2016-07-01,dates_for_filing,6.74880219028063
4,2004-05-01,2016-07-01,dates_for_filing,12.167008898015059
3,2005-08-01,2016-07-01,dates_for_filing,10.915811088295689
2B,2010-12-15,2016-07-01,dates_for_filing,5.544147843942505
2A,2015-10-15,2016-07-01,dates_for_filing,0.7118412046543463
3,2004-12-01,2016-07-01,final_action,11.58110882956879
4,2003-09-08,2016-07-01,final_action,12.813141683778234
2B,2009-12-08,2016-07-01,final_action,6.562628336755647
2A,2014-11-15,2016-07-01,final_action,1.626283367556468
1,2009-03-22,2016-07-01,final_action,7.277207392197125
3,2005-08-01,2016-06-01,dates_for_filing,10.833675564681725
2B,2010-12-15,2016-06-01,dates_for_filing,5.462012320328542
1,2009-10-01,2016-06-01,dates_for_filing,6.666666666666667
4,2004-05-01,2016-06-01,dates_for_filing,12.084873374401095
2A,2015-10-15,2016-06-01,dates_for_filing,0.6297056810403833
1,2009-01-15,2016-06-01,final_action,7.3757700205338805
4,2003-08-08,2016-06-01,final_action,12.815879534565367
2B,2009-10-22,2016-06-01,final_action,6.609171800136893
2A,2014-11-08,2016-06-01,final_action,1.5633127994524298
3,2004-12-01,2016-06-01,final_action,11.498973305954825
1,2008-11-22,2016-05-01,final_action,7.438740588637919
2A,2014-11-01,2016-05-01,final_action,1.4976043805612593
2B,2009-09-01,2016-05-01,final_action,6.663928815879535
3,2004-12-01,2016-05-01,final_action,11.41409993155373
4,2003-07-22,2016-05-01,final_action,12.777549623545516
1,2009-10-01,2016-05-01,dates_for_filing,6.581793292265571
2A,2015-06-15,2016-05-01,dates_for_filing,0.8788501026694046
2B,2010-12-15,2016-05-01,dates_for_filing,5.377138945927447
3,2005-08-01,2016-05-01,dates_for_filing,10.74880219028063
4,2004-05-01,2016-05-01,dates_for_filing,12.0
3,2004-11-22,2016-04-01,final_action,11.356605065023956
4,2003-07-22,2016-04-01,final_action,12.695414099931554
1,2008-09-22,2016-04-01,final_action,7.523613963039014
2B,2009-06-15,2016-04-01,final_action,6.795345653661875
2A,2014-10-22,2016-04-01,final_action,1.4428473648186173
1,2008-08-08,2016-03-01,final_action,7.561943874058864
2A,2014-09-22,2016-03-01,final_action,1.4401095140314852
2B,2009-05-22,2016-03-01,final_action,6.776180698151951
3,2004-10-15,2016-03-01,final_action,11.375770020533881
4,2003-07-01,2016-03-01,final_action,12.668035592060233
1,2007-08-15,2015-05-01,final_action,7.709787816563997
2A,2013-09-01,2015-05-01,final_action,1.6618754277891854
2B,2008-09-15,2015-05-01,final_action,6.622861054072553
3,2004-02-22,2015-05-01,final_action,11.186858316221766
4,2002-08-01,2015-05-01,final_action,12.747433264887064
