unique_id,ds,y,control-patchtst
all_chargeability/family/F1,2024-10-01,15584.0,15585.840015053749
all_chargeability/family/F1,2024-11-01,15584.0,15577.606194496155
all_chargeability/family/F1,2024-12-01,15584.0,15579.488718509674
all_chargeability/family/F1,2025-01-01,15584.0,15583.657113522291
all_chargeability/family/F1,2025-02-01,15584.0,15583.999929253609
all_chargeability/family/F1,2025-03-01,15584.0,15583.999929253609
all_chargeability/family/F1,2025-04-01,15584.0,15583.999929253609
all_chargeability/family/F1,2025-05-01,15584.0,15583.999929253609
all_chargeability/family/F1,2025-06-01,15584.0,15583.999929253609
all_chargeability/family/F1,2025-07-01,15584.0,15583.999929253609
all_chargeability/family/F1,2025-08-01,15584.0,15583.999929253609
all_chargeability/family/F1,2025-09-01,15584.0,15583.999929253609
all_chargeability/family/F1,2025-10-01,15584.0,15583.999929253609
all_chargeability/family/F1,2025-11-01,15584.0,15583.999929253609
all_chargeability/family/F1,2025-12-01,15584.0,15583.999929253609
all_chargeability/family/F1,2026-01-01,15584.0,15583.999929253609
all_chargeability/family/F1,2026-02-01,15584.0,15583.999929253609
all_chargeability/family/F1,2026-03-01,15584.0,15583.999929253609
all_chargeability/family/F1,2026-04-01,15765.0,15583.999929253609
all_chargeability/family/F1,2026-05-01,15979.0,15767.92875790596
all_chargeability/family/F1,2026-06-01,15979.0,15995.571393966675
all_chargeability/family/F1,2026-07-01,16071.0,15987.986273765564
all_chargeability/family/F1,2026-08-01,16236.0,16116.433727264404
all_chargeability/family/F1,2026-09-01,16467.0,16309.40869140625
all_chargeability/family/F2A,2024-10-01,18093.0,18067.207310199738
all_chargeability/family/F2A,2024-11-01,18093.0,18121.69177055359
all_chargeability/family/F2A,2024-12-01,18093.0,18096.374641895294
all_chargeability/family/F2A,2025-01-01,18093.0,18092.68114325404
all_chargeability/family/F2A,2025-02-01,18093.0,18095.78312587738
all_chargeability/family/F2A,2025-03-01,18093.0,18096.796658039093
all_chargeability/family/F2A,2025-04-01,18185.0,18093.29396611452
all_chargeability/family/F2A,2025-05-01,18294.0,18223.366928100586
all_chargeability/family/F2A,2025-06-01,18294.0,18326.818016052246
all_chargeability/family/F2A,2025-07-01,18322.0,18300.69460296631
all_chargeability/family/F2A,2025-08-01,18353.0,18360.646911621094
all_chargeability/family/F2A,2025-09-01,18414.0,18379.969213485718
all_chargeability/family/F2A,2025-10-01,18527.0,18458.006370544434
all_chargeability/family/F2A,2025-11-01,18557.0,18526.55696323514
all_chargeability/family/F2A,2025-12-01,18588.0,18580.809230804443
all_chargeability/family/F2A,2026-01-01,18618.0,18618.46816635132
all_chargeability/family/F2A,2026-02-01,18649.0,18650.25325012207
all_chargeability/family/F2A,2026-03-01,18680.0,18684.577224731445
all_chargeability/family/F2A,2026-04-01,18718.0,18716.540210723877
all_chargeability/family/F2A,2026-05-01,18748.0,18757.84503555298
all_chargeability/family/F2A,2026-06-01,18779.0,18776.675352096558
all_chargeability/family/F2A,2026-07-01,18809.0,18812.58323287964
all_chargeability/family/F2A,2026-08-01,18840.0,18845.391536712646
all_chargeability/family/F2A,2026-09-01,18871.0,18867.770483016968
all_chargeability/family/F2B,2024-10-01,15341.0,15340.999929253609
all_chargeability/family/F2B,2024-11-01,15341.0,15340.999929253609
all_chargeability/family/F2B,2024-12-01,15341.0,15340.999929253609
all_chargeability/family/F2B,2025-01-01,15341.0,15340.999929253609
all_chargeability/family/F2B,2025-02-01,15341.0,15340.999929253609
all_chargeability/family/F2B,2025-03-01,15341.0,15340.999929253609
all_chargeability/family/F2B,2025-04-01,15341.0,15340.999929253609
all_chargeability/family/F2B,2025-05-01,15341.0,15340.999929253609
all_chargeability/family/F2B,2025-06-01,15341.0,15340.999929253609
all_chargeability/family/F2B,2025-07-01,15341.0,15340.999929253609
all_chargeability/family/F2B,2025-08-01,15341.0,15340.999929253609
all_chargeability/family/F2B,2025-09-01,15341.0,15340.999929253609
all_chargeability/family/F2B,2025-10-01,15341.0,15340.999929253609
all_chargeability/family/F2B,2025-11-01,15407.0,15340.999929253609
all_chargeability/family/F2B,2025-12-01,15407.0,15408.06794989109
all_chargeability/family/F2B,2026-01-01,15414.0,15407.718962490559
all_chargeability/family/F2B,2026-02-01,15414.0,15418.998275279999
all_chargeability/family/F2B,2026-03-01,15414.0,15414.863321244717
all_chargeability/family/F2B,2026-04-01,15560.0,15414.631891131401
all_chargeability/family/F2B,2026-05-01,15706.0,15559.330358624458
all_chargeability/family/F2B,2026-06-01,15786.0,15732.32988357544
all_chargeability/family/F2B,2026-07-01,15864.0,15833.856155395508
all_chargeability/family/F2B,2026-08-01,16071.0,15917.120147705078
all_chargeability/family/F2B,2026-09-01,16314.0,16129.082080841064
all_chargeability/family/F3,2024-10-01,13330.0,13154.288168430328
all_chargeability/family/F3,2024-11-01,13626.0,13361.55366897583
all_chargeability/family/F3,2024-12-01,13626.0,13663.255340576172
all_chargeability/family/F3,2025-01-01,13717.0,13642.567241668701
all_chargeability/family/F3,2025-02-01,13717.0,13796.827163696289
all_chargeability/family/F3,2025-03-01,13717.0,13735.444459915161
all_chargeability/family/F3,2025-04-01,13717.0,13729.790093421936
all_chargeability/family/F3,2025-05-01,13717.0,13728.443702697754
all_chargeability/family/F3,2025-06-01,13717.0,13749.315334320068
all_chargeability/family/F3,2025-07-01,13717.0,13728.194360733032
all_chargeability/family/F3,2025-08-01,13717.0,13720.973338842392
all_chargeability/family/F3,2025-09-01,13717.0,13720.849389314651
all_chargeability/family/F3,2025-10-01,13717.0,13717.094930142164
all_chargeability/family/F3,2025-11-01,13717.0,13738.385343551636
all_chargeability/family/F3,2025-12-01,13717.0,13719.964265346527
all_chargeability/family/F3,2026-01-01,13717.0,13717.480114996433
all_chargeability/family/F3,2026-02-01,13717.0,13718.070618629456
all_chargeability/family/F3,2026-03-01,13717.0,13700.731061935425
all_chargeability/family/F3,2026-04-01,13840.0,13716.210888385773
all_chargeability/family/F3,2026-05-01,13856.0,13890.80046081543
all_chargeability/family/F3,2026-06-01,13856.0,13867.401776313782
all_chargeability/family/F3,2026-07-01,13856.0,13858.718459129333
all_chargeability/family/F3,2026-08-01,13939.0,13857.808887839317
all_chargeability/family/F3,2026-09-01,14549.0,13967.050457000732
all_chargeability/family/F4,2024-10-01,12113.0,12113.155311256647
all_chargeability/family/F4,2024-11-01,12113.0,12112.591382801533
all_chargeability/family/F4,2024-12-01,12113.0,12112.461616516113
all_chargeability/family/F4,2025-01-01,12113.0,12112.9590796642
all_chargeability/family/F4,2025-02-01,12113.0,12112.999929253609
all_chargeability/family/F4,2025-03-01,12113.0,12112.999929253609
all_chargeability/family/F4,2025-04-01,12144.0,12112.999929253609
all_chargeability/family/F4,2025-05-01,12205.0,12144.501612842083
all_chargeability/family/F4,2025-06-01,12205.0,12208.24131989479
all_chargeability/family/F4,2025-07-01,12304.0,12206.90020442009
all_chargeability/family/F4,2025-08-01,12419.0,12311.809443950653
all_chargeability/family/F4,2025-09-01,12419.0,12440.417387008667
all_chargeability/family/F4,2025-10-01,12478.0,12425.909122467041
all_chargeability/family/F4,2025-11-01,12478.0,12503.28203010559
all_chargeability/family/F4,2025-12-01,12478.0,12487.31607246399
all_chargeability/family/F4,2026-01-01,12478.0,12483.708830833435
all_chargeability/family/F4,2026-02-01,12478.0,12481.06316447258
all_chargeability/family/F4,2026-03-01,12478.0,12493.352216720581
all_chargeability/family/F4,2026-04-01,12553.0,12482.299635887146
all_chargeability/family/F4,2026-05-01,12662.0,12581.996780395508
all_chargeability/family/F4,2026-06-01,12774.0,12690.549505233765
all_chargeability/family/F4,2026-07-01,12843.0,12829.36414718628
all_chargeability/family/F4,2026-08-01,12956.0,12887.732635498047
all_chargeability/family/F4,2026-09-01,13453.0,13019.497646331787
china/employment/EB2,2024-10-01,16710.0,16593.461701393127
china/employment/EB2,2024-11-01,16710.0,16712.346649169922
china/employment/EB2,2024-12-01,16710.0,16713.832768440247
china/employment/EB2,2025-01-01,16710.0,16713.449046611786
china/employment/EB2,2025-02-01,16710.0,16707.95568060875
china/employment/EB2,2025-03-01,16710.0,16710.64777368307
china/employment/EB2,2025-04-01,16741.0,16708.333887457848
china/employment/EB2,2025-05-01,16741.0,16742.334535479546
china/employment/EB2,2025-06-01,16802.0,16737.859949350357
china/employment/EB2,2025-07-01,16802.0,16839.1312789917
china/employment/EB2,2025-08-01,16802.0,16809.498886585236
china/employment/EB2,2025-09-01,16802.0,16804.304738521576
china/employment/EB2,2025-10-01,17136.0,16809.437768936157
china/employment/EB2,2025-11-01,17136.0,17157.204916000366
china/employment/EB2,2025-12-01,17136.0,17142.47633743286
china/employment/EB2,2026-01-01,17167.0,17137.91798210144
china/employment/EB2,2026-02-01,17167.0,17186.56916999817
china/employment/EB2,2026-03-01,17167.0,17171.376132965088
china/employment/EB2,2026-04-01,17167.0,17173.481976032257
china/employment/EB2,2026-05-01,17167.0,17168.386226534843
china/employment/EB2,2026-06-01,17167.0,17178.113512039185
china/employment/EB2,2026-07-01,17167.0,17169.55092549324
china/employment/EB2,2026-08-01,17167.0,17171.021134853363
china/employment/EB2,2026-09-01,17167.0,17168.89965212345
china/employment/EB3,2024-10-01,16755.0,17001.421642303467
china/employment/EB3,2024-11-01,16755.0,16654.684288024902
china/employment/EB3,2024-12-01,16755.0,16735.86032295227
china/employment/EB3,2025-01-01,16755.0,16762.834951400757
china/employment/EB3,2025-02-01,16755.0,16750.969156742096
china/employment/EB3,2025-03-01,16755.0,16742.209268569946
china/employment/EB3,2025-04-01,16755.0,16754.305928766727
china/employment/EB3,2025-05-01,16755.0,16745.697969436646
china/employment/EB3,2025-06-01,16792.0,16740.24680519104
china/employment/EB3,2025-07-01,16792.0,16812.047842025757
china/employment/EB3,2025-08-01,16792.0,16793.606559753418
china/employment/EB3,2025-09-01,16792.0,16790.05773603916
china/employment/EB3,2025-10-01,17167.0,16787.325638771057
china/employment/EB3,2025-11-01,17167.0,17175.709361076355
china/employment/EB3,2025-12-01,17167.0,17179.0280418396
china/employment/EB3,2026-01-01,17167.0,17168.8584587574
china/employment/EB3,2026-02-01,17167.0,17174.03245830536
china/employment/EB3,2026-03-01,17167.0,17175.891430854797
china/employment/EB3,2026-04-01,17167.0,17172.0275683403
china/employment/EB3,2026-05-01,17167.0,17166.22388857603
china/employment/EB3,2026-06-01,17167.0,17169.63011097908
china/employment/EB3,2026-07-01,17167.0,17170.51731157303
china/employment/EB3,2026-08-01,17174.0,17167.82885557413
china/employment/EB3,2026-09-01,17174.0,17179.604920864105
china/employment/EB3_OW,2024-10-01,15706.0,15527.119228363037
china/employment/EB3_OW,2024-11-01,15706.0,15694.005586624146
china/employment/EB3_OW,2024-12-01,15706.0,15715.882752418518
china/employment/EB3_OW,2025-01-01,15706.0,15712.902931213379
china/employment/EB3_OW,2025-02-01,15706.0,15671.404708862305
china/employment/EB3_OW,2025-03-01,15706.0,15702.092237234116
china/employment/EB3_OW,2025-04-01,15706.0,15699.885692596436
china/employment/EB3_OW,2025-05-01,15706.0,15704.645957946777
china/employment/EB3_OW,2025-06-01,15706.0,15706.062111444771
china/employment/EB3_OW,2025-07-01,15706.0,15708.266033649445
china/employment/EB3_OW,2025-08-01,15706.0,15706.323003709316
china/employment/EB3_OW,2025-09-01,15706.0,15705.789043784142
china/employment/EB3_OW,2025-10-01,15979.0,15722.046060562134
china/employment/EB3_OW,2025-11-01,15979.0,15982.023357391357
china/employment/EB3_OW,2025-12-01,15979.0,15983.923567771912
china/employment/EB3_OW,2026-01-01,16344.0,15984.064323425293
china/employment/EB3_OW,2026-02-01,16344.0,16348.997012615204
china/employment/EB3_OW,2026-03-01,16344.0,16354.083965301514
china/employment/EB3_OW,2026-04-01,16344.0,16346.170092821121
china/employment/EB3_OW,2026-05-01,16344.0,16346.471710443497
china/employment/EB3_OW,2026-06-01,16344.0,16381.187896728516
china/employment/EB3_OW,2026-07-01,16344.0,16351.637888431549
china/employment/EB3_OW,2026-08-01,16344.0,16354.454018592834
china/employment/EB3_OW,2026-09-01,16344.0,16356.558443069458
china/family/F1,2024-10-01,15584.0,15585.840015053749
china/family/F1,2024-11-01,15584.0,15577.606194496155
china/family/F1,2024-12-01,15584.0,15579.488718509674
china/family/F1,2025-01-01,15584.0,15583.657113522291
china/family/F1,2025-02-01,15584.0,15583.999929253609
china/family/F1,2025-03-01,15584.0,15583.999929253609
china/family/F1,2025-04-01,15584.0,15583.999929253609
china/family/F1,2025-05-01,15584.0,15583.999929253609
china/family/F1,2025-06-01,15584.0,15583.999929253609
china/family/F1,2025-07-01,15584.0,15583.999929253609
china/family/F1,2025-08-01,15584.0,15583.999929253609
china/family/F1,2025-09-01,15584.0,15583.999929253609
china/family/F1,2025-10-01,15584.0,15583.999929253609
china/family/F1,2025-11-01,15584.0,15583.999929253609
china/family/F1,2025-12-01,15584.0,15583.999929253609
china/family/F1,2026-01-01,15584.0,15583.999929253609
china/family/F1,2026-02-01,15584.0,15583.999929253609
china/family/F1,2026-03-01,15584.0,15583.999929253609
china/family/F1,2026-04-01,15765.0,15583.999929253609
china/family/F1,2026-05-01,15979.0,15767.92875790596
china/family/F1,2026-06-01,15979.0,15995.571393966675
china/family/F1,2026-07-01,16071.0,15987.986273765564
china/family/F1,2026-08-01,16236.0,16116.433727264404
china/family/F1,2026-09-01,16467.0,16309.40869140625
china/family/F2A,2024-10-01,18093.0,18067.207310199738
china/family/F2A,2024-11-01,18093.0,18121.69177055359
china/family/F2A,2024-12-01,18093.0,18096.374641895294
china/family/F2A,2025-01-01,18093.0,18092.68114325404
china/family/F2A,2025-02-01,18093.0,18095.78312587738
china/family/F2A,2025-03-01,18093.0,18096.796658039093
china/family/F2A,2025-04-01,18185.0,18093.29396611452
china/family/F2A,2025-05-01,18294.0,18223.366928100586
china/family/F2A,2025-06-01,18294.0,18326.818016052246
china/family/F2A,2025-07-01,18322.0,18300.69460296631
china/family/F2A,2025-08-01,18353.0,18360.646911621094
china/family/F2A,2025-09-01,18414.0,18379.969213485718
china/family/F2A,2025-10-01,18527.0,18458.006370544434
china/family/F2A,2025-11-01,18557.0,18526.55696323514
china/family/F2A,2025-12-01,18588.0,18580.809230804443
china/family/F2A,2026-01-01,18618.0,18618.46816635132
china/family/F2A,2026-02-01,18649.0,18650.25325012207
china/family/F2A,2026-03-01,18680.0,18684.577224731445
china/family/F2A,2026-04-01,18718.0,18716.540210723877
china/family/F2A,2026-05-01,18748.0,18757.84503555298
china/family/F2A,2026-06-01,18779.0,18776.675352096558
china/family/F2A,2026-07-01,18809.0,18812.58323287964
china/family/F2A,2026-08-01,18840.0,18845.391536712646
china/family/F2A,2026-09-01,18871.0,18867.770483016968
china/family/F2B,2024-10-01,15341.0,15340.999929253609
china/family/F2B,2024-11-01,15341.0,15340.999929253609
china/family/F2B,2024-12-01,15341.0,15340.999929253609
china/family/F2B,2025-01-01,15341.0,15340.999929253609
china/family/F2B,2025-02-01,15341.0,15340.999929253609
china/family/F2B,2025-03-01,15341.0,15340.999929253609
china/family/F2B,2025-04-01,15341.0,15340.999929253609
china/family/F2B,2025-05-01,15341.0,15340.999929253609
china/family/F2B,2025-06-01,15341.0,15340.999929253609
china/family/F2B,2025-07-01,15341.0,15340.999929253609
china/family/F2B,2025-08-01,15341.0,15340.999929253609
china/family/F2B,2025-09-01,15341.0,15340.999929253609
china/family/F2B,2025-10-01,15341.0,15340.999929253609
china/family/F2B,2025-11-01,15407.0,15340.999929253609
china/family/F2B,2025-12-01,15407.0,15408.06794989109
china/family/F2B,2026-01-01,15414.0,15407.718962490559
china/family/F2B,2026-02-01,15414.0,15418.998275279999
china/family/F2B,2026-03-01,15414.0,15414.863321244717
china/family/F2B,2026-04-01,15560.0,15414.631891131401
china/family/F2B,2026-05-01,15706.0,15559.330358624458
china/family/F2B,2026-06-01,15786.0,15732.32988357544
china/family/F2B,2026-07-01,15864.0,15833.856155395508
china/family/F2B,2026-08-01,16071.0,15917.120147705078
china/family/F2B,2026-09-01,16314.0,16129.082080841064
china/family/F3,2024-10-01,13330.0,13154.288168430328
china/family/F3,2024-11-01,13626.0,13361.55366897583
china/family/F3,2024-12-01,13626.0,13663.255340576172
china/family/F3,2025-01-01,13717.0,13642.567241668701
china/family/F3,2025-02-01,13717.0,13796.827163696289
china/family/F3,2025-03-01,13717.0,13735.444459915161
china/family/F3,2025-04-01,13717.0,13729.790093421936
china/family/F3,2025-05-01,13717.0,13728.443702697754
china/family/F3,2025-06-01,13717.0,13749.315334320068
china/family/F3,2025-07-01,13717.0,13728.194360733032
china/family/F3,2025-08-01,13717.0,13720.973338842392
china/family/F3,2025-09-01,13717.0,13720.849389314651
china/family/F3,2025-10-01,13717.0,13717.094930142164
china/family/F3,2025-11-01,13717.0,13738.385343551636
china/family/F3,2025-12-01,13717.0,13719.964265346527
china/family/F3,2026-01-01,13717.0,13717.480114996433
china/family/F3,2026-02-01,13717.0,13718.070618629456
china/family/F3,2026-03-01,13717.0,13700.731061935425
china/family/F3,2026-04-01,13840.0,13716.210888385773
china/family/F3,2026-05-01,13856.0,13890.80046081543
china/family/F3,2026-06-01,13856.0,13867.401776313782
china/family/F3,2026-07-01,13856.0,13858.718459129333
china/family/F3,2026-08-01,13939.0,13857.808887839317
china/family/F3,2026-09-01,14549.0,13967.050457000732
china/family/F4,2024-10-01,12113.0,12113.155311256647
china/family/F4,2024-11-01,12113.0,12112.591382801533
china/family/F4,2024-12-01,12113.0,12112.461616516113
china/family/F4,2025-01-01,12113.0,12112.9590796642
china/family/F4,2025-02-01,12113.0,12112.999929253609
china/family/F4,2025-03-01,12113.0,12112.999929253609
china/family/F4,2025-04-01,12144.0,12112.999929253609
china/family/F4,2025-05-01,12205.0,12144.501612842083
china/family/F4,2025-06-01,12205.0,12208.24131989479
china/family/F4,2025-07-01,12304.0,12206.90020442009
china/family/F4,2025-08-01,12419.0,12311.809443950653
china/family/F4,2025-09-01,12419.0,12440.417387008667
china/family/F4,2025-10-01,12478.0,12425.909122467041
china/family/F4,2025-11-01,12478.0,12503.28203010559
china/family/F4,2025-12-01,12478.0,12487.31607246399
china/family/F4,2026-01-01,12478.0,12483.708830833435
china/family/F4,2026-02-01,12478.0,12481.06316447258
china/family/F4,2026-03-01,12478.0,12493.352216720581
china/family/F4,2026-04-01,12553.0,12482.299635887146
china/family/F4,2026-05-01,12662.0,12581.996780395508
china/family/F4,2026-06-01,12774.0,12690.549505233765
china/family/F4,2026-07-01,12843.0,12829.36414718628
china/family/F4,2026-08-01,12956.0,12887.732635498047
china/family/F4,2026-09-01,13453.0,13019.497646331787
india/employment/EB2,2024-10-01,13880.0,13718.104586601257
india/employment/EB2,2024-11-01,13880.0,13888.00279712677
india/employment/EB2,2024-12-01,13880.0,13883.817906856537
india/employment/EB2,2025-01-01,13880.0,13881.536992907524
india/employment/EB2,2025-02-01,13880.0,13880.71049028635
india/employment/EB2,2025-03-01,13880.0,13887.44161939621
india/employment/EB2,2025-04-01,13911.0,13886.010172367096
india/employment/EB2,2025-05-01,13911.0,13927.251920700073
india/employment/EB2,2025-06-01,13911.0,13916.829795360565
india/employment/EB2,2025-07-01,13911.0,13915.623380184174
india/employment/EB2,2025-08-01,13911.0,13912.223070979118
india/employment/EB2,2025-09-01,13911.0,13912.20963358879
india/employment/EB2,2025-10-01,14214.0,13921.881393432617
india/employment/EB2,2025-11-01,14214.0,14219.831949234009
india/employment/EB2,2025-12-01,14214.0,14219.1756772995
india/employment/EB2,2026-01-01,14214.0,14217.602066516876
india/employment/EB2,2026-02-01,14214.0,14209.112468719482
india/employment/EB2,2026-03-01,14549.0,14215.013170957565
india/employment/EB2,2026-04-01,14624.0,14552.454215049744
india/employment/EB2,2026-05-01,14624.0,14669.500064849854
india/employment/EB2,2026-06-01,14624.0,14634.197577476501
india/employment/EB2,2026-07-01,14624.0,14634.176966667175
india/employment/EB2,2026-08-01,14624.0,14640.277141571045
india/employment/EB2,2026-09-01,14624.0,14623.45237928629
india/employment/EB3,2024-10-01,14038.0,13821.309145450592
india/employment/EB3,2024-11-01,14038.0,14050.729020118713
india/employment/EB3,2024-12-01,14038.0,14043.36932182312
india/employment/EB3,2025-01-01,14038.0,14039.8902207613
india/employment/EB3,2025-02-01,14038.0,14043.67215871811
india/employment/EB3,2025-03-01,14038.0,14043.179458141327
india/employment/EB3,2025-04-01,14038.0,14046.513704299927
india/employment/EB3,2025-05-01,14038.0,14039.80227971077
india/employment/EB3,2025-06-01,14038.0,14044.277240276337
india/employment/EB3,2025-07-01,14038.0,14041.583753585815
india/employment/EB3,2025-08-01,14038.0,14040.343032121658
india/employment/EB3,2025-09-01,14038.0,14037.92256001383
india/employment/EB3,2025-10-01,14471.0,14051.331597328186
india/employment/EB3,2025-11-01,14471.0,14475.609460353851
india/employment/EB3,2025-12-01,14471.0,14475.561765670776
india/employment/EB3,2026-01-01,14471.0,14476.285623073578
india/employment/EB3,2026-02-01,14471.0,14457.226806640625
india/employment/EB3,2026-03-01,14471.0,14472.72899389267
india/employment/EB3,2026-04-01,14624.0,14460.570734024048
india/employment/EB3,2026-05-01,14624.0,14653.934629440308
india/employment/EB3,2026-06-01,14624.0,14626.415947675705
india/employment/EB3,2026-07-01,14624.0,14633.314025878906
india/employment/EB3,2026-08-01,14624.0,14642.181198120117
india/employment/EB3,2026-09-01,14624.0,14628.822652339935
india/employment/EB3_OW,2024-10-01,14038.0,13821.309145450592
india/employment/EB3_OW,2024-11-01,14038.0,14050.729020118713
india/employment/EB3_OW,2024-12-01,14038.0,14043.36932182312
india/employment/EB3_OW,2025-01-01,14038.0,14039.8902207613
india/employment/EB3_OW,2025-02-01,14038.0,14043.67215871811
india/employment/EB3_OW,2025-03-01,14038.0,14043.179458141327
india/employment/EB3_OW,2025-04-01,14038.0,14046.513704299927
india/employment/EB3_OW,2025-05-01,14038.0,14039.80227971077
india/employment/EB3_OW,2025-06-01,14038.0,14044.277240276337
india/employment/EB3_OW,2025-07-01,14038.0,14041.583753585815
india/employment/EB3_OW,2025-08-01,14038.0,14040.343032121658
india/employment/EB3_OW,2025-09-01,14038.0,14037.92256001383
india/employment/EB3_OW,2025-10-01,14471.0,14051.331597328186
india/employment/EB3_OW,2025-11-01,14471.0,14475.609460353851
india/employment/EB3_OW,2025-12-01,14471.0,14475.561765670776
india/employment/EB3_OW,2026-01-01,14471.0,14476.285623073578
india/employment/EB3_OW,2026-02-01,14471.0,14457.226806640625
india/employment/EB3_OW,2026-03-01,14471.0,14472.72899389267
india/employment/EB3_OW,2026-04-01,14624.0,14460.570734024048
india/employment/EB3_OW,2026-05-01,14624.0,14653.934629440308
india/employment/EB3_OW,2026-06-01,14624.0,14626.415947675705
india/employment/EB3_OW,2026-07-01,14624.0,14633.314025878906
india/employment/EB3_OW,2026-08-01,14624.0,14642.181198120117
india/employment/EB3_OW,2026-09-01,14624.0,14628.822652339935
india/family/F1,2024-10-01,15584.0,15585.840015053749
india/family/F1,2024-11-01,15584.0,15577.606194496155
india/family/F1,2024-12-01,15584.0,15579.488718509674
india/family/F1,2025-01-01,15584.0,15583.657113522291
india/family/F1,2025-02-01,15584.0,15583.999929253609
india/family/F1,2025-03-01,15584.0,15583.999929253609
india/family/F1,2025-04-01,15584.0,15583.999929253609
india/family/F1,2025-05-01,15584.0,15583.999929253609
india/family/F1,2025-06-01,15584.0,15583.999929253609
india/family/F1,2025-07-01,15584.0,15583.999929253609
india/family/F1,2025-08-01,15584.0,15583.999929253609
india/family/F1,2025-09-01,15584.0,15583.999929253609
india/family/F1,2025-10-01,15584.0,15583.999929253609
india/family/F1,2025-11-01,15584.0,15583.999929253609
india/family/F1,2025-12-01,15584.0,15583.999929253609
india/family/F1,2026-01-01,15584.0,15583.999929253609
india/family/F1,2026-02-01,15584.0,15583.999929253609
india/family/F1,2026-03-01,15584.0,15583.999929253609
india/family/F1,2026-04-01,15765.0,15583.999929253609
india/family/F1,2026-05-01,15979.0,15767.92875790596
india/family/F1,2026-06-01,15979.0,15995.571393966675
india/family/F1,2026-07-01,16071.0,15987.986273765564
india/family/F1,2026-08-01,16236.0,16116.433727264404
india/family/F1,2026-09-01,16467.0,16309.40869140625
india/family/F2A,2024-10-01,18093.0,18067.207310199738
india/family/F2A,2024-11-01,18093.0,18121.69177055359
india/family/F2A,2024-12-01,18093.0,18096.374641895294
india/family/F2A,2025-01-01,18093.0,18092.68114325404
india/family/F2A,2025-02-01,18093.0,18095.78312587738
india/family/F2A,2025-03-01,18093.0,18096.796658039093
india/family/F2A,2025-04-01,18185.0,18093.29396611452
india/family/F2A,2025-05-01,18294.0,18223.366928100586
india/family/F2A,2025-06-01,18294.0,18326.818016052246
india/family/F2A,2025-07-01,18322.0,18300.69460296631
india/family/F2A,2025-08-01,18353.0,18360.646911621094
india/family/F2A,2025-09-01,18414.0,18379.969213485718
india/family/F2A,2025-10-01,18527.0,18458.006370544434
india/family/F2A,2025-11-01,18557.0,18526.55696323514
india/family/F2A,2025-12-01,18588.0,18580.809230804443
india/family/F2A,2026-01-01,18618.0,18618.46816635132
india/family/F2A,2026-02-01,18649.0,18650.25325012207
india/family/F2A,2026-03-01,18680.0,18684.577224731445
india/family/F2A,2026-04-01,18718.0,18716.540210723877
india/family/F2A,2026-05-01,18748.0,18757.84503555298
india/family/F2A,2026-06-01,18779.0,18776.675352096558
india/family/F2A,2026-07-01,18809.0,18812.58323287964
india/family/F2A,2026-08-01,18840.0,18845.391536712646
india/family/F2A,2026-09-01,18871.0,18867.770483016968
india/family/F2B,2024-10-01,15341.0,15340.999929253609
india/family/F2B,2024-11-01,15341.0,15340.999929253609
india/family/F2B,2024-12-01,15341.0,15340.999929253609
india/family/F2B,2025-01-01,15341.0,15340.999929253609
india/family/F2B,2025-02-01,15341.0,15340.999929253609
india/family/F2B,2025-03-01,15341.0,15340.999929253609
india/family/F2B,2025-04-01,15341.0,15340.999929253609
india/family/F2B,2025-05-01,15341.0,15340.999929253609
india/family/F2B,2025-06-01,15341.0,15340.999929253609
india/family/F2B,2025-07-01,15341.0,15340.999929253609
india/family/F2B,2025-08-01,15341.0,15340.999929253609
india/family/F2B,2025-09-01,15341.0,15340.999929253609
india/family/F2B,2025-10-01,15341.0,15340.999929253609
india/family/F2B,2025-11-01,15407.0,15340.999929253609
india/family/F2B,2025-12-01,15407.0,15408.06794989109
india/family/F2B,2026-01-01,15414.0,15407.718962490559
india/family/F2B,2026-02-01,15414.0,15418.998275279999
india/family/F2B,2026-03-01,15414.0,15414.863321244717
india/family/F2B,2026-04-01,15560.0,15414.631891131401
india/family/F2B,2026-05-01,15706.0,15559.330358624458
india/family/F2B,2026-06-01,15786.0,15732.32988357544
india/family/F2B,2026-07-01,15864.0,15833.856155395508
india/family/F2B,2026-08-01,16071.0,15917.120147705078
india/family/F2B,2026-09-01,16314.0,16129.082080841064
india/family/F3,2024-10-01,13330.0,13154.288168430328
india/family/F3,2024-11-01,13626.0,13361.55366897583
india/family/F3,2024-12-01,13626.0,13663.255340576172
india/family/F3,2025-01-01,13717.0,13642.567241668701
india/family/F3,2025-02-01,13717.0,13796.827163696289
india/family/F3,2025-03-01,13717.0,13735.444459915161
india/family/F3,2025-04-01,13717.0,13729.790093421936
india/family/F3,2025-05-01,13717.0,13728.443702697754
india/family/F3,2025-06-01,13717.0,13749.315334320068
india/family/F3,2025-07-01,13717.0,13728.194360733032
india/family/F3,2025-08-01,13717.0,13720.973338842392
india/family/F3,2025-09-01,13717.0,13720.849389314651
india/family/F3,2025-10-01,13717.0,13717.094930142164
india/family/F3,2025-11-01,13717.0,13738.385343551636
india/family/F3,2025-12-01,13717.0,13719.964265346527
india/family/F3,2026-01-01,13717.0,13717.480114996433
india/family/F3,2026-02-01,13717.0,13718.070618629456
india/family/F3,2026-03-01,13717.0,13700.731061935425
india/family/F3,2026-04-01,13840.0,13716.210888385773
india/family/F3,2026-05-01,13856.0,13890.80046081543
india/family/F3,2026-06-01,13856.0,13867.401776313782
india/family/F3,2026-07-01,13856.0,13858.718459129333
india/family/F3,2026-08-01,13939.0,13857.808887839317
india/family/F3,2026-09-01,14549.0,13967.050457000732
india/family/F4,2024-10-01,11488.0,11488.286018550396
india/family/F4,2024-11-01,11535.0,11489.093549728394
india/family/F4,2024-12-01,11535.0,11541.238962650299
india/family/F4,2025-01-01,11549.0,11536.713510394096
india/family/F4,2025-02-01,11549.0,11562.144290924072
india/family/F4,2025-03-01,11549.0,11554.070600032806
india/family/F4,2025-04-01,11596.0,11551.58491230011
india/family/F4,2025-05-01,11596.0,11598.456102371216
india/family/F4,2025-06-01,11657.0,11599.08892416954
india/family/F4,2025-07-01,11657.0,11670.487570762634
india/family/F4,2025-08-01,11657.0,11658.602316141129
india/family/F4,2025-09-01,11657.0,11663.395139694214
india/family/F4,2025-10-01,11671.0,11654.158741950989
india/family/F4,2025-11-01,11671.0,11686.51125240326
india/family/F4,2025-12-01,11671.0,11676.10146522522
india/family/F4,2026-01-01,11671.0,11674.404342412949
india/family/F4,2026-02-01,11671.0,11671.442376077175
india/family/F4,2026-03-01,11671.0,11671.35865354538
india/family/F4,2026-04-01,11671.0,11669.960548758507
india/family/F4,2026-05-01,11671.0,11671.473490685225
india/family/F4,2026-06-01,11671.0,11673.707657814026
india/family/F4,2026-07-01,11671.0,11672.033235907555
india/family/F4,2026-08-01,11671.0,11671.69085597992
india/family/F4,2026-09-01,11671.0,11671.64761209488
mexico/family/F1,2024-10-01,11231.0,11047.498190760612
mexico/family/F1,2024-11-01,11231.0,11234.849759578705
mexico/family/F1,2024-12-01,11231.0,11210.647033691406
mexico/family/F1,2025-01-01,11231.0,11223.98548078537
mexico/family/F1,2025-02-01,11231.0,11228.887528657913
mexico/family/F1,2025-03-01,11231.0,11232.69452381134
mexico/family/F1,2025-04-01,11413.0,11228.794466733932
mexico/family/F1,2025-05-01,11413.0,11437.702924728394
mexico/family/F1,2025-06-01,11413.0,11418.012681007385
mexico/family/F1,2025-07-01,11474.0,11418.450566768646
mexico/family/F1,2025-08-01,11474.0,11515.63132095337
mexico/family/F1,2025-09-01,11474.0,11479.460436820984
mexico/family/F1,2025-10-01,11603.0,11488.688286781311
mexico/family/F1,2025-11-01,11747.0,11628.682188034058
mexico/family/F1,2025-12-01,11747.0,11809.394882202148
mexico/family/F1,2026-01-01,11931.0,11757.219983100891
mexico/family/F1,2026-02-01,12022.0,11947.927978515625
mexico/family/F1,2026-03-01,12022.0,12100.290618896484
mexico/family/F1,2026-04-01,12158.0,12040.859163284302
mexico/family/F1,2026-05-01,12327.0,12202.276512145996
mexico/family/F1,2026-06-01,12327.0,12438.320114135742
mexico/family/F1,2026-07-01,12327.0,12341.068765640259
mexico/family/F1,2026-08-01,12388.0,12355.01250076294
mexico/family/F1,2026-09-01,12388.0,12448.415790557861
mexico/family/F2A,2024-10-01,18093.0,18067.207310199738
mexico/family/F2A,2024-11-01,18093.0,18121.69177055359
mexico/family/F2A,2024-12-01,18093.0,18096.374641895294
mexico/family/F2A,2025-01-01,18093.0,18092.68114325404
mexico/family/F2A,2025-02-01,18093.0,18095.78312587738
mexico/family/F2A,2025-03-01,18093.0,18096.796658039093
mexico/family/F2A,2025-04-01,18185.0,18093.29396611452
mexico/family/F2A,2025-05-01,18294.0,18223.366928100586
mexico/family/F2A,2025-06-01,18294.0,18326.818016052246
mexico/family/F2A,2025-07-01,18322.0,18300.69460296631
mexico/family/F2A,2025-08-01,18353.0,18360.646911621094
mexico/family/F2A,2025-09-01,18414.0,18379.969213485718
mexico/family/F2A,2025-10-01,18527.0,18458.006370544434
mexico/family/F2A,2025-11-01,18557.0,18526.55696323514
mexico/family/F2A,2025-12-01,18588.0,18580.809230804443
mexico/family/F2A,2026-01-01,18618.0,18618.46816635132
mexico/family/F2A,2026-02-01,18649.0,18650.25325012207
mexico/family/F2A,2026-03-01,18680.0,18684.577224731445
mexico/family/F2A,2026-04-01,18718.0,18716.540210723877
mexico/family/F2A,2026-05-01,18748.0,18757.84503555298
mexico/family/F2A,2026-06-01,18779.0,18776.675352096558
mexico/family/F2A,2026-07-01,18809.0,18812.58323287964
mexico/family/F2A,2026-08-01,18840.0,18845.391536712646
mexico/family/F2A,2026-09-01,18871.0,18867.770483016968
mexico/family/F2B,2024-10-01,11170.0,11083.579450130463
mexico/family/F2B,2024-11-01,11504.0,11216.114673614502
mexico/family/F2B,2024-12-01,11504.0,11485.78886795044
mexico/family/F2B,2025-01-01,11596.0,11512.32914352417
mexico/family/F2B,2025-02-01,11596.0,11675.998542785645
mexico/family/F2B,2025-03-01,11596.0,11597.849923491478
mexico/family/F2B,2025-04-01,11778.0,11603.915084838867
mexico/family/F2B,2025-05-01,11778.0,11810.21068572998
mexico/family/F2B,2025-06-01,11778.0,11813.647018432617
mexico/family/F2B,2025-07-01,12144.0,11800.8662815094
mexico/family/F2B,2025-08-01,12144.0,12234.747192382812
mexico/family/F2B,2025-09-01,12144.0,12169.450708389282
mexico/family/F2B,2025-10-01,12402.0,12155.095050811768
mexico/family/F2B,2025-11-01,12553.0,12475.907699584961
mexico/family/F2B,2025-12-01,12553.0,12672.685989379883
mexico/family/F2B,2026-01-01,12737.0,12556.10633134842
mexico/family/F2B,2026-02-01,12829.0,12826.93180847168
mexico/family/F2B,2026-03-01,12829.0,12922.235832214355
mexico/family/F2B,2026-04-01,12918.0,12848.608522415161
mexico/family/F2B,2026-05-01,12918.0,13014.779479980469
mexico/family/F2B,2026-06-01,12918.0,12977.136585235596
mexico/family/F2B,2026-07-01,12918.0,12962.24744796753
mexico/family/F2B,2026-08-01,12918.0,12937.901229858398
mexico/family/F2B,2026-09-01,12918.0,12953.143878936768
mexico/family/F3,2024-10-01,9662.0,9661.999929253609
mexico/family/F3,2024-11-01,9662.0,9661.999929253609
mexico/family/F3,2024-12-01,9662.0,9661.999929253609
mexico/family/F3,2025-01-01,9662.0,9661.999929253609
mexico/family/F3,2025-02-01,9662.0,9661.999929253609
mexico/family/F3,2025-03-01,9662.0,9661.999929253609
mexico/family/F3,2025-04-01,9662.0,9661.999929253609
mexico/family/F3,2025-05-01,9662.0,9661.999929253609
mexico/family/F3,2025-06-01,9662.0,9661.999929253609
mexico/family/F3,2025-07-01,9662.0,9661.999929253609
mexico/family/F3,2025-08-01,9662.0,9661.999929253609
mexico/family/F3,2025-09-01,9662.0,9661.999929253609
mexico/family/F3,2025-10-01,9662.0,9661.999929253609
mexico/family/F3,2025-11-01,9678.0,9661.999929253609
mexico/family/F3,2025-12-01,9678.0,9678.258895814419
mexico/family/F3,2026-01-01,9678.0,9678.174294173717
mexico/family/F3,2026-02-01,9678.0,9678.07279535383
mexico/family/F3,2026-03-01,9678.0,9678.088732294738
mexico/family/F3,2026-04-01,9678.0,9678.148154988885
mexico/family/F3,2026-05-01,9692.0,9677.807166278362
mexico/family/F3,2026-06-01,9692.0,9694.051223278046
mexico/family/F3,2026-07-01,9692.0,9692.361421853304
mexico/family/F3,2026-08-01,9692.0,9692.466423362494
mexico/family/F3,2026-09-01,9692.0,9693.333839416504
mexico/family/F4,2024-10-01,9616.0,9616.327981591225
mexico/family/F4,2024-11-01,9616.0,9615.971955340356
mexico/family/F4,2024-12-01,9616.0,9615.786227047443
mexico/family/F4,2025-01-01,9616.0,9617.152488946915
mexico/family/F4,2025-02-01,9616.0,9615.992938725278
mexico/family/F4,2025-03-01,9616.0,9616.011424977332
mexico/family/F4,2025-04-01,9616.0,9616.11706571281
mexico/family/F4,2025-05-01,9616.0,9616.362921744585
mexico/family/F4,2025-06-01,9616.0,9616.416313648224
mexico/family/F4,2025-07-01,9616.0,9616.016539618373
mexico/family/F4,2025-08-01,9616.0,9616.020397111773
mexico/family/F4,2025-09-01,9616.0,9615.889283373952
mexico/family/F4,2025-10-01,9616.0,9615.78724309802
mexico/family/F4,2025-11-01,9616.0,9616.028634587303
mexico/family/F4,2025-12-01,9616.0,9615.97579176724
mexico/family/F4,2026-01-01,9616.0,9615.967539191246
mexico/family/F4,2026-02-01,9616.0,9615.997177907964
mexico/family/F4,2026-03-01,9616.0,9615.999929253609
mexico/family/F4,2026-04-01,9616.0,9615.999929253609
mexico/family/F4,2026-05-01,9616.0,9615.999929253609
mexico/family/F4,2026-06-01,9616.0,9615.999929253609
mexico/family/F4,2026-07-01,9616.0,9615.999929253609
mexico/family/F4,2026-08-01,9616.0,9615.999929253609
mexico/family/F4,2026-09-01,9616.0,9615.999929253609
philippines/employment/EB3,2024-10-01,17591.0,17529.101455450058
philippines/employment/EB3,2024-11-01,17591.0,17596.839471817017
philippines/employment/EB3,2024-12-01,17591.0,17592.48015475273
philippines/employment/EB3,2025-01-01,17591.0,17590.691777676344
philippines/employment/EB3,2025-02-01,17591.0,17593.024538517
philippines/employment/EB3,2025-03-01,17591.0,17593.79806780815
philippines/employment/EB3,2025-04-01,17591.0,17591.560147225857
philippines/employment/EB3,2025-05-01,17591.0,17590.626689583063
philippines/employment/EB3,2025-06-01,17591.0,17591.017123829573
philippines/employment/EB3,2025-07-01,17652.0,17591.62474757433
philippines/employment/EB3,2025-08-01,17652.0,17655.86888885498
philippines/employment/EB3,2025-09-01,17652.0,17653.152391314507
philippines/employment/EB3,2025-10-01,17713.0,17654.28023290634
philippines/employment/EB3,2025-11-01,17713.0,17720.55995988846
philippines/employment/EB3,2025-12-01,17713.0,17715.68815588951
philippines/employment/EB3,2026-01-01,17713.0,17715.286872386932
philippines/employment/EB3,2026-02-01,17805.0,17709.828753471375
philippines/employment/EB3,2026-03-01,17897.0,17816.19619655609
philippines/employment/EB3,2026-04-01,17897.0,17922.468280792236
philippines/employment/EB3,2026-05-01,17897.0,17904.0556473732
philippines/employment/EB3,2026-06-01,17897.0,17898.058145165443
philippines/employment/EB3,2026-07-01,17897.0,17903.3409781456
philippines/employment/EB3,2026-08-01,17897.0,17900.545270442963
philippines/employment/EB3,2026-09-01,17897.0,17896.55909013748
philippines/employment/EB3_OW,2024-10-01,16943.0,16571.20160703361
philippines/employment/EB3_OW,2024-11-01,16943.0,16937.347148895264
philippines/employment/EB3_OW,2024-12-01,16943.0,16948.84594488144
philippines/employment/EB3_OW,2025-01-01,16943.0,16942.449318885803
philippines/employment/EB3_OW,2025-02-01,16943.0,16943.71046113968
philippines/employment/EB3_OW,2025-03-01,16943.0,16946.702713251114
philippines/employment/EB3_OW,2025-04-01,16974.0,16939.00180220604
philippines/employment/EB3_OW,2025-05-01,16974.0,16987.439450263977
philippines/employment/EB3_OW,2025-06-01,17004.0,16974.54838079214
philippines/employment/EB3_OW,2025-07-01,17004.0,17032.2986907959
philippines/employment/EB3_OW,2025-08-01,17004.0,17009.89346265793
philippines/employment/EB3_OW,2025-09-01,17004.0,17005.647409796715
philippines/employment/EB3_OW,2025-10-01,17136.0,17032.32342338562
philippines/employment/EB3_OW,2025-11-01,17136.0,17141.38782453537
philippines/employment/EB3_OW,2025-12-01,17136.0,17143.28311777115
philippines/employment/EB3_OW,2026-01-01,17136.0,17140.606022834778
philippines/employment/EB3_OW,2026-02-01,17136.0,17121.280130386353
philippines/employment/EB3_OW,2026-03-01,17339.0,17133.15776705742
philippines/employment/EB3_OW,2026-04-01,17379.0,17392.8896484375
philippines/employment/EB3_OW,2026-05-01,17379.0,17404.77307319641
philippines/employment/EB3_OW,2026-06-01,17379.0,17384.959423065186
philippines/employment/EB3_OW,2026-07-01,17379.0,17383.416788578033
philippines/employment/EB3_OW,2026-08-01,17379.0,17386.47159433365
philippines/employment/EB3_OW,2026-09-01,17379.0,17377.570626974106
philippines/family/F1,2024-10-01,14721.0,14720.999929253609
philippines/family/F1,2024-11-01,14721.0,14720.999929253609
philippines/family/F1,2024-12-01,14721.0,14720.999929253609
philippines/family/F1,2025-01-01,14721.0,14720.999929253609
philippines/family/F1,2025-02-01,14721.0,14720.999929253609
philippines/family/F1,2025-03-01,14721.0,14720.999929253609
philippines/family/F1,2025-04-01,14721.0,14720.999929253609
philippines/family/F1,2025-05-01,14721.0,14720.999929253609
philippines/family/F1,2025-06-01,14721.0,14720.999929253609
philippines/family/F1,2025-07-01,14721.0,14720.999929253609
philippines/family/F1,2025-08-01,14721.0,14720.999929253609
philippines/family/F1,2025-09-01,14721.0,14720.999929253609
philippines/family/F1,2025-10-01,14721.0,14720.999929253609
philippines/family/F1,2025-11-01,14721.0,14720.999929253609
philippines/family/F1,2025-12-01,14721.0,14720.999929253609
philippines/family/F1,2026-01-01,14721.0,14720.999929253609
philippines/family/F1,2026-02-01,14721.0,14720.999929253609
philippines/family/F1,2026-03-01,14721.0,14720.999929253609
philippines/family/F1,2026-04-01,14721.0,14720.999929253609
philippines/family/F1,2026-05-01,14721.0,14720.999929253609
philippines/family/F1,2026-06-01,14721.0,14720.999929253609
philippines/family/F1,2026-07-01,14721.0,14720.999929253609
philippines/family/F1,2026-08-01,14721.0,14720.999929253609
philippines/family/F1,2026-09-01,14721.0,14720.999929253609
philippines/family/F2A,2024-10-01,18093.0,18067.207310199738
philippines/family/F2A,2024-11-01,18093.0,18121.69177055359
philippines/family/F2A,2024-12-01,18093.0,18096.374641895294
philippines/family/F2A,2025-01-01,18093.0,18092.68114325404
philippines/family/F2A,2025-02-01,18093.0,18095.78312587738
philippines/family/F2A,2025-03-01,18093.0,18096.796658039093
philippines/family/F2A,2025-04-01,18185.0,18093.29396611452
philippines/family/F2A,2025-05-01,18294.0,18223.366928100586
philippines/family/F2A,2025-06-01,18294.0,18326.818016052246
philippines/family/F2A,2025-07-01,18322.0,18300.69460296631
philippines/family/F2A,2025-08-01,18353.0,18360.646911621094
philippines/family/F2A,2025-09-01,18414.0,18379.969213485718
philippines/family/F2A,2025-10-01,18527.0,18458.006370544434
philippines/family/F2A,2025-11-01,18557.0,18526.55696323514
philippines/family/F2A,2025-12-01,18588.0,18580.809230804443
philippines/family/F2A,2026-01-01,18618.0,18618.46816635132
philippines/family/F2A,2026-02-01,18649.0,18650.25325012207
philippines/family/F2A,2026-03-01,18680.0,18684.577224731445
philippines/family/F2A,2026-04-01,18718.0,18716.540210723877
philippines/family/F2A,2026-05-01,18748.0,18757.84503555298
philippines/family/F2A,2026-06-01,18779.0,18776.675352096558
philippines/family/F2A,2026-07-01,18809.0,18812.58323287964
philippines/family/F2A,2026-08-01,18840.0,18845.391536712646
philippines/family/F2A,2026-09-01,18871.0,18867.770483016968
philippines/family/F2B,2024-10-01,14153.0,14152.999929253609
philippines/family/F2B,2024-11-01,14153.0,14152.999929253609
philippines/family/F2B,2024-12-01,14153.0,14152.999929253609
philippines/family/F2B,2025-01-01,14153.0,14152.999929253609
philippines/family/F2B,2025-02-01,14153.0,14152.999929253609
philippines/family/F2B,2025-03-01,14153.0,14152.999929253609
philippines/family/F2B,2025-04-01,14153.0,14152.999929253609
philippines/family/F2B,2025-05-01,14153.0,14152.999929253609
philippines/family/F2B,2025-06-01,14153.0,14152.999929253609
philippines/family/F2B,2025-07-01,14153.0,14152.999929253609
philippines/family/F2B,2025-08-01,14153.0,14152.999929253609
philippines/family/F2B,2025-09-01,14153.0,14152.999929253609
philippines/family/F2B,2025-10-01,14153.0,14152.999929253609
philippines/family/F2B,2025-11-01,14153.0,14152.999929253609
philippines/family/F2B,2025-12-01,14153.0,14152.999929253609
philippines/family/F2B,2026-01-01,14153.0,14152.999929253609
philippines/family/F2B,2026-02-01,14153.0,14152.999929253609
philippines/family/F2B,2026-03-01,14153.0,14152.999929253609
philippines/family/F2B,2026-04-01,14153.0,14152.999929253609
philippines/family/F2B,2026-05-01,14153.0,14152.999929253609
philippines/family/F2B,2026-06-01,14153.0,14152.999929253609
philippines/family/F2B,2026-07-01,14153.0,14152.999929253609
philippines/family/F2B,2026-08-01,14153.0,14152.999929253609
philippines/family/F2B,2026-09-01,14153.0,14152.999929253609
philippines/family/F3,2024-10-01,10720.0,10537.999929253609
philippines/family/F3,2024-11-01,10720.0,10722.944938659668
philippines/family/F3,2024-12-01,10720.0,10721.982593655586
philippines/family/F3,2025-01-01,10720.0,10720.828046500683
philippines/family/F3,2025-02-01,10720.0,10721.009332060814
philippines/family/F3,2025-03-01,10720.0,10721.685264229774
philippines/family/F3,2025-04-01,10857.0,10717.806518793106
philippines/family/F3,2025-05-01,10857.0,10878.3775806427
philippines/family/F3,2025-06-01,10857.0,10860.234559774399
philippines/family/F3,2025-07-01,10927.0,10862.127426147461
philippines/family/F3,2025-08-01,10927.0,10960.551620483398
philippines/family/F3,2025-09-01,11078.0,10932.528838634491
philippines/family/F3,2025-10-01,11170.0,11087.33074760437
philippines/family/F3,2025-11-01,11262.0,11209.043674468994
philippines/family/F3,2025-12-01,11262.0,11339.416534423828
philippines/family/F3,2026-01-01,11354.0,11273.640209197998
philippines/family/F3,2026-02-01,11354.0,11411.638767242432
philippines/family/F3,2026-03-01,11474.0,11357.46580171585
philippines/family/F3,2026-04-01,11518.0,11536.52001953125
philippines/family/F3,2026-05-01,11542.0,11556.493320465088
philippines/family/F3,2026-06-01,11542.0,11587.560523986816
philippines/family/F3,2026-07-01,11542.0,11536.589510440826
philippines/family/F3,2026-08-01,11542.0,11552.41694355011
philippines/family/F3,2026-09-01,11542.0,11555.484467506409
philippines/family/F4,2024-10-01,11535.0,11421.646924972534
philippines/family/F4,2024-11-01,11890.0,11603.418930053711
philippines/family/F4,2024-12-01,11890.0,11996.216445922852
philippines/family/F4,2025-01-01,12053.0,11919.968795776367
philippines/family/F4,2025-02-01,12053.0,12162.060188293457
philippines/family/F4,2025-03-01,12053.0,12058.254007339478
philippines/family/F4,2025-04-01,12053.0,12095.7446975708
philippines/family/F4,2025-05-01,12053.0,12074.754127502441
philippines/family/F4,2025-06-01,12053.0,12101.292945861816
philippines/family/F4,2025-07-01,12053.0,12082.254541397095
philippines/family/F4,2025-08-01,12053.0,12061.939883232117
philippines/family/F4,2025-09-01,12053.0,12059.116532802582
philippines/family/F4,2025-10-01,12053.0,12058.552127838135
philippines/family/F4,2025-11-01,12053.0,12071.382125854492
philippines/family/F4,2025-12-01,12053.0,12055.993581295013
philippines/family/F4,2026-01-01,12067.0,12055.999773263931
philippines/family/F4,2026-02-01,12067.0,12072.932944774628
philippines/family/F4,2026-03-01,12067.0,12049.91749382019
philippines/family/F4,2026-04-01,12134.0,12067.720396637917
philippines/family/F4,2026-05-01,12134.0,12176.401912689209
philippines/family/F4,2026-06-01,12134.0,12134.838263750076
philippines/family/F4,2026-07-01,12134.0,12135.266686439514
philippines/family/F4,2026-08-01,12134.0,12134.348225742579
philippines/family/F4,2026-09-01,12134.0,12136.224262475967
