unique_id,ds,y,control-bitcn
all_chargeability/family/F2B,2024-10-01,15096.0,15094.361498594284
all_chargeability/family/F2B,2024-11-01,15096.0,15095.45144623518
all_chargeability/family/F2B,2024-12-01,15096.0,15094.764079928398
all_chargeability/family/F2B,2025-01-01,15117.0,15099.203649759293
all_chargeability/family/F2B,2025-02-01,15117.0,15121.386882305145
all_chargeability/family/F2B,2025-03-01,15117.0,15124.490398406982
all_chargeability/family/F2B,2025-04-01,15178.0,15119.75934958458
all_chargeability/family/F2B,2025-05-01,15178.0,15189.333999633789
all_chargeability/family/F2B,2025-06-01,15240.0,15182.145407676697
all_chargeability/family/F2B,2025-07-01,15263.0,15251.304242134094
all_chargeability/family/F2B,2025-08-01,15263.0,15272.031190872192
all_chargeability/family/F2B,2025-09-01,15263.0,15264.87325334549
all_chargeability/family/F2B,2025-10-01,15301.0,15264.911120891571
all_chargeability/family/F2B,2025-11-01,15310.0,15302.67399251461
all_chargeability/family/F2B,2025-12-01,15310.0,15314.2054438591
all_chargeability/family/F2B,2026-01-01,15310.0,15311.38024687767
all_chargeability/family/F2B,2026-02-01,15310.0,15312.668218374252
all_chargeability/family/F2B,2026-03-01,15310.0,15308.02139723301
all_chargeability/family/F2B,2026-04-01,15482.0,15309.00719666481
all_chargeability/family/F2B,2026-05-01,15482.0,15499.67500114441
all_chargeability/family/F2B,2026-06-01,15605.0,15495.466781616211
all_chargeability/family/F2B,2026-07-01,15666.0,15628.246772766113
all_chargeability/family/F2B,2026-08-01,15706.0,15686.904027938843
all_chargeability/family/F2B,2026-09-01,16304.0,15715.250979423523
all_chargeability/family/F3,2024-10-01,12874.0,12874.463543087244
all_chargeability/family/F3,2024-11-01,12888.0,12876.163495779037
all_chargeability/family/F3,2024-12-01,12888.0,12888.873035728931
all_chargeability/family/F3,2025-01-01,12965.0,12895.77412557602
all_chargeability/family/F3,2025-02-01,12965.0,12978.300026893616
all_chargeability/family/F3,2025-03-01,12965.0,12977.854345321655
all_chargeability/family/F3,2025-04-01,13239.0,12969.744226932526
all_chargeability/family/F3,2025-05-01,13239.0,13273.509777069092
all_chargeability/family/F3,2025-06-01,13321.0,13259.010553359985
all_chargeability/family/F3,2025-07-01,13361.0,13342.827642440796
all_chargeability/family/F3,2025-08-01,13361.0,13379.052490234375
all_chargeability/family/F3,2025-09-01,13361.0,13358.068080186844
all_chargeability/family/F3,2025-10-01,13399.0,13358.350531339645
all_chargeability/family/F3,2025-11-01,13399.0,13397.896246790886
all_chargeability/family/F3,2025-12-01,13399.0,13400.474663257599
all_chargeability/family/F3,2026-01-01,13399.0,13396.783606052399
all_chargeability/family/F3,2026-02-01,13399.0,13402.102652072906
all_chargeability/family/F3,2026-03-01,13399.0,13394.570243358612
all_chargeability/family/F3,2026-04-01,13504.0,13397.485468745232
all_chargeability/family/F3,2026-05-01,13559.0,13507.380109071732
all_chargeability/family/F3,2026-06-01,13559.0,13569.747721672058
all_chargeability/family/F3,2026-07-01,13619.0,13559.317734718323
all_chargeability/family/F3,2026-08-01,13649.0,13620.480285406113
all_chargeability/family/F3,2026-09-01,14539.0,13642.565400123596
all_chargeability/family/F4,2024-10-01,11900.0,11899.264932274818
all_chargeability/family/F4,2024-11-01,11900.0,11900.175818905234
all_chargeability/family/F4,2024-12-01,11900.0,11899.798465773463
all_chargeability/family/F4,2025-01-01,11900.0,11901.107168316841
all_chargeability/family/F4,2025-02-01,11900.0,11899.95376142487
all_chargeability/family/F4,2025-03-01,11900.0,11901.37879383564
all_chargeability/family/F4,2025-04-01,11900.0,11899.694337219
all_chargeability/family/F4,2025-05-01,12053.0,11899.682885497808
all_chargeability/family/F4,2025-06-01,12053.0,12070.371046066284
all_chargeability/family/F4,2025-07-01,12053.0,12065.49586391449
all_chargeability/family/F4,2025-08-01,12053.0,12062.069202423096
all_chargeability/family/F4,2025-09-01,12053.0,12055.26529288292
all_chargeability/family/F4,2025-10-01,12060.0,12048.134770393372
all_chargeability/family/F4,2025-11-01,12060.0,12056.394674301147
all_chargeability/family/F4,2025-12-01,12060.0,12058.512449741364
all_chargeability/family/F4,2026-01-01,12060.0,12060.61957514286
all_chargeability/family/F4,2026-02-01,12060.0,12059.962925888598
all_chargeability/family/F4,2026-03-01,12060.0,12063.062958955765
all_chargeability/family/F4,2026-04-01,12212.0,12060.306250929832
all_chargeability/family/F4,2026-05-01,12311.0,12231.306255340576
all_chargeability/family/F4,2026-06-01,12365.0,12334.274370193481
all_chargeability/family/F4,2026-07-01,12419.0,12388.515321731567
all_chargeability/family/F4,2026-08-01,12662.0,12439.274322509766
all_chargeability/family/F4,2026-09-01,13443.0,12693.967861175537
china/family/F2B,2024-10-01,15096.0,15094.361498594284
china/family/F2B,2024-11-01,15096.0,15095.45144623518
china/family/F2B,2024-12-01,15096.0,15094.764079928398
china/family/F2B,2025-01-01,15117.0,15099.203649759293
china/family/F2B,2025-02-01,15117.0,15121.386882305145
china/family/F2B,2025-03-01,15117.0,15124.490398406982
china/family/F2B,2025-04-01,15178.0,15119.75934958458
china/family/F2B,2025-05-01,15178.0,15189.333999633789
china/family/F2B,2025-06-01,15240.0,15182.145407676697
china/family/F2B,2025-07-01,15263.0,15251.304242134094
china/family/F2B,2025-08-01,15263.0,15272.031190872192
china/family/F2B,2025-09-01,15263.0,15264.87325334549
china/family/F2B,2025-10-01,15301.0,15264.911120891571
china/family/F2B,2025-11-01,15310.0,15302.67399251461
china/family/F2B,2025-12-01,15310.0,15314.2054438591
china/family/F2B,2026-01-01,15310.0,15311.38024687767
china/family/F2B,2026-02-01,15310.0,15312.668218374252
china/family/F2B,2026-03-01,15310.0,15308.02139723301
china/family/F2B,2026-04-01,15482.0,15309.00719666481
china/family/F2B,2026-05-01,15482.0,15499.67500114441
china/family/F2B,2026-06-01,15605.0,15495.466781616211
china/family/F2B,2026-07-01,15666.0,15628.246772766113
china/family/F2B,2026-08-01,15706.0,15686.904027938843
china/family/F2B,2026-09-01,16304.0,15715.250979423523
china/family/F3,2024-10-01,12874.0,12874.463543087244
china/family/F3,2024-11-01,12888.0,12876.163495779037
china/family/F3,2024-12-01,12888.0,12888.873035728931
china/family/F3,2025-01-01,12965.0,12895.77412557602
china/family/F3,2025-02-01,12965.0,12978.300026893616
china/family/F3,2025-03-01,12965.0,12977.854345321655
china/family/F3,2025-04-01,13239.0,12969.744226932526
china/family/F3,2025-05-01,13239.0,13273.509777069092
china/family/F3,2025-06-01,13321.0,13259.010553359985
china/family/F3,2025-07-01,13361.0,13342.827642440796
china/family/F3,2025-08-01,13361.0,13379.052490234375
china/family/F3,2025-09-01,13361.0,13358.068080186844
china/family/F3,2025-10-01,13399.0,13358.350531339645
china/family/F3,2025-11-01,13399.0,13397.896246790886
china/family/F3,2025-12-01,13399.0,13400.474663257599
china/family/F3,2026-01-01,13399.0,13396.783606052399
china/family/F3,2026-02-01,13399.0,13402.102652072906
china/family/F3,2026-03-01,13399.0,13394.570243358612
china/family/F3,2026-04-01,13504.0,13397.485468745232
china/family/F3,2026-05-01,13559.0,13507.380109071732
china/family/F3,2026-06-01,13559.0,13569.747721672058
china/family/F3,2026-07-01,13619.0,13559.317734718323
china/family/F3,2026-08-01,13649.0,13620.480285406113
china/family/F3,2026-09-01,14539.0,13642.565400123596
india/family/F2B,2024-10-01,15096.0,15094.361498594284
india/family/F2B,2024-11-01,15096.0,15095.45144623518
india/family/F2B,2024-12-01,15096.0,15094.764079928398
india/family/F2B,2025-01-01,15117.0,15099.203649759293
india/family/F2B,2025-02-01,15117.0,15121.386882305145
india/family/F2B,2025-03-01,15117.0,15124.490398406982
india/family/F2B,2025-04-01,15178.0,15119.75934958458
india/family/F2B,2025-05-01,15178.0,15189.333999633789
india/family/F2B,2025-06-01,15240.0,15182.145407676697
india/family/F2B,2025-07-01,15263.0,15251.304242134094
india/family/F2B,2025-08-01,15263.0,15272.031190872192
india/family/F2B,2025-09-01,15263.0,15264.87325334549
india/family/F2B,2025-10-01,15301.0,15264.911120891571
india/family/F2B,2025-11-01,15310.0,15302.67399251461
india/family/F2B,2025-12-01,15310.0,15314.2054438591
india/family/F2B,2026-01-01,15310.0,15311.38024687767
india/family/F2B,2026-02-01,15310.0,15312.668218374252
india/family/F2B,2026-03-01,15310.0,15308.02139723301
india/family/F2B,2026-04-01,15482.0,15309.00719666481
india/family/F2B,2026-05-01,15482.0,15499.67500114441
india/family/F2B,2026-06-01,15605.0,15495.466781616211
india/family/F2B,2026-07-01,15666.0,15628.246772766113
india/family/F2B,2026-08-01,15706.0,15686.904027938843
india/family/F2B,2026-09-01,16304.0,15715.250979423523
india/family/F3,2024-10-01,12874.0,12874.463543087244
india/family/F3,2024-11-01,12888.0,12876.163495779037
india/family/F3,2024-12-01,12888.0,12888.873035728931
india/family/F3,2025-01-01,12965.0,12895.77412557602
india/family/F3,2025-02-01,12965.0,12978.300026893616
india/family/F3,2025-03-01,12965.0,12977.854345321655
india/family/F3,2025-04-01,13239.0,12969.744226932526
india/family/F3,2025-05-01,13239.0,13273.509777069092
india/family/F3,2025-06-01,13321.0,13259.010553359985
india/family/F3,2025-07-01,13361.0,13342.827642440796
india/family/F3,2025-08-01,13361.0,13379.052490234375
india/family/F3,2025-09-01,13361.0,13358.068080186844
india/family/F3,2025-10-01,13399.0,13358.350531339645
india/family/F3,2025-11-01,13399.0,13397.896246790886
india/family/F3,2025-12-01,13399.0,13400.474663257599
india/family/F3,2026-01-01,13399.0,13396.783606052399
india/family/F3,2026-02-01,13399.0,13402.102652072906
india/family/F3,2026-03-01,13399.0,13394.570243358612
india/family/F3,2026-04-01,13504.0,13397.485468745232
india/family/F3,2026-05-01,13559.0,13507.380109071732
india/family/F3,2026-06-01,13559.0,13569.747721672058
india/family/F3,2026-07-01,13619.0,13559.317734718323
india/family/F3,2026-08-01,13649.0,13620.480285406113
india/family/F3,2026-09-01,14539.0,13642.565400123596
india/family/F4,2024-10-01,11382.0,11343.975975826383
india/family/F4,2024-11-01,11389.0,11387.767765045166
india/family/F4,2024-12-01,11389.0,11393.44298696518
india/family/F4,2025-01-01,11420.0,11393.783394813538
india/family/F4,2025-02-01,11420.0,11425.201053619385
india/family/F4,2025-03-01,11420.0,11423.443784236908
india/family/F4,2025-04-01,11488.0,11420.453109920025
india/family/F4,2025-05-01,11488.0,11496.55455493927
india/family/F4,2025-06-01,11488.0,11492.919449329376
india/family/F4,2025-07-01,11511.0,11490.894932031631
india/family/F4,2025-08-01,11627.0,11516.354923725128
india/family/F4,2025-09-01,11627.0,11640.96766281128
india/family/F4,2025-10-01,11627.0,11637.646026611328
india/family/F4,2025-11-01,11627.0,11633.964859008789
india/family/F4,2025-12-01,11627.0,11629.954917430878
india/family/F4,2026-01-01,11627.0,11621.87931060791
india/family/F4,2026-02-01,11627.0,11623.534286022186
india/family/F4,2026-03-01,11627.0,11625.262252092361
india/family/F4,2026-04-01,11627.0,11627.203837662935
india/family/F4,2026-05-01,11627.0,11624.180076599121
india/family/F4,2026-06-01,11627.0,11626.816503748298
india/family/F4,2026-07-01,11627.0,11624.997293949127
india/family/F4,2026-08-01,11627.0,11624.112062215805
india/family/F4,2026-09-01,11627.0,11620.60887336731
philippines/family/F1,2024-10-01,13574.0,13574.061651088297
philippines/family/F1,2024-11-01,13574.0,13574.061651088297
philippines/family/F1,2024-12-01,13574.0,13574.061651088297
philippines/family/F1,2025-01-01,13581.0,13574.061651088297
philippines/family/F1,2025-02-01,13581.0,13581.857861220837
philippines/family/F1,2025-03-01,13581.0,13581.628095507622
philippines/family/F1,2025-04-01,13710.0,13581.469965398312
philippines/family/F1,2025-05-01,13710.0,13725.967476844788
philippines/family/F1,2025-06-01,13710.0,13721.399368286133
philippines/family/F1,2025-07-01,13710.0,13718.534894943237
philippines/family/F1,2025-08-01,13710.0,13713.673370838165
philippines/family/F1,2025-09-01,13710.0,13706.987993478775
philippines/family/F1,2025-10-01,13901.0,13707.97822523117
philippines/family/F1,2025-11-01,13901.0,13924.485836029053
philippines/family/F1,2025-12-01,13901.0,13920.643815994263
philippines/family/F1,2026-01-01,13939.0,13915.06969165802
philippines/family/F1,2026-02-01,13939.0,13953.50552558899
philippines/family/F1,2026-03-01,13939.0,13939.374083310366
philippines/family/F1,2026-04-01,14000.0,13940.435560464859
philippines/family/F1,2026-05-01,14000.0,14007.02368068695
philippines/family/F1,2026-06-01,14000.0,14008.011258125305
philippines/family/F1,2026-07-01,14000.0,14004.030385494232
philippines/family/F1,2026-08-01,14000.0,14005.026644229889
philippines/family/F1,2026-09-01,14000.0,14000.835843384266
philippines/family/F2B,2024-10-01,13443.0,13443.061651088297
philippines/family/F2B,2024-11-01,13443.0,13443.061651088297
philippines/family/F2B,2024-12-01,13443.0,13443.061651088297
philippines/family/F2B,2025-01-01,13443.0,13443.061651088297
philippines/family/F2B,2025-02-01,13443.0,13443.061651088297
philippines/family/F2B,2025-03-01,13443.0,13443.061651088297
philippines/family/F2B,2025-04-01,13535.0,13443.061651088297
philippines/family/F2B,2025-05-01,13552.0,13546.274744033813
philippines/family/F2B,2025-06-01,13552.0,13562.268429756165
philippines/family/F2B,2025-07-01,13619.0,13559.66601228714
philippines/family/F2B,2025-08-01,13619.0,13631.303098678589
philippines/family/F2B,2025-09-01,13635.0,13623.581580638885
philippines/family/F2B,2025-10-01,13788.0,13640.027807235718
philippines/family/F2B,2025-11-01,13788.0,13809.503499984741
philippines/family/F2B,2025-12-01,13795.0,13802.623342514038
philippines/family/F2B,2026-01-01,13870.0,13806.341769218445
philippines/family/F2B,2026-02-01,13870.0,13887.001529693604
philippines/family/F2B,2026-03-01,13870.0,13876.384379863739
philippines/family/F2B,2026-04-01,13977.0,13874.923510074615
philippines/family/F2B,2026-05-01,13977.0,13993.632190704346
philippines/family/F2B,2026-06-01,13977.0,13987.904065132141
philippines/family/F2B,2026-07-01,14014.0,13984.428040981293
philippines/family/F2B,2026-08-01,14031.0,14023.174467086792
philippines/family/F2B,2026-09-01,14031.0,14036.123457431793
philippines/family/F4,2024-10-01,10623.0,10626.431330919266
philippines/family/F4,2024-11-01,10623.0,10626.065575361252
philippines/family/F4,2024-12-01,10623.0,10621.061446785927
philippines/family/F4,2025-01-01,10713.0,10630.531385421753
philippines/family/F4,2025-02-01,10713.0,10729.357582092285
philippines/family/F4,2025-03-01,10880.0,10729.345882415771
philippines/family/F4,2025-04-01,10958.0,10908.780822753906
philippines/family/F4,2025-05-01,11109.0,10987.555335998535
philippines/family/F4,2025-06-01,11109.0,11142.467964172363
philippines/family/F4,2025-07-01,11323.0,11126.527431488037
philippines/family/F4,2025-08-01,11323.0,11356.462963104248
philippines/family/F4,2025-09-01,11323.0,11336.680171966553
philippines/family/F4,2025-10-01,11403.0,11328.21703338623
philippines/family/F4,2025-11-01,11403.0,11416.161237716675
philippines/family/F4,2025-12-01,11518.0,11402.1902718544
philippines/family/F4,2026-01-01,11525.0,11540.94619178772
philippines/family/F4,2026-02-01,11525.0,11535.816397666931
philippines/family/F4,2026-03-01,11566.0,11535.294998168945
philippines/family/F4,2026-04-01,11719.0,11567.232746005058
philippines/family/F4,2026-05-01,11883.0,11738.602884292603
philippines/family/F4,2026-06-01,11883.0,11911.002866744995
philippines/family/F4,2026-07-01,11900.0,11895.604932785034
philippines/family/F4,2026-08-01,11900.0,11905.115038394928
philippines/family/F4,2026-09-01,11921.0,11882.059488296509
