unique_id,ds,y,deepar-legacy
all_chargeability/employment/EB3,2024-10-01,17485.0,16930.855
all_chargeability/employment/EB3,2024-11-01,17485.0,17547.906
all_chargeability/employment/EB3,2024-12-01,17485.0,17591.033
all_chargeability/employment/EB3,2025-01-01,17501.0,17555.148
all_chargeability/employment/EB3,2025-02-01,17501.0,17545.988
all_chargeability/employment/EB3,2025-03-01,17501.0,17494.943
all_chargeability/employment/EB3,2025-04-01,17532.0,17499.057
all_chargeability/employment/EB3,2025-05-01,17532.0,17469.898
all_chargeability/employment/EB3,2025-06-01,17570.0,17420.512
all_chargeability/employment/EB3,2025-07-01,17622.0,17568.666
all_chargeability/employment/EB3,2025-08-01,17622.0,17635.848
all_chargeability/employment/EB3,2025-09-01,17622.0,17654.691
all_chargeability/employment/EB3,2025-10-01,17622.0,17619.826
all_chargeability/employment/EB3,2025-11-01,17622.0,17622.14
all_chargeability/employment/EB3,2025-12-01,17636.0,17639.934
all_chargeability/employment/EB3,2026-01-01,17643.0,17664.773
all_chargeability/employment/EB3,2026-02-01,17683.0,17664.766
all_chargeability/employment/EB3,2026-03-01,17805.0,17724.512
all_chargeability/employment/EB3,2026-04-01,18049.0,17844.836
all_chargeability/employment/EB3,2026-05-01,18049.0,18088.443
all_chargeability/employment/EB3,2026-06-01,18049.0,18132.135
all_chargeability/employment/EB3,2026-07-01,18110.0,18139.39
all_chargeability/employment/EB3,2026-08-01,18141.0,18095.58
all_chargeability/employment/EB3,2026-09-01,18141.0,18160.95
all_chargeability/employment/EB3_OW,2024-10-01,16771.0,16786.076
all_chargeability/employment/EB3_OW,2024-11-01,16771.0,16762.07
all_chargeability/employment/EB3_OW,2024-12-01,16771.0,16785.535
all_chargeability/employment/EB3_OW,2025-01-01,16778.0,16793.762
all_chargeability/employment/EB3_OW,2025-02-01,16778.0,16797.348
all_chargeability/employment/EB3_OW,2025-03-01,16833.0,16798.613
all_chargeability/employment/EB3_OW,2025-04-01,16943.0,16857.86
all_chargeability/employment/EB3_OW,2025-05-01,16943.0,16987.969
all_chargeability/employment/EB3_OW,2025-06-01,16974.0,16955.0
all_chargeability/employment/EB3_OW,2025-07-01,16990.0,17000.348
all_chargeability/employment/EB3_OW,2025-08-01,16990.0,17033.922
all_chargeability/employment/EB3_OW,2025-09-01,16990.0,17020.336
all_chargeability/employment/EB3_OW,2025-10-01,16997.0,16985.102
all_chargeability/employment/EB3_OW,2025-11-01,16997.0,16998.64
all_chargeability/employment/EB3_OW,2025-12-01,17014.0,17011.857
all_chargeability/employment/EB3_OW,2026-01-01,17045.0,17000.543
all_chargeability/employment/EB3_OW,2026-02-01,17045.0,17064.3
all_chargeability/employment/EB3_OW,2026-03-01,17106.0,17034.066
all_chargeability/employment/EB3_OW,2026-04-01,17106.0,17161.52
all_chargeability/employment/EB3_OW,2026-05-01,17198.0,17135.145
all_chargeability/employment/EB3_OW,2026-06-01,17198.0,17258.691
all_chargeability/employment/EB3_OW,2026-07-01,17226.0,17269.09
all_chargeability/employment/EB3_OW,2026-08-01,17257.0,17280.732
all_chargeability/employment/EB3_OW,2026-09-01,17257.0,17288.166
all_chargeability/family/F1,2024-10-01,14904.0,14794.51
all_chargeability/family/F1,2024-11-01,14904.0,14816.174
all_chargeability/family/F1,2024-12-01,14904.0,14868.586
all_chargeability/family/F1,2025-01-01,14935.0,14910.252
all_chargeability/family/F1,2025-02-01,14935.0,14947.727
all_chargeability/family/F1,2025-03-01,14935.0,14931.689
all_chargeability/family/F1,2025-04-01,15049.0,14932.986
all_chargeability/family/F1,2025-05-01,15049.0,15072.243
all_chargeability/family/F1,2025-06-01,15134.0,15071.853
all_chargeability/family/F1,2025-07-01,15171.0,15192.871
all_chargeability/family/F1,2025-08-01,15171.0,15230.029
all_chargeability/family/F1,2025-09-01,15171.0,15214.251
all_chargeability/family/F1,2025-10-01,15287.0,15155.334
all_chargeability/family/F1,2025-11-01,15287.0,15345.918
all_chargeability/family/F1,2025-12-01,15287.0,15322.686
all_chargeability/family/F1,2026-01-01,15287.0,15290.687
all_chargeability/family/F1,2026-02-01,15287.0,15319.479
all_chargeability/family/F1,2026-03-01,15287.0,15266.373
all_chargeability/family/F1,2026-04-01,15461.0,15283.961
all_chargeability/family/F1,2026-05-01,15584.0,15534.951
all_chargeability/family/F1,2026-06-01,15584.0,15681.3125
all_chargeability/family/F1,2026-07-01,15737.0,15677.955
all_chargeability/family/F1,2026-08-01,16054.0,15829.482
all_chargeability/family/F1,2026-09-01,16457.0,16214.523
all_chargeability/family/F2A,2024-10-01,17127.0,17061.82
all_chargeability/family/F2A,2024-11-01,17167.0,16890.434
all_chargeability/family/F2A,2024-12-01,17167.0,17101.637
all_chargeability/family/F2A,2025-01-01,17167.0,17256.984
all_chargeability/family/F2A,2025-02-01,17167.0,17260.855
all_chargeability/family/F2A,2025-03-01,17167.0,17259.393
all_chargeability/family/F2A,2025-04-01,17167.0,17241.625
all_chargeability/family/F2A,2025-05-01,17167.0,17232.043
all_chargeability/family/F2A,2025-06-01,17167.0,17234.61
all_chargeability/family/F2A,2025-07-01,17410.0,17209.197
all_chargeability/family/F2A,2025-08-01,17410.0,17471.062
all_chargeability/family/F2A,2025-09-01,17410.0,17466.877
all_chargeability/family/F2A,2025-10-01,17928.0,17460.777
all_chargeability/family/F2A,2025-11-01,17928.0,17952.133
all_chargeability/family/F2A,2025-12-01,17928.0,18008.568
all_chargeability/family/F2A,2026-01-01,17928.0,18043.762
all_chargeability/family/F2A,2026-02-01,17928.0,17960.926
all_chargeability/family/F2A,2026-03-01,17928.0,17973.902
all_chargeability/family/F2A,2026-04-01,17928.0,17907.252
all_chargeability/family/F2A,2026-05-01,18110.0,17886.932
all_chargeability/family/F2A,2026-06-01,18263.0,18145.635
all_chargeability/family/F2A,2026-07-01,18263.0,18296.188
all_chargeability/family/F2A,2026-08-01,18830.0,18339.934
all_chargeability/family/F2A,2026-09-01,18861.0,19074.223
all_chargeability/family/F2B,2024-10-01,15096.0,15042.307
all_chargeability/family/F2B,2024-11-01,15096.0,15053.967
all_chargeability/family/F2B,2024-12-01,15096.0,15089.732
all_chargeability/family/F2B,2025-01-01,15117.0,15091.527
all_chargeability/family/F2B,2025-02-01,15117.0,15125.258
all_chargeability/family/F2B,2025-03-01,15117.0,15118.912
all_chargeability/family/F2B,2025-04-01,15178.0,15113.021
all_chargeability/family/F2B,2025-05-01,15178.0,15203.951
all_chargeability/family/F2B,2025-06-01,15240.0,15187.507
all_chargeability/family/F2B,2025-07-01,15263.0,15275.594
all_chargeability/family/F2B,2025-08-01,15263.0,15307.301
all_chargeability/family/F2B,2025-09-01,15263.0,15299.951
all_chargeability/family/F2B,2025-10-01,15301.0,15267.27
all_chargeability/family/F2B,2025-11-01,15310.0,15324.27
all_chargeability/family/F2B,2025-12-01,15310.0,15309.08
all_chargeability/family/F2B,2026-01-01,15310.0,15326.175
all_chargeability/family/F2B,2026-02-01,15310.0,15318.7
all_chargeability/family/F2B,2026-03-01,15310.0,15291.201
all_chargeability/family/F2B,2026-04-01,15482.0,15294.697
all_chargeability/family/F2B,2026-05-01,15482.0,15531.316
all_chargeability/family/F2B,2026-06-01,15605.0,15532.239
all_chargeability/family/F2B,2026-07-01,15666.0,15677.793
all_chargeability/family/F2B,2026-08-01,15706.0,15727.1
all_chargeability/family/F2B,2026-09-01,16304.0,15741.403
all_chargeability/family/F3,2024-10-01,12874.0,12848.604
all_chargeability/family/F3,2024-11-01,12888.0,12884.485
all_chargeability/family/F3,2024-12-01,12888.0,12914.379
all_chargeability/family/F3,2025-01-01,12965.0,12886.18
all_chargeability/family/F3,2025-02-01,12965.0,13004.773
all_chargeability/family/F3,2025-03-01,12965.0,12988.203
all_chargeability/family/F3,2025-04-01,13239.0,12982.977
all_chargeability/family/F3,2025-05-01,13239.0,13310.334
all_chargeability/family/F3,2025-06-01,13321.0,13311.059
all_chargeability/family/F3,2025-07-01,13361.0,13402.922
all_chargeability/family/F3,2025-08-01,13361.0,13397.463
all_chargeability/family/F3,2025-09-01,13361.0,13431.209
all_chargeability/family/F3,2025-10-01,13399.0,13329.769
all_chargeability/family/F3,2025-11-01,13399.0,13409.831
all_chargeability/family/F3,2025-12-01,13399.0,13423.061
all_chargeability/family/F3,2026-01-01,13399.0,13386.222
all_chargeability/family/F3,2026-02-01,13399.0,13390.852
all_chargeability/family/F3,2026-03-01,13399.0,13379.506
all_chargeability/family/F3,2026-04-01,13504.0,13400.099
all_chargeability/family/F3,2026-05-01,13559.0,13542.416
all_chargeability/family/F3,2026-06-01,13559.0,13619.81
all_chargeability/family/F3,2026-07-01,13619.0,13616.285
all_chargeability/family/F3,2026-08-01,13649.0,13678.281
all_chargeability/family/F3,2026-09-01,14539.0,13700.715
all_chargeability/family/F4,2024-10-01,11900.0,11903.179
all_chargeability/family/F4,2024-11-01,11900.0,11902.118
all_chargeability/family/F4,2024-12-01,11900.0,11903.332
all_chargeability/family/F4,2025-01-01,11900.0,11899.594
all_chargeability/family/F4,2025-02-01,11900.0,11899.617
all_chargeability/family/F4,2025-03-01,11900.0,11896.658
all_chargeability/family/F4,2025-04-01,11900.0,11895.8125
all_chargeability/family/F4,2025-05-01,12053.0,11898.206
all_chargeability/family/F4,2025-06-01,12053.0,12035.137
all_chargeability/family/F4,2025-07-01,12053.0,12059.826
all_chargeability/family/F4,2025-08-01,12053.0,12072.533
all_chargeability/family/F4,2025-09-01,12053.0,12048.439
all_chargeability/family/F4,2025-10-01,12060.0,12033.379
all_chargeability/family/F4,2025-11-01,12060.0,12064.188
all_chargeability/family/F4,2025-12-01,12060.0,12065.725
all_chargeability/family/F4,2026-01-01,12060.0,12062.619
all_chargeability/family/F4,2026-02-01,12060.0,12056.754
all_chargeability/family/F4,2026-03-01,12060.0,12057.153
all_chargeability/family/F4,2026-04-01,12212.0,12069.979
all_chargeability/family/F4,2026-05-01,12311.0,12233.973
all_chargeability/family/F4,2026-06-01,12365.0,12334.876
all_chargeability/family/F4,2026-07-01,12419.0,12409.967
all_chargeability/family/F4,2026-08-01,12662.0,12454.702
all_chargeability/family/F4,2026-09-01,13443.0,12641.891
china/employment/EB1,2024-10-01,17478.0,17477.912
china/employment/EB1,2024-11-01,17478.0,17473.363
china/employment/EB1,2024-12-01,17478.0,17478.234
china/employment/EB1,2025-01-01,17478.0,17469.383
china/employment/EB1,2025-02-01,17478.0,17473.375
china/employment/EB1,2025-03-01,17478.0,17469.879
china/employment/EB1,2025-04-01,17478.0,17473.484
china/employment/EB1,2025-05-01,17478.0,17483.027
china/employment/EB1,2025-06-01,17478.0,17486.637
china/employment/EB1,2025-07-01,17485.0,17491.953
china/employment/EB1,2025-08-01,17485.0,17494.688
china/employment/EB1,2025-09-01,17485.0,17496.666
china/employment/EB1,2025-10-01,17522.0,17493.723
china/employment/EB1,2025-11-01,17522.0,17530.863
china/employment/EB1,2025-12-01,17553.0,17528.766
china/employment/EB1,2026-01-01,17563.0,17562.922
china/employment/EB1,2026-02-01,17563.0,17575.031
china/employment/EB1,2026-03-01,17591.0,17573.846
china/employment/EB1,2026-04-01,17622.0,17601.652
china/employment/EB1,2026-05-01,17622.0,17630.816
china/employment/EB1,2026-06-01,17622.0,17641.336
china/employment/EB1,2026-07-01,17683.0,17643.447
china/employment/EB1,2026-08-01,17713.0,17706.334
china/employment/EB1,2026-09-01,17713.0,17758.844
china/employment/EB2,2024-10-01,16517.0,16496.75
china/employment/EB2,2024-11-01,16517.0,16528.102
china/employment/EB2,2024-12-01,16517.0,16517.781
china/employment/EB2,2025-01-01,16548.0,16516.82
china/employment/EB2,2025-02-01,16548.0,16562.29
china/employment/EB2,2025-03-01,16564.0,16573.002
china/employment/EB2,2025-04-01,16710.0,16582.07
china/employment/EB2,2025-05-01,16710.0,16767.863
china/employment/EB2,2025-06-01,16771.0,16746.312
china/employment/EB2,2025-07-01,16785.0,16824.898
china/employment/EB2,2025-08-01,16785.0,16807.93
china/employment/EB2,2025-09-01,16785.0,16797.79
china/employment/EB2,2025-10-01,16892.0,16811.203
china/employment/EB2,2025-11-01,16892.0,16951.77
china/employment/EB2,2025-12-01,16953.0,16904.58
china/employment/EB2,2026-01-01,17045.0,16986.906
china/employment/EB2,2026-02-01,17045.0,17110.871
china/employment/EB2,2026-03-01,17045.0,17086.73
china/employment/EB2,2026-04-01,17045.0,17058.691
china/employment/EB2,2026-05-01,17045.0,17043.3
china/employment/EB2,2026-06-01,17045.0,17054.275
china/employment/EB2,2026-07-01,17045.0,17062.422
china/employment/EB2,2026-08-01,17045.0,17049.918
china/employment/EB2,2026-09-01,17045.0,17031.613
china/employment/EB3,2024-10-01,16527.0,16666.13
china/employment/EB3,2024-11-01,16527.0,16465.158
china/employment/EB3,2024-12-01,16527.0,16455.137
china/employment/EB3,2025-01-01,16588.0,16523.348
china/employment/EB3,2025-02-01,16618.0,16596.398
china/employment/EB3,2025-03-01,16649.0,16625.697
china/employment/EB3,2025-04-01,16741.0,16658.5
china/employment/EB3,2025-05-01,16741.0,16760.535
china/employment/EB3,2025-06-01,16762.0,16754.111
china/employment/EB3,2025-07-01,16771.0,16791.008
china/employment/EB3,2025-08-01,16771.0,16782.328
china/employment/EB3,2025-09-01,16771.0,16807.914
china/employment/EB3,2025-10-01,16861.0,16798.617
china/employment/EB3,2025-11-01,16861.0,16907.805
china/employment/EB3,2025-12-01,16892.0,16892.094
china/employment/EB3,2026-01-01,16922.0,16910.688
china/employment/EB3,2026-02-01,16922.0,16947.617
china/employment/EB3,2026-03-01,16922.0,16936.969
china/employment/EB3,2026-04-01,16967.0,16936.836
china/employment/EB3,2026-05-01,16967.0,16994.527
china/employment/EB3,2026-06-01,17014.0,16982.52
china/employment/EB3,2026-07-01,17157.0,17050.428
china/employment/EB3,2026-08-01,17167.0,17237.145
china/employment/EB3,2026-09-01,17167.0,17233.049
china/employment/EB3_OW,2024-10-01,15341.0,15376.506
china/employment/EB3_OW,2024-11-01,15341.0,15303.088
china/employment/EB3_OW,2024-12-01,15341.0,15263.721
china/employment/EB3_OW,2025-01-01,15341.0,15258.125
china/employment/EB3_OW,2025-02-01,15341.0,15316.11
china/employment/EB3_OW,2025-03-01,15341.0,15372.23
china/employment/EB3_OW,2025-04-01,15431.0,15344.248
china/employment/EB3_OW,2025-05-01,15431.0,15492.157
china/employment/EB3_OW,2025-06-01,15431.0,15466.328
china/employment/EB3_OW,2025-07-01,15461.0,15445.282
china/employment/EB3_OW,2025-08-01,15461.0,15503.189
china/employment/EB3_OW,2025-09-01,15461.0,15508.922
china/employment/EB3_OW,2025-10-01,15675.0,15517.18
china/employment/EB3_OW,2025-11-01,15675.0,15712.66
china/employment/EB3_OW,2025-12-01,15682.0,15695.142
china/employment/EB3_OW,2026-01-01,16047.0,15705.09
china/employment/EB3_OW,2026-02-01,16047.0,16031.167
china/employment/EB3_OW,2026-03-01,16047.0,16094.926
china/employment/EB3_OW,2026-04-01,16102.0,16128.121
china/employment/EB3_OW,2026-05-01,16102.0,16086.049
china/employment/EB3_OW,2026-06-01,16161.0,16089.902
china/employment/EB3_OW,2026-07-01,16161.0,16239.431
china/employment/EB3_OW,2026-08-01,16191.0,16171.992
china/employment/EB3_OW,2026-09-01,16191.0,16225.398
china/family/F1,2024-10-01,14904.0,14945.54
china/family/F1,2024-11-01,14904.0,14822.746
china/family/F1,2024-12-01,14904.0,14891.656
china/family/F1,2025-01-01,14935.0,14894.291
china/family/F1,2025-02-01,14935.0,14944.686
china/family/F1,2025-03-01,14935.0,14940.422
china/family/F1,2025-04-01,15049.0,14942.697
china/family/F1,2025-05-01,15049.0,15096.327
china/family/F1,2025-06-01,15134.0,15086.408
china/family/F1,2025-07-01,15171.0,15193.372
china/family/F1,2025-08-01,15171.0,15222.971
china/family/F1,2025-09-01,15171.0,15207.342
china/family/F1,2025-10-01,15287.0,15199.356
china/family/F1,2025-11-01,15287.0,15332.934
china/family/F1,2025-12-01,15287.0,15296.087
china/family/F1,2026-01-01,15287.0,15271.352
china/family/F1,2026-02-01,15287.0,15276.937
china/family/F1,2026-03-01,15287.0,15265.457
china/family/F1,2026-04-01,15461.0,15266.151
china/family/F1,2026-05-01,15584.0,15526.421
china/family/F1,2026-06-01,15584.0,15678.279
china/family/F1,2026-07-01,15737.0,15646.484
china/family/F1,2026-08-01,16054.0,15856.541
china/family/F1,2026-09-01,16457.0,16193.168
china/family/F2A,2024-10-01,17127.0,17158.59
china/family/F2A,2024-11-01,17167.0,16926.46
china/family/F2A,2024-12-01,17167.0,17010.668
china/family/F2A,2025-01-01,17167.0,17157.559
china/family/F2A,2025-02-01,17167.0,17297.0
china/family/F2A,2025-03-01,17167.0,17244.941
china/family/F2A,2025-04-01,17167.0,17281.508
china/family/F2A,2025-05-01,17167.0,17232.453
china/family/F2A,2025-06-01,17167.0,17240.887
china/family/F2A,2025-07-01,17410.0,17236.719
china/family/F2A,2025-08-01,17410.0,17505.164
china/family/F2A,2025-09-01,17410.0,17457.008
china/family/F2A,2025-10-01,17928.0,17455.215
china/family/F2A,2025-11-01,17928.0,17980.785
china/family/F2A,2025-12-01,17928.0,17990.82
china/family/F2A,2026-01-01,17928.0,18031.45
china/family/F2A,2026-02-01,17928.0,17921.936
china/family/F2A,2026-03-01,17928.0,18002.223
china/family/F2A,2026-04-01,17928.0,17912.584
china/family/F2A,2026-05-01,18110.0,17904.285
china/family/F2A,2026-06-01,18263.0,18161.885
china/family/F2A,2026-07-01,18263.0,18329.562
china/family/F2A,2026-08-01,18830.0,18317.66
china/family/F2A,2026-09-01,18861.0,19053.062
china/family/F2B,2024-10-01,15096.0,15027.327
china/family/F2B,2024-11-01,15096.0,15088.195
china/family/F2B,2024-12-01,15096.0,15091.383
china/family/F2B,2025-01-01,15117.0,15097.841
china/family/F2B,2025-02-01,15117.0,15117.342
china/family/F2B,2025-03-01,15117.0,15117.238
china/family/F2B,2025-04-01,15178.0,15114.488
china/family/F2B,2025-05-01,15178.0,15200.156
china/family/F2B,2025-06-01,15240.0,15190.012
china/family/F2B,2025-07-01,15263.0,15282.788
china/family/F2B,2025-08-01,15263.0,15311.444
china/family/F2B,2025-09-01,15263.0,15288.17
china/family/F2B,2025-10-01,15301.0,15278.059
china/family/F2B,2025-11-01,15310.0,15319.182
china/family/F2B,2025-12-01,15310.0,15311.016
china/family/F2B,2026-01-01,15310.0,15301.861
china/family/F2B,2026-02-01,15310.0,15311.983
china/family/F2B,2026-03-01,15310.0,15302.61
china/family/F2B,2026-04-01,15482.0,15292.004
china/family/F2B,2026-05-01,15482.0,15531.556
china/family/F2B,2026-06-01,15605.0,15531.486
china/family/F2B,2026-07-01,15666.0,15682.981
china/family/F2B,2026-08-01,15706.0,15732.244
china/family/F2B,2026-09-01,16304.0,15745.115
china/family/F3,2024-10-01,12874.0,12836.3545
china/family/F3,2024-11-01,12888.0,12848.352
china/family/F3,2024-12-01,12888.0,12903.216
china/family/F3,2025-01-01,12965.0,12905.001
china/family/F3,2025-02-01,12965.0,12991.152
china/family/F3,2025-03-01,12965.0,12981.645
china/family/F3,2025-04-01,13239.0,12972.262
china/family/F3,2025-05-01,13239.0,13324.293
china/family/F3,2025-06-01,13321.0,13316.256
china/family/F3,2025-07-01,13361.0,13414.157
china/family/F3,2025-08-01,13361.0,13376.447
china/family/F3,2025-09-01,13361.0,13353.15
china/family/F3,2025-10-01,13399.0,13342.568
china/family/F3,2025-11-01,13399.0,13459.23
china/family/F3,2025-12-01,13399.0,13384.397
china/family/F3,2026-01-01,13399.0,13377.322
china/family/F3,2026-02-01,13399.0,13394.498
china/family/F3,2026-03-01,13399.0,13375.361
china/family/F3,2026-04-01,13504.0,13366.569
china/family/F3,2026-05-01,13559.0,13524.5625
china/family/F3,2026-06-01,13559.0,13605.832
china/family/F3,2026-07-01,13619.0,13619.846
china/family/F3,2026-08-01,13649.0,13668.89
china/family/F3,2026-09-01,14539.0,13719.914
china/family/F4,2024-10-01,11900.0,11897.139
china/family/F4,2024-11-01,11900.0,11899.027
china/family/F4,2024-12-01,11900.0,11901.663
china/family/F4,2025-01-01,11900.0,11896.87
china/family/F4,2025-02-01,11900.0,11899.096
china/family/F4,2025-03-01,11900.0,11900.846
china/family/F4,2025-04-01,11900.0,11901.667
china/family/F4,2025-05-01,12053.0,11901.747
china/family/F4,2025-06-01,12053.0,12030.367
china/family/F4,2025-07-01,12053.0,12061.84
china/family/F4,2025-08-01,12053.0,12074.82
china/family/F4,2025-09-01,12053.0,12053.594
china/family/F4,2025-10-01,12060.0,12039.506
china/family/F4,2025-11-01,12060.0,12040.531
china/family/F4,2025-12-01,12060.0,12071.646
china/family/F4,2026-01-01,12060.0,12060.984
china/family/F4,2026-02-01,12060.0,12062.373
china/family/F4,2026-03-01,12060.0,12055.713
china/family/F4,2026-04-01,12212.0,12055.289
china/family/F4,2026-05-01,12311.0,12231.676
china/family/F4,2026-06-01,12365.0,12337.738
china/family/F4,2026-07-01,12419.0,12405.129
china/family/F4,2026-08-01,12662.0,12456.002
china/family/F4,2026-09-01,13443.0,12690.941
india/employment/EB1,2024-10-01,17198.0,17275.74
india/employment/EB1,2024-11-01,17198.0,16854.395
india/employment/EB1,2024-12-01,17198.0,17252.309
india/employment/EB1,2025-01-01,17198.0,17397.277
india/employment/EB1,2025-02-01,17198.0,17348.8
india/employment/EB1,2025-03-01,17198.0,17339.695
india/employment/EB1,2025-04-01,17212.0,17305.002
india/employment/EB1,2025-05-01,17212.0,17317.127
india/employment/EB1,2025-06-01,17212.0,17385.852
india/employment/EB1,2025-07-01,17212.0,17296.79
india/employment/EB1,2025-08-01,17212.0,17320.812
india/employment/EB1,2025-09-01,17212.0,17309.5
india/employment/EB1,2025-10-01,17212.0,17325.172
india/employment/EB1,2025-11-01,17212.0,17321.172
india/employment/EB1,2025-12-01,17240.0,17262.27
india/employment/EB1,2026-01-01,17563.0,17294.375
india/employment/EB1,2026-02-01,17563.0,17718.373
india/employment/EB1,2026-03-01,17591.0,17645.121
india/employment/EB1,2026-04-01,17622.0,17672.148
india/employment/EB1,2026-05-01,17622.0,17733.512
india/employment/EB1,2026-06-01,17515.0,17743.984
india/employment/EB1,2026-07-01,17454.0,17577.584
india/employment/EB1,2026-08-01,17454.0,17541.158
india/employment/EB1,2026-09-01,17454.0,17555.059
india/employment/EB2,2024-07-01,13680.0,13650.932
india/employment/EB2,2024-08-01,13710.0,13701.582
india/employment/EB2,2024-09-01,13710.0,13830.762
india/employment/EB2,2024-10-01,13710.0,13751.269
india/employment/EB2,2024-11-01,13710.0,13785.658
india/employment/EB2,2024-12-01,13727.0,13752.613
india/employment/EB2,2025-01-01,13788.0,13796.642
india/employment/EB2,2025-02-01,13802.0,13838.813
india/employment/EB2,2025-03-01,13849.0,13853.156
india/employment/EB2,2025-04-01,13880.0,13896.287
india/employment/EB2,2025-05-01,13880.0,13919.402
india/employment/EB2,2025-06-01,13880.0,13904.846
india/employment/EB2,2025-07-01,13880.0,13902.489
india/employment/EB2,2025-08-01,13880.0,13887.624
india/employment/EB2,2025-09-01,13880.0,13904.289
india/employment/EB2,2025-10-01,13970.0,13897.605
india/employment/EB2,2025-11-01,13970.0,14032.314
india/employment/EB2,2025-12-01,14014.0,13993.504
india/employment/EB2,2026-01-01,14075.0,14051.509
india/employment/EB2,2026-02-01,14075.0,14145.232
india/employment/EB2,2026-03-01,14137.0,14109.137
india/employment/EB2,2026-04-01,14440.0,14217.485
india/employment/EB2,2026-05-01,14440.0,14548.941
india/employment/EB2,2026-06-01,14123.0,14524.107
india/employment/EB3,2024-10-01,13819.0,13851.476
india/employment/EB3,2024-11-01,13819.0,13839.227
india/employment/EB3,2024-12-01,13826.0,13848.693
india/employment/EB3,2025-01-01,13849.0,13838.016
india/employment/EB3,2025-02-01,13863.0,13881.887
india/employment/EB3,2025-03-01,13911.0,13909.168
india/employment/EB3,2025-04-01,13970.0,13957.521
india/employment/EB3,2025-05-01,13984.0,14026.875
india/employment/EB3,2025-06-01,13984.0,14014.838
india/employment/EB3,2025-07-01,13991.0,14033.363
india/employment/EB3,2025-08-01,14021.0,14010.25
india/employment/EB3,2025-09-01,14021.0,14060.459
india/employment/EB3,2025-10-01,14113.0,14071.848
india/employment/EB3,2025-11-01,14113.0,14156.6875
india/employment/EB3,2025-12-01,14144.0,14133.156
india/employment/EB3,2026-01-01,14198.0,14180.764
india/employment/EB3,2026-02-01,14198.0,14229.472
india/employment/EB3,2026-03-01,14198.0,14226.906
india/employment/EB3,2026-04-01,14198.0,14195.662
india/employment/EB3,2026-05-01,14198.0,14206.309
india/employment/EB3,2026-06-01,14228.0,14197.803
india/employment/EB3,2026-07-01,14245.0,14237.348
india/employment/EB3,2026-08-01,14245.0,14244.997
india/employment/EB3,2026-09-01,14245.0,14240.26
india/employment/EB3_OW,2024-10-01,13819.0,13856.18
india/employment/EB3_OW,2024-11-01,13819.0,13847.07
india/employment/EB3_OW,2024-12-01,13826.0,13850.475
india/employment/EB3_OW,2025-01-01,13849.0,13879.086
india/employment/EB3_OW,2025-02-01,13863.0,13882.807
india/employment/EB3_OW,2025-03-01,13911.0,13901.492
india/employment/EB3_OW,2025-04-01,13970.0,13973.881
india/employment/EB3_OW,2025-05-01,13984.0,14020.656
india/employment/EB3_OW,2025-06-01,13984.0,14018.058
india/employment/EB3_OW,2025-07-01,13991.0,14006.668
india/employment/EB3_OW,2025-08-01,14021.0,14036.955
india/employment/EB3_OW,2025-09-01,14021.0,14041.87
india/employment/EB3_OW,2025-10-01,14113.0,14046.0625
india/employment/EB3_OW,2025-11-01,14113.0,14127.371
india/employment/EB3_OW,2025-12-01,14144.0,14140.96
india/employment/EB3_OW,2026-01-01,14198.0,14174.571
india/employment/EB3_OW,2026-02-01,14198.0,14236.984
india/employment/EB3_OW,2026-03-01,14198.0,14214.908
india/employment/EB3_OW,2026-04-01,14198.0,14215.797
india/employment/EB3_OW,2026-05-01,14198.0,14184.28
india/employment/EB3_OW,2026-06-01,14228.0,14179.429
india/employment/EB3_OW,2026-07-01,14245.0,14240.542
india/employment/EB3_OW,2026-08-01,14245.0,14246.42
india/employment/EB3_OW,2026-09-01,14245.0,14248.338
india/family/F1,2024-10-01,14904.0,14855.634
india/family/F1,2024-11-01,14904.0,14809.479
india/family/F1,2024-12-01,14904.0,14879.783
india/family/F1,2025-01-01,14935.0,14910.547
india/family/F1,2025-02-01,14935.0,14940.387
india/family/F1,2025-03-01,14935.0,14936.336
india/family/F1,2025-04-01,15049.0,14934.207
india/family/F1,2025-05-01,15049.0,15084.848
india/family/F1,2025-06-01,15134.0,15076.799
india/family/F1,2025-07-01,15171.0,15191.631
india/family/F1,2025-08-01,15171.0,15226.487
india/family/F1,2025-09-01,15171.0,15171.598
india/family/F1,2025-10-01,15287.0,15174.777
india/family/F1,2025-11-01,15287.0,15366.271
india/family/F1,2025-12-01,15287.0,15301.628
india/family/F1,2026-01-01,15287.0,15309.778
india/family/F1,2026-02-01,15287.0,15297.742
india/family/F1,2026-03-01,15287.0,15264.125
india/family/F1,2026-04-01,15461.0,15287.701
india/family/F1,2026-05-01,15584.0,15529.334
india/family/F1,2026-06-01,15584.0,15672.354
india/family/F1,2026-07-01,15737.0,15664.809
india/family/F1,2026-08-01,16054.0,15841.249
india/family/F1,2026-09-01,16457.0,16191.74
india/family/F2A,2024-10-01,17127.0,17145.445
india/family/F2A,2024-11-01,17167.0,16990.586
india/family/F2A,2024-12-01,17167.0,17083.043
india/family/F2A,2025-01-01,17167.0,17265.273
india/family/F2A,2025-02-01,17167.0,17293.867
india/family/F2A,2025-03-01,17167.0,17286.984
india/family/F2A,2025-04-01,17167.0,17266.637
india/family/F2A,2025-05-01,17167.0,17247.787
india/family/F2A,2025-06-01,17167.0,17211.836
india/family/F2A,2025-07-01,17410.0,17235.781
india/family/F2A,2025-08-01,17410.0,17482.379
india/family/F2A,2025-09-01,17410.0,17466.77
india/family/F2A,2025-10-01,17928.0,17461.602
india/family/F2A,2025-11-01,17928.0,17967.295
india/family/F2A,2025-12-01,17928.0,17992.99
india/family/F2A,2026-01-01,17928.0,18027.473
india/family/F2A,2026-02-01,17928.0,17946.688
india/family/F2A,2026-03-01,17928.0,17954.81
india/family/F2A,2026-04-01,17928.0,17983.67
india/family/F2A,2026-05-01,18110.0,17905.172
india/family/F2A,2026-06-01,18263.0,18174.219
india/family/F2A,2026-07-01,18263.0,18407.277
india/family/F2A,2026-08-01,18830.0,18337.902
india/family/F2A,2026-09-01,18861.0,19092.668
india/family/F2B,2024-10-01,15096.0,15073.377
india/family/F2B,2024-11-01,15096.0,15082.828
india/family/F2B,2024-12-01,15096.0,15091.466
india/family/F2B,2025-01-01,15117.0,15099.791
india/family/F2B,2025-02-01,15117.0,15123.283
india/family/F2B,2025-03-01,15117.0,15120.711
india/family/F2B,2025-04-01,15178.0,15125.139
india/family/F2B,2025-05-01,15178.0,15203.758
india/family/F2B,2025-06-01,15240.0,15192.698
india/family/F2B,2025-07-01,15263.0,15273.221
india/family/F2B,2025-08-01,15263.0,15305.998
india/family/F2B,2025-09-01,15263.0,15286.093
india/family/F2B,2025-10-01,15301.0,15270.344
india/family/F2B,2025-11-01,15310.0,15323.982
india/family/F2B,2025-12-01,15310.0,15322.139
india/family/F2B,2026-01-01,15310.0,15303.846
india/family/F2B,2026-02-01,15310.0,15294.574
india/family/F2B,2026-03-01,15310.0,15308.148
india/family/F2B,2026-04-01,15482.0,15310.9
india/family/F2B,2026-05-01,15482.0,15527.775
india/family/F2B,2026-06-01,15605.0,15529.96
india/family/F2B,2026-07-01,15666.0,15669.889
india/family/F2B,2026-08-01,15706.0,15732.055
india/family/F2B,2026-09-01,16304.0,15780.32
india/family/F3,2024-10-01,12874.0,12831.903
india/family/F3,2024-11-01,12888.0,12853.789
india/family/F3,2024-12-01,12888.0,12904.89
india/family/F3,2025-01-01,12965.0,12896.635
india/family/F3,2025-02-01,12965.0,12993.746
india/family/F3,2025-03-01,12965.0,12985.834
india/family/F3,2025-04-01,13239.0,12959.945
india/family/F3,2025-05-01,13239.0,13332.223
india/family/F3,2025-06-01,13321.0,13316.155
india/family/F3,2025-07-01,13361.0,13400.946
india/family/F3,2025-08-01,13361.0,13423.154
india/family/F3,2025-09-01,13361.0,13339.174
india/family/F3,2025-10-01,13399.0,13374.473
india/family/F3,2025-11-01,13399.0,13430.672
india/family/F3,2025-12-01,13399.0,13385.536
india/family/F3,2026-01-01,13399.0,13405.8955
india/family/F3,2026-02-01,13399.0,13368.784
india/family/F3,2026-03-01,13399.0,13384.465
india/family/F3,2026-04-01,13504.0,13364.184
india/family/F3,2026-05-01,13559.0,13526.291
india/family/F3,2026-06-01,13559.0,13620.408
india/family/F3,2026-07-01,13619.0,13636.012
india/family/F3,2026-08-01,13649.0,13687.623
india/family/F3,2026-09-01,14539.0,13697.876
india/family/F4,2024-10-01,11382.0,11348.697
india/family/F4,2024-11-01,11389.0,11391.506
india/family/F4,2024-12-01,11389.0,11403.807
india/family/F4,2025-01-01,11420.0,11395.393
india/family/F4,2025-02-01,11420.0,11433.781
india/family/F4,2025-03-01,11420.0,11426.319
india/family/F4,2025-04-01,11488.0,11424.529
india/family/F4,2025-05-01,11488.0,11514.893
india/family/F4,2025-06-01,11488.0,11498.686
india/family/F4,2025-07-01,11511.0,11493.378
india/family/F4,2025-08-01,11627.0,11513.991
india/family/F4,2025-09-01,11627.0,11667.166
india/family/F4,2025-10-01,11627.0,11643.213
india/family/F4,2025-11-01,11627.0,11636.025
india/family/F4,2025-12-01,11627.0,11625.049
india/family/F4,2026-01-01,11627.0,11620.061
india/family/F4,2026-02-01,11627.0,11627.508
india/family/F4,2026-03-01,11627.0,11628.014
india/family/F4,2026-04-01,11627.0,11629.7
india/family/F4,2026-05-01,11627.0,11617.401
india/family/F4,2026-06-01,11627.0,11626.426
india/family/F4,2026-07-01,11627.0,11619.953
india/family/F4,2026-08-01,11627.0,11618.113
india/family/F4,2026-09-01,11627.0,11624.699
mexico/employment/EB3,2024-10-01,17485.0,16917.02
mexico/employment/EB3,2024-11-01,17485.0,17536.754
mexico/employment/EB3,2024-12-01,17485.0,17604.498
mexico/employment/EB3,2025-01-01,17501.0,17552.604
mexico/employment/EB3,2025-02-01,17501.0,17521.262
mexico/employment/EB3,2025-03-01,17501.0,17469.488
mexico/employment/EB3,2025-04-01,17532.0,17434.848
mexico/employment/EB3,2025-05-01,17532.0,17469.662
mexico/employment/EB3,2025-06-01,17570.0,17467.748
mexico/employment/EB3,2025-07-01,17622.0,17584.14
mexico/employment/EB3,2025-08-01,17622.0,17685.414
mexico/employment/EB3,2025-09-01,17622.0,17661.197
mexico/employment/EB3,2025-10-01,17622.0,17633.652
mexico/employment/EB3,2025-11-01,17622.0,17626.268
mexico/employment/EB3,2025-12-01,17636.0,17644.426
mexico/employment/EB3,2026-01-01,17643.0,17657.176
mexico/employment/EB3,2026-02-01,17683.0,17677.676
mexico/employment/EB3,2026-03-01,17805.0,17706.963
mexico/employment/EB3,2026-04-01,18049.0,17829.48
mexico/employment/EB3,2026-05-01,18049.0,18091.305
mexico/employment/EB3,2026-06-01,18049.0,18128.797
mexico/employment/EB3,2026-07-01,18110.0,18152.502
mexico/employment/EB3,2026-08-01,18141.0,18129.094
mexico/employment/EB3,2026-09-01,18141.0,18143.836
mexico/employment/EB3_OW,2024-10-01,16771.0,16766.29
mexico/employment/EB3_OW,2024-11-01,16771.0,16759.254
mexico/employment/EB3_OW,2024-12-01,16771.0,16788.701
mexico/employment/EB3_OW,2025-01-01,16778.0,16786.367
mexico/employment/EB3_OW,2025-02-01,16778.0,16776.43
mexico/employment/EB3_OW,2025-03-01,16833.0,16807.453
mexico/employment/EB3_OW,2025-04-01,16943.0,16871.3
mexico/employment/EB3_OW,2025-05-01,16943.0,16954.402
mexico/employment/EB3_OW,2025-06-01,16974.0,16962.59
mexico/employment/EB3_OW,2025-07-01,16990.0,17000.281
mexico/employment/EB3_OW,2025-08-01,16990.0,17039.79
mexico/employment/EB3_OW,2025-09-01,16990.0,17013.967
mexico/employment/EB3_OW,2025-10-01,16997.0,16974.959
mexico/employment/EB3_OW,2025-11-01,16997.0,16998.467
mexico/employment/EB3_OW,2025-12-01,17014.0,17021.223
mexico/employment/EB3_OW,2026-01-01,17045.0,17032.898
mexico/employment/EB3_OW,2026-02-01,17045.0,17055.959
mexico/employment/EB3_OW,2026-03-01,17106.0,17065.477
mexico/employment/EB3_OW,2026-04-01,17106.0,17151.945
mexico/employment/EB3_OW,2026-05-01,17198.0,17141.654
mexico/employment/EB3_OW,2026-06-01,17198.0,17264.898
mexico/employment/EB3_OW,2026-07-01,17226.0,17269.357
mexico/employment/EB3_OW,2026-08-01,17257.0,17284.215
mexico/employment/EB3_OW,2026-09-01,17257.0,17290.342
mexico/employment/EB4,2024-10-01,16802.0,16689.244
mexico/employment/EB4,2024-11-01,16802.0,16793.648
mexico/employment/EB4,2024-12-01,16802.0,16838.5
mexico/employment/EB4,2025-01-01,16802.0,16815.562
mexico/employment/EB4,2025-02-01,16802.0,16791.754
mexico/employment/EB4,2025-03-01,16283.0,16799.473
mexico/employment/EB4,2025-04-01,16283.0,16223.301
mexico/employment/EB4,2025-05-01,16283.0,16297.576
mexico/employment/EB4,2025-06-01,16283.0,16389.664
mexico/employment/EB4,2025-07-01,16283.0,16392.543
mexico/employment/EB4,2025-08-01,16283.0,16355.906
mexico/employment/EB4,2025-09-01,16283.0,16358.937
mexico/employment/EB4,2025-10-01,16618.0,16316.549
mexico/employment/EB4,2025-11-01,16618.0,16666.758
mexico/employment/EB4,2025-12-01,16680.0,16658.025
mexico/employment/EB4,2026-01-01,16802.0,16734.186
mexico/employment/EB4,2026-02-01,16802.0,16867.586
mexico/employment/EB4,2026-03-01,16997.0,16830.879
mexico/employment/EB4,2026-04-01,17362.0,17008.5
mexico/employment/EB4,2026-05-01,17362.0,17372.953
mexico/employment/EB4,2026-06-01,17362.0,17254.312
mexico/employment/EB4,2026-07-01,17424.0,17340.031
mexico/employment/EB4,2026-08-01,17454.0,17439.805
mexico/employment/EB4,2026-09-01,17515.0,17497.93
mexico/employment/EB4_RW,2024-10-01,16802.0,16699.172
mexico/employment/EB4_RW,2024-11-01,16802.0,16762.676
mexico/employment/EB4_RW,2024-12-01,16802.0,16818.064
mexico/employment/EB4_RW,2025-01-01,16802.0,16807.506
mexico/employment/EB4_RW,2025-02-01,16802.0,16804.95
mexico/employment/EB4_RW,2025-03-01,16283.0,16778.3
mexico/employment/EB4_RW,2025-04-01,16283.0,16206.664
mexico/employment/EB4_RW,2025-05-01,16283.0,16334.309
mexico/employment/EB4_RW,2025-06-01,16283.0,16388.258
mexico/employment/EB4_RW,2025-07-01,16283.0,16421.867
mexico/employment/EB4_RW,2025-08-01,16283.0,16368.785
mexico/employment/EB4_RW,2025-09-01,16283.0,16360.673
mexico/employment/EB4_RW,2025-10-01,16283.0,16316.502
mexico/employment/EB4_RW,2025-11-01,16283.0,16305.906
mexico/employment/EB4_RW,2025-12-01,16680.0,16289.971
mexico/employment/EB4_RW,2026-01-01,16802.0,16726.16
mexico/employment/EB4_RW,2026-02-01,16802.0,16846.074
mexico/employment/EB4_RW,2026-03-01,16997.0,16878.55
mexico/employment/EB4_RW,2026-04-01,17362.0,17011.773
mexico/employment/EB4_RW,2026-05-01,17362.0,17330.791
mexico/employment/EB4_RW,2026-06-01,17362.0,17196.293
mexico/employment/EB4_RW,2026-07-01,17424.0,17224.035
mexico/employment/EB4_RW,2026-08-01,17454.0,17444.996
mexico/employment/EB4_RW,2026-09-01,17515.0,17497.658
mexico/family/F1,2024-10-01,10227.0,10049.366
mexico/family/F1,2024-11-01,10918.0,10304.428
mexico/family/F1,2024-12-01,10918.0,11034.424
mexico/family/F1,2025-01-01,10918.0,10995.141
mexico/family/F1,2025-02-01,10918.0,10873.125
mexico/family/F1,2025-03-01,10918.0,10825.494
mexico/family/F1,2025-04-01,10958.0,10838.23
mexico/family/F1,2025-05-01,11069.0,10973.478
mexico/family/F1,2025-06-01,11069.0,11123.303
mexico/family/F1,2025-07-01,11069.0,11049.195
mexico/family/F1,2025-08-01,11069.0,11039.439
mexico/family/F1,2025-09-01,11069.0,11095.474
mexico/family/F1,2025-10-01,11283.0,11119.369
mexico/family/F1,2025-11-01,11283.0,11368.104
mexico/family/F1,2025-12-01,11382.0,11346.386
mexico/family/F1,2026-01-01,11566.0,11492.882
mexico/family/F1,2026-02-01,11678.0,11759.758
mexico/family/F1,2026-03-01,11678.0,11881.779
mexico/family/F1,2026-04-01,11733.0,11843.27
mexico/family/F1,2026-05-01,11914.0,11945.307
mexico/family/F1,2026-06-01,11999.0,12094.25
mexico/family/F1,2026-07-01,11999.0,12136.266
mexico/family/F1,2026-08-01,12022.0,12117.412
mexico/family/F1,2026-09-01,12053.0,12037.561
mexico/family/F2A,2024-10-01,16868.0,16769.652
mexico/family/F2A,2024-11-01,16906.0,16808.518
mexico/family/F2A,2024-12-01,16906.0,17064.146
mexico/family/F2A,2025-01-01,16936.0,17084.953
mexico/family/F2A,2025-02-01,16936.0,17030.629
mexico/family/F2A,2025-03-01,16936.0,17029.344
mexico/family/F2A,2025-04-01,16936.0,17040.584
mexico/family/F2A,2025-05-01,16936.0,17003.27
mexico/family/F2A,2025-06-01,16936.0,16991.344
mexico/family/F2A,2025-07-01,17198.0,16997.977
mexico/family/F2A,2025-08-01,17198.0,17312.973
mexico/family/F2A,2025-09-01,17198.0,17262.977
mexico/family/F2A,2025-10-01,17563.0,17251.547
mexico/family/F2A,2025-11-01,17563.0,17676.887
mexico/family/F2A,2025-12-01,17563.0,17631.262
mexico/family/F2A,2026-01-01,17563.0,17613.57
mexico/family/F2A,2026-02-01,17563.0,17618.791
mexico/family/F2A,2026-03-01,17563.0,17556.377
mexico/family/F2A,2026-04-01,17563.0,17491.395
mexico/family/F2A,2026-05-01,17744.0,17577.871
mexico/family/F2A,2026-06-01,17897.0,17799.105
mexico/family/F2A,2026-07-01,17897.0,18000.271
mexico/family/F2A,2026-08-01,18465.0,18042.28
mexico/family/F2A,2026-09-01,18496.0,18676.299
mexico/family/F2B,2024-10-01,10972.0,10756.9
mexico/family/F2B,2024-11-01,11139.0,11054.199
mexico/family/F2B,2024-12-01,11139.0,11209.848
mexico/family/F2B,2025-01-01,11139.0,11173.466
mexico/family/F2B,2025-02-01,11139.0,11134.888
mexico/family/F2B,2025-03-01,11139.0,11117.152
mexico/family/F2B,2025-04-01,11323.0,11105.554
mexico/family/F2B,2025-05-01,11323.0,11429.363
mexico/family/F2B,2025-06-01,11323.0,11409.618
mexico/family/F2B,2025-07-01,11688.0,11357.1875
mexico/family/F2B,2025-08-01,11688.0,11871.359
mexico/family/F2B,2025-09-01,11778.0,11799.521
mexico/family/F2B,2025-10-01,12036.0,11935.471
mexico/family/F2B,2025-11-01,12036.0,12217.668
mexico/family/F2B,2025-12-01,12188.0,12123.077
mexico/family/F2B,2026-01-01,12372.0,12337.07
mexico/family/F2B,2026-02-01,12464.0,12616.527
mexico/family/F2B,2026-03-01,12464.0,12637.577
mexico/family/F2B,2026-04-01,12464.0,12488.555
mexico/family/F2B,2026-05-01,12464.0,12434.517
mexico/family/F2B,2026-06-01,12464.0,12386.686
mexico/family/F2B,2026-07-01,12464.0,12379.371
mexico/family/F2B,2026-08-01,12464.0,12444.158
mexico/family/F2B,2026-09-01,12464.0,12463.064
mexico/family/F3,2024-10-01,9365.0,9141.103
mexico/family/F3,2024-11-01,9426.0,9386.302
mexico/family/F3,2024-12-01,9426.0,9474.863
mexico/family/F3,2025-01-01,9457.0,9445.94
mexico/family/F3,2025-02-01,9457.0,9513.818
mexico/family/F3,2025-03-01,9457.0,9535.42
mexico/family/F3,2025-04-01,9511.0,9466.136
mexico/family/F3,2025-05-01,9511.0,9552.154
mexico/family/F3,2025-06-01,9511.0,9517.781
mexico/family/F3,2025-07-01,9528.0,9537.859
mexico/family/F3,2025-08-01,9528.0,9528.541
mexico/family/F3,2025-09-01,9528.0,9531.668
mexico/family/F3,2025-10-01,9601.0,9549.879
mexico/family/F3,2025-11-01,9617.0,9646.47
mexico/family/F3,2025-12-01,9617.0,9634.692
mexico/family/F3,2026-01-01,9617.0,9627.529
mexico/family/F3,2026-02-01,9617.0,9656.174
mexico/family/F3,2026-03-01,9617.0,9658.537
mexico/family/F3,2026-04-01,9617.0,9656.772
mexico/family/F3,2026-05-01,9617.0,9686.96
mexico/family/F3,2026-06-01,9617.0,9654.606
mexico/family/F3,2026-07-01,9648.0,9653.318
mexico/family/F3,2026-08-01,9678.0,9703.548
mexico/family/F3,2026-09-01,9678.0,9711.281
mexico/family/F4,2024-10-01,9549.0,9547.48
mexico/family/F4,2024-11-01,9556.0,9577.191
mexico/family/F4,2024-12-01,9556.0,9570.142
mexico/family/F4,2025-01-01,9556.0,9565.539
mexico/family/F4,2025-02-01,9556.0,9555.109
mexico/family/F4,2025-03-01,9556.0,9562.038
mexico/family/F4,2025-04-01,9570.0,9557.197
mexico/family/F4,2025-05-01,9570.0,9575.273
mexico/family/F4,2025-06-01,9570.0,9577.93
mexico/family/F4,2025-07-01,9570.0,9574.283
mexico/family/F4,2025-08-01,9570.0,9572.003
mexico/family/F4,2025-09-01,9570.0,9572.059
mexico/family/F4,2025-10-01,9594.0,9566.995
mexico/family/F4,2025-11-01,9594.0,9597.01
mexico/family/F4,2025-12-01,9594.0,9598.242
mexico/family/F4,2026-01-01,9594.0,9597.585
mexico/family/F4,2026-02-01,9594.0,9600.185
mexico/family/F4,2026-03-01,9594.0,9601.281
mexico/family/F4,2026-04-01,9594.0,9595.592
mexico/family/F4,2026-05-01,9594.0,9600.795
mexico/family/F4,2026-06-01,9594.0,9602.047
mexico/family/F4,2026-07-01,9594.0,9598.453
mexico/family/F4,2026-08-01,9594.0,9598.556
mexico/family/F4,2026-09-01,9594.0,9595.105
philippines/employment/EB3,2024-10-01,17485.0,16895.195
philippines/employment/EB3,2024-11-01,17485.0,17543.62
philippines/employment/EB3,2024-12-01,17485.0,17607.246
philippines/employment/EB3,2025-01-01,17501.0,17544.584
philippines/employment/EB3,2025-02-01,17501.0,17527.383
philippines/employment/EB3,2025-03-01,17501.0,17495.2
philippines/employment/EB3,2025-04-01,17532.0,17403.379
philippines/employment/EB3,2025-05-01,17532.0,17392.764
philippines/employment/EB3,2025-06-01,17570.0,17466.195
philippines/employment/EB3,2025-07-01,17570.0,17571.396
philippines/employment/EB3,2025-08-01,17570.0,17591.973
philippines/employment/EB3,2025-09-01,17570.0,17573.824
philippines/employment/EB3,2025-10-01,17622.0,17586.562
philippines/employment/EB3,2025-11-01,17622.0,17645.898
philippines/employment/EB3,2025-12-01,17636.0,17634.832
philippines/employment/EB3,2026-01-01,17643.0,17672.002
philippines/employment/EB3,2026-02-01,17683.0,17668.941
philippines/employment/EB3,2026-03-01,17744.0,17708.3
philippines/employment/EB3,2026-04-01,17744.0,17790.863
philippines/employment/EB3,2026-05-01,17744.0,17755.492
philippines/employment/EB3,2026-06-01,17744.0,17750.547
philippines/employment/EB3,2026-07-01,17744.0,17724.758
philippines/employment/EB3,2026-08-01,17744.0,17742.371
philippines/employment/EB3,2026-09-01,17744.0,17730.402
philippines/employment/EB3_OW,2024-10-01,16771.0,16537.781
philippines/employment/EB3_OW,2024-11-01,16771.0,16828.234
philippines/employment/EB3_OW,2024-12-01,16771.0,16848.805
philippines/employment/EB3_OW,2025-01-01,16778.0,16786.52
philippines/employment/EB3_OW,2025-02-01,16778.0,16706.926
philippines/employment/EB3_OW,2025-03-01,16816.0,16676.887
philippines/employment/EB3_OW,2025-04-01,16943.0,16791.629
philippines/employment/EB3_OW,2025-05-01,16943.0,17014.09
philippines/employment/EB3_OW,2025-06-01,16974.0,17007.732
philippines/employment/EB3_OW,2025-07-01,16990.0,16998.314
philippines/employment/EB3_OW,2025-08-01,16990.0,17000.871
philippines/employment/EB3_OW,2025-09-01,16990.0,16987.525
philippines/employment/EB3_OW,2025-10-01,16997.0,17001.479
philippines/employment/EB3_OW,2025-11-01,16997.0,16990.41
philippines/employment/EB3_OW,2025-12-01,17014.0,16996.809
philippines/employment/EB3_OW,2026-01-01,17045.0,17024.14
philippines/employment/EB3_OW,2026-02-01,17045.0,17061.695
philippines/employment/EB3_OW,2026-03-01,17106.0,17065.371
philippines/employment/EB3_OW,2026-04-01,17106.0,17157.537
philippines/employment/EB3_OW,2026-05-01,17106.0,17134.598
philippines/employment/EB3_OW,2026-06-01,17106.0,17152.148
philippines/employment/EB3_OW,2026-07-01,17136.0,17124.375
philippines/employment/EB3_OW,2026-08-01,17136.0,17164.098
philippines/employment/EB3_OW,2026-09-01,17136.0,17151.37
philippines/family/F1,2024-10-01,13574.0,13574.082
philippines/family/F1,2024-11-01,13574.0,13574.014
philippines/family/F1,2024-12-01,13574.0,13574.105
philippines/family/F1,2025-01-01,13581.0,13574.074
philippines/family/F1,2025-02-01,13581.0,13578.566
philippines/family/F1,2025-03-01,13581.0,13580.597
philippines/family/F1,2025-04-01,13710.0,13578.584
philippines/family/F1,2025-05-01,13710.0,13621.454
philippines/family/F1,2025-06-01,13710.0,13641.377
philippines/family/F1,2025-07-01,13710.0,13702.209
philippines/family/F1,2025-08-01,13710.0,13689.92
philippines/family/F1,2025-09-01,13710.0,13694.781
philippines/family/F1,2025-10-01,13901.0,13691.18
philippines/family/F1,2025-11-01,13901.0,13881.314
philippines/family/F1,2025-12-01,13901.0,13917.859
philippines/family/F1,2026-01-01,13939.0,13912.047
philippines/family/F1,2026-02-01,13939.0,13912.755
philippines/family/F1,2026-03-01,13939.0,13914.849
philippines/family/F1,2026-04-01,14000.0,13933.904
philippines/family/F1,2026-05-01,14000.0,14024.963
philippines/family/F1,2026-06-01,14000.0,14017.707
philippines/family/F1,2026-07-01,14000.0,14008.101
philippines/family/F1,2026-08-01,14000.0,14006.668
philippines/family/F1,2026-09-01,14000.0,13985.11
philippines/family/F2A,2024-10-01,17127.0,17088.945
philippines/family/F2A,2024-11-01,17167.0,16832.734
philippines/family/F2A,2024-12-01,17167.0,17015.309
philippines/family/F2A,2025-01-01,17167.0,17160.684
philippines/family/F2A,2025-02-01,17167.0,17279.293
philippines/family/F2A,2025-03-01,17167.0,17266.418
philippines/family/F2A,2025-04-01,17167.0,17230.742
philippines/family/F2A,2025-05-01,17167.0,17264.926
philippines/family/F2A,2025-06-01,17167.0,17254.273
philippines/family/F2A,2025-07-01,17410.0,17233.031
philippines/family/F2A,2025-08-01,17410.0,17468.037
philippines/family/F2A,2025-09-01,17410.0,17502.117
philippines/family/F2A,2025-10-01,17928.0,17456.555
philippines/family/F2A,2025-11-01,17928.0,17950.97
philippines/family/F2A,2025-12-01,17928.0,18022.223
philippines/family/F2A,2026-01-01,17928.0,17987.627
philippines/family/F2A,2026-02-01,17928.0,17960.633
philippines/family/F2A,2026-03-01,17928.0,17987.035
philippines/family/F2A,2026-04-01,17928.0,17859.412
philippines/family/F2A,2026-05-01,18110.0,17901.18
philippines/family/F2A,2026-06-01,18263.0,18146.93
philippines/family/F2A,2026-07-01,18263.0,18309.133
philippines/family/F2A,2026-08-01,18830.0,18350.447
philippines/family/F2A,2026-09-01,18861.0,19060.373
philippines/family/F2B,2024-10-01,13443.0,13443.121
philippines/family/F2B,2024-11-01,13443.0,13443.012
philippines/family/F2B,2024-12-01,13443.0,13443.073
philippines/family/F2B,2025-01-01,13443.0,13443.057
philippines/family/F2B,2025-02-01,13443.0,13443.111
philippines/family/F2B,2025-03-01,13443.0,13443.053
philippines/family/F2B,2025-04-01,13535.0,13443.043
philippines/family/F2B,2025-05-01,13552.0,13505.715
philippines/family/F2B,2025-06-01,13552.0,13511.516
philippines/family/F2B,2025-07-01,13619.0,13551.781
philippines/family/F2B,2025-08-01,13619.0,13573.893
philippines/family/F2B,2025-09-01,13635.0,13569.694
philippines/family/F2B,2025-10-01,13788.0,13592.937
philippines/family/F2B,2025-11-01,13788.0,13685.244
philippines/family/F2B,2025-12-01,13795.0,13721.88
philippines/family/F2B,2026-01-01,13870.0,13767.948
philippines/family/F2B,2026-02-01,13870.0,13850.83
philippines/family/F2B,2026-03-01,13870.0,13870.65
philippines/family/F2B,2026-04-01,13977.0,13877.282
philippines/family/F2B,2026-05-01,13977.0,14003.758
philippines/family/F2B,2026-06-01,13977.0,13997.842
philippines/family/F2B,2026-07-01,14014.0,13994.092
philippines/family/F2B,2026-08-01,14031.0,14025.938
philippines/family/F2B,2026-09-01,14031.0,14039.775
philippines/family/F3,2024-10-01,10112.0,10070.829
philippines/family/F3,2024-11-01,10112.0,10106.918
philippines/family/F3,2024-12-01,10112.0,10099.562
philippines/family/F3,2025-01-01,10173.0,10108.186
philippines/family/F3,2025-02-01,10173.0,10186.654
philippines/family/F3,2025-03-01,10248.0,10184.946
philippines/family/F3,2025-04-01,10307.0,10258.465
philippines/family/F3,2025-05-01,10491.0,10335.999
philippines/family/F3,2025-06-01,10491.0,10488.34
philippines/family/F3,2025-07-01,10561.0,10492.633
philippines/family/F3,2025-08-01,10561.0,10507.432
philippines/family/F3,2025-09-01,10713.0,10512.58
philippines/family/F3,2025-10-01,10857.0,10713.922
philippines/family/F3,2025-11-01,10857.0,10909.0625
philippines/family/F3,2025-12-01,10897.0,10862.566
philippines/family/F3,2026-01-01,11017.0,10886.383
philippines/family/F3,2026-02-01,11017.0,11038.701
philippines/family/F3,2026-03-01,11017.0,11048.215
philippines/family/F3,2026-04-01,11139.0,11024.912
philippines/family/F3,2026-05-01,11283.0,11181.188
philippines/family/F3,2026-06-01,11283.0,11336.799
philippines/family/F3,2026-07-01,11375.0,11334.038
philippines/family/F3,2026-08-01,11375.0,11409.607
philippines/family/F3,2026-09-01,11375.0,11396.504
philippines/family/F4,2024-10-01,10623.0,10604.263
philippines/family/F4,2024-11-01,10623.0,10581.809
philippines/family/F4,2024-12-01,10623.0,10636.125
philippines/family/F4,2025-01-01,10713.0,10637.857
philippines/family/F4,2025-02-01,10713.0,10733.494
philippines/family/F4,2025-03-01,10880.0,10728.79
philippines/family/F4,2025-04-01,10958.0,10941.119
philippines/family/F4,2025-05-01,11109.0,11015.347
philippines/family/F4,2025-06-01,11109.0,11197.484
philippines/family/F4,2025-07-01,11323.0,11171.143
philippines/family/F4,2025-08-01,11323.0,11433.406
philippines/family/F4,2025-09-01,11323.0,11352.54
philippines/family/F4,2025-10-01,11403.0,11323.742
philippines/family/F4,2025-11-01,11403.0,11465.025
philippines/family/F4,2025-12-01,11518.0,11427.74
philippines/family/F4,2026-01-01,11525.0,11586.623
philippines/family/F4,2026-02-01,11525.0,11585.428
philippines/family/F4,2026-03-01,11566.0,11540.254
philippines/family/F4,2026-04-01,11719.0,11558.509
philippines/family/F4,2026-05-01,11883.0,11814.953
philippines/family/F4,2026-06-01,11883.0,11994.0
philippines/family/F4,2026-07-01,11900.0,11973.611
philippines/family/F4,2026-08-01,11900.0,12011.921
philippines/family/F4,2026-09-01,11921.0,12012.543
