unique_id,ds,y,deepar-robust-levels
all_chargeability/employment/EB3,2024-10-01,17485.0,17074.928
all_chargeability/employment/EB3,2024-11-01,17485.0,17292.27
all_chargeability/employment/EB3,2024-12-01,17485.0,17492.566
all_chargeability/employment/EB3,2025-01-01,17501.0,17577.463
all_chargeability/employment/EB3,2025-02-01,17501.0,17566.328
all_chargeability/employment/EB3,2025-03-01,17501.0,17517.172
all_chargeability/employment/EB3,2025-04-01,17532.0,17525.482
all_chargeability/employment/EB3,2025-05-01,17532.0,17531.938
all_chargeability/employment/EB3,2025-06-01,17570.0,17540.637
all_chargeability/employment/EB3,2025-07-01,17622.0,17577.438
all_chargeability/employment/EB3,2025-08-01,17622.0,17618.93
all_chargeability/employment/EB3,2025-09-01,17622.0,17652.547
all_chargeability/employment/EB3,2025-10-01,17622.0,17642.664
all_chargeability/employment/EB3,2025-11-01,17622.0,17633.186
all_chargeability/employment/EB3,2025-12-01,17636.0,17636.164
all_chargeability/employment/EB3,2026-01-01,17643.0,17651.945
all_chargeability/employment/EB3,2026-02-01,17683.0,17660.16
all_chargeability/employment/EB3,2026-03-01,17805.0,17698.273
all_chargeability/employment/EB3,2026-04-01,18049.0,17810.098
all_chargeability/employment/EB3,2026-05-01,18049.0,18035.0
all_chargeability/employment/EB3,2026-06-01,18049.0,18127.984
all_chargeability/employment/EB3,2026-07-01,18110.0,18112.527
all_chargeability/employment/EB3,2026-08-01,18141.0,18107.799
all_chargeability/employment/EB3,2026-09-01,18141.0,18152.113
all_chargeability/employment/EB3_OW,2024-10-01,16771.0,16802.504
all_chargeability/employment/EB3_OW,2024-11-01,16771.0,16776.277
all_chargeability/employment/EB3_OW,2024-12-01,16771.0,16781.574
all_chargeability/employment/EB3_OW,2025-01-01,16778.0,16785.512
all_chargeability/employment/EB3_OW,2025-02-01,16778.0,16787.95
all_chargeability/employment/EB3_OW,2025-03-01,16833.0,16787.496
all_chargeability/employment/EB3_OW,2025-04-01,16943.0,16828.422
all_chargeability/employment/EB3_OW,2025-05-01,16943.0,16949.29
all_chargeability/employment/EB3_OW,2025-06-01,16974.0,16984.324
all_chargeability/employment/EB3_OW,2025-07-01,16990.0,16995.754
all_chargeability/employment/EB3_OW,2025-08-01,16990.0,17007.836
all_chargeability/employment/EB3_OW,2025-09-01,16990.0,17008.402
all_chargeability/employment/EB3_OW,2025-10-01,16997.0,17005.168
all_chargeability/employment/EB3_OW,2025-11-01,16997.0,17012.566
all_chargeability/employment/EB3_OW,2025-12-01,17014.0,17016.527
all_chargeability/employment/EB3_OW,2026-01-01,17045.0,17022.13
all_chargeability/employment/EB3_OW,2026-02-01,17045.0,17064.582
all_chargeability/employment/EB3_OW,2026-03-01,17106.0,17062.498
all_chargeability/employment/EB3_OW,2026-04-01,17106.0,17124.375
all_chargeability/employment/EB3_OW,2026-05-01,17198.0,17131.984
all_chargeability/employment/EB3_OW,2026-06-01,17198.0,17201.66
all_chargeability/employment/EB3_OW,2026-07-01,17226.0,17239.547
all_chargeability/employment/EB3_OW,2026-08-01,17257.0,17254.416
all_chargeability/employment/EB3_OW,2026-09-01,17257.0,17278.883
all_chargeability/family/F1,2024-10-01,14904.0,14920.277
all_chargeability/family/F1,2024-11-01,14904.0,14913.13
all_chargeability/family/F1,2024-12-01,14904.0,14696.578
all_chargeability/family/F1,2025-01-01,14935.0,14705.4375
all_chargeability/family/F1,2025-02-01,14935.0,14700.693
all_chargeability/family/F1,2025-03-01,14935.0,14827.328
all_chargeability/family/F1,2025-04-01,15049.0,14841.203
all_chargeability/family/F1,2025-05-01,15049.0,14817.546
all_chargeability/family/F1,2025-06-01,15134.0,14838.643
all_chargeability/family/F1,2025-07-01,15171.0,14864.404
all_chargeability/family/F1,2025-08-01,15171.0,14863.555
all_chargeability/family/F1,2025-09-01,15171.0,14864.896
all_chargeability/family/F1,2025-10-01,15287.0,15101.502
all_chargeability/family/F1,2025-11-01,15287.0,15156.025
all_chargeability/family/F1,2025-12-01,15287.0,15343.516
all_chargeability/family/F1,2026-01-01,15287.0,15327.445
all_chargeability/family/F1,2026-02-01,15287.0,15324.213
all_chargeability/family/F1,2026-03-01,15287.0,15305.824
all_chargeability/family/F1,2026-04-01,15461.0,15314.342
all_chargeability/family/F1,2026-05-01,15584.0,15462.502
all_chargeability/family/F1,2026-06-01,15584.0,15628.73
all_chargeability/family/F1,2026-07-01,15737.0,15665.012
all_chargeability/family/F1,2026-08-01,16054.0,15748.658
all_chargeability/family/F1,2026-09-01,16457.0,16070.074
all_chargeability/family/F2A,2024-10-01,17127.0,17206.71
all_chargeability/family/F2A,2024-11-01,17167.0,17168.023
all_chargeability/family/F2A,2024-12-01,17167.0,17216.59
all_chargeability/family/F2A,2025-01-01,17167.0,17238.652
all_chargeability/family/F2A,2025-02-01,17167.0,17213.688
all_chargeability/family/F2A,2025-03-01,17167.0,17207.438
all_chargeability/family/F2A,2025-04-01,17167.0,17196.48
all_chargeability/family/F2A,2025-05-01,17167.0,17194.408
all_chargeability/family/F2A,2025-06-01,17167.0,17197.123
all_chargeability/family/F2A,2025-07-01,17410.0,17182.219
all_chargeability/family/F2A,2025-08-01,17410.0,17353.596
all_chargeability/family/F2A,2025-09-01,17410.0,17472.57
all_chargeability/family/F2A,2025-10-01,17928.0,17467.25
all_chargeability/family/F2A,2025-11-01,17928.0,17858.812
all_chargeability/family/F2A,2025-12-01,17928.0,18095.027
all_chargeability/family/F2A,2026-01-01,17928.0,18066.688
all_chargeability/family/F2A,2026-02-01,17928.0,17984.062
all_chargeability/family/F2A,2026-03-01,17928.0,17982.617
all_chargeability/family/F2A,2026-04-01,17928.0,17984.578
all_chargeability/family/F2A,2026-05-01,18110.0,17979.543
all_chargeability/family/F2A,2026-06-01,18263.0,18134.984
all_chargeability/family/F2A,2026-07-01,18263.0,18317.36
all_chargeability/family/F2A,2026-08-01,18830.0,18370.188
all_chargeability/family/F2A,2026-09-01,18861.0,18804.8
all_chargeability/family/F2B,2024-10-01,15096.0,15104.284
all_chargeability/family/F2B,2024-11-01,15096.0,15101.15
all_chargeability/family/F2B,2024-12-01,15096.0,15105.213
all_chargeability/family/F2B,2025-01-01,15117.0,15101.322
all_chargeability/family/F2B,2025-02-01,15117.0,15123.551
all_chargeability/family/F2B,2025-03-01,15117.0,15131.426
all_chargeability/family/F2B,2025-04-01,15178.0,15128.641
all_chargeability/family/F2B,2025-05-01,15178.0,15180.389
all_chargeability/family/F2B,2025-06-01,15240.0,15198.551
all_chargeability/family/F2B,2025-07-01,15263.0,15244.537
all_chargeability/family/F2B,2025-08-01,15263.0,14955.76
all_chargeability/family/F2B,2025-09-01,15263.0,14957.387
all_chargeability/family/F2B,2025-10-01,15301.0,15267.393
all_chargeability/family/F2B,2025-11-01,15310.0,15292.277
all_chargeability/family/F2B,2025-12-01,15310.0,15329.367
all_chargeability/family/F2B,2026-01-01,15310.0,15338.154
all_chargeability/family/F2B,2026-02-01,15310.0,15331.582
all_chargeability/family/F2B,2026-03-01,15310.0,15321.998
all_chargeability/family/F2B,2026-04-01,15482.0,15322.293
all_chargeability/family/F2B,2026-05-01,15482.0,15464.905
all_chargeability/family/F2B,2026-06-01,15605.0,15532.469
all_chargeability/family/F2B,2026-07-01,15666.0,15622.311
all_chargeability/family/F2B,2026-08-01,15706.0,15703.803
all_chargeability/family/F2B,2026-09-01,16304.0,15753.145
all_chargeability/family/F3,2024-10-01,12874.0,12898.299
all_chargeability/family/F3,2024-11-01,12888.0,12900.65
all_chargeability/family/F3,2024-12-01,12888.0,12528.719
all_chargeability/family/F3,2025-01-01,12965.0,12515.44
all_chargeability/family/F3,2025-02-01,12965.0,12654.527
all_chargeability/family/F3,2025-03-01,12965.0,12801.058
all_chargeability/family/F3,2025-04-01,13239.0,12810.882
all_chargeability/family/F3,2025-05-01,13239.0,12772.019
all_chargeability/family/F3,2025-06-01,13321.0,12780.081
all_chargeability/family/F3,2025-07-01,13361.0,12785.865
all_chargeability/family/F3,2025-08-01,13361.0,13376.4795
all_chargeability/family/F3,2025-09-01,13361.0,13416.959
all_chargeability/family/F3,2025-10-01,13399.0,13398.107
all_chargeability/family/F3,2025-11-01,13399.0,13428.531
all_chargeability/family/F3,2025-12-01,13399.0,13454.143
all_chargeability/family/F3,2026-01-01,13399.0,13439.201
all_chargeability/family/F3,2026-02-01,13399.0,13437.075
all_chargeability/family/F3,2026-03-01,13399.0,13429.73
all_chargeability/family/F3,2026-04-01,13504.0,13435.779
all_chargeability/family/F3,2026-05-01,13559.0,13516.321
all_chargeability/family/F3,2026-06-01,13559.0,13598.51
all_chargeability/family/F3,2026-07-01,13619.0,13609.887
all_chargeability/family/F3,2026-08-01,13649.0,13638.888
all_chargeability/family/F3,2026-09-01,14539.0,13681.57
all_chargeability/family/F4,2024-10-01,11900.0,11907.855
all_chargeability/family/F4,2024-11-01,11900.0,11906.076
all_chargeability/family/F4,2024-12-01,11900.0,11898.213
all_chargeability/family/F4,2025-01-01,11900.0,11893.844
all_chargeability/family/F4,2025-02-01,11900.0,11904.902
all_chargeability/family/F4,2025-03-01,11900.0,11903.922
all_chargeability/family/F4,2025-04-01,11900.0,11904.213
all_chargeability/family/F4,2025-05-01,12053.0,11905.451
all_chargeability/family/F4,2025-06-01,12053.0,11987.71
all_chargeability/family/F4,2025-07-01,12053.0,12021.836
all_chargeability/family/F4,2025-08-01,12053.0,12086.365
all_chargeability/family/F4,2025-09-01,12053.0,12064.925
all_chargeability/family/F4,2025-10-01,12060.0,12056.256
all_chargeability/family/F4,2025-11-01,12060.0,12070.254
all_chargeability/family/F4,2025-12-01,12060.0,12075.614
all_chargeability/family/F4,2026-01-01,12060.0,12071.627
all_chargeability/family/F4,2026-02-01,12060.0,12069.665
all_chargeability/family/F4,2026-03-01,12060.0,12069.77
all_chargeability/family/F4,2026-04-01,12212.0,12073.461
all_chargeability/family/F4,2026-05-01,12311.0,12191.785
all_chargeability/family/F4,2026-06-01,12365.0,12327.641
all_chargeability/family/F4,2026-07-01,12419.0,12403.219
all_chargeability/family/F4,2026-08-01,12662.0,12440.934
all_chargeability/family/F4,2026-09-01,13443.0,12539.983
china/employment/EB1,2024-10-01,17478.0,17491.049
china/employment/EB1,2024-11-01,17478.0,17482.855
china/employment/EB1,2024-12-01,17478.0,17487.127
china/employment/EB1,2025-01-01,17478.0,17487.658
china/employment/EB1,2025-02-01,17478.0,17488.36
china/employment/EB1,2025-03-01,17478.0,17484.564
china/employment/EB1,2025-04-01,17478.0,17484.695
china/employment/EB1,2025-05-01,17478.0,17486.926
china/employment/EB1,2025-06-01,17478.0,17485.834
china/employment/EB1,2025-07-01,17485.0,17487.453
china/employment/EB1,2025-08-01,17485.0,17490.016
china/employment/EB1,2025-09-01,17485.0,17493.113
china/employment/EB1,2025-10-01,17522.0,17490.934
china/employment/EB1,2025-11-01,17522.0,17519.121
china/employment/EB1,2025-12-01,17553.0,17532.25
china/employment/EB1,2026-01-01,17563.0,17557.102
china/employment/EB1,2026-02-01,17563.0,17576.016
china/employment/EB1,2026-03-01,17591.0,17575.898
china/employment/EB1,2026-04-01,17622.0,17595.305
china/employment/EB1,2026-05-01,17622.0,17631.281
china/employment/EB1,2026-06-01,17622.0,17644.291
china/employment/EB1,2026-07-01,17683.0,17636.857
china/employment/EB1,2026-08-01,17713.0,17682.55
china/employment/EB1,2026-09-01,17713.0,17733.92
china/employment/EB2,2024-10-01,16517.0,16509.375
china/employment/EB2,2024-11-01,16517.0,16524.453
china/employment/EB2,2024-12-01,16517.0,16530.727
china/employment/EB2,2025-01-01,16548.0,16529.328
china/employment/EB2,2025-02-01,16548.0,16553.438
china/employment/EB2,2025-03-01,16564.0,16569.758
china/employment/EB2,2025-04-01,16710.0,16574.066
china/employment/EB2,2025-05-01,16710.0,16699.074
china/employment/EB2,2025-06-01,16771.0,16753.875
china/employment/EB2,2025-07-01,16785.0,16796.504
china/employment/EB2,2025-08-01,16785.0,16814.67
china/employment/EB2,2025-09-01,16785.0,16817.057
china/employment/EB2,2025-10-01,16892.0,16813.797
china/employment/EB2,2025-11-01,16892.0,16904.355
china/employment/EB2,2025-12-01,16953.0,16935.385
china/employment/EB2,2026-01-01,17045.0,16978.734
china/employment/EB2,2026-02-01,17045.0,17071.979
china/employment/EB2,2026-03-01,17045.0,17100.332
china/employment/EB2,2026-04-01,17045.0,17083.219
china/employment/EB2,2026-05-01,17045.0,17065.186
china/employment/EB2,2026-06-01,17045.0,17066.723
china/employment/EB2,2026-07-01,17045.0,17072.488
china/employment/EB2,2026-08-01,17045.0,17068.945
china/employment/EB2,2026-09-01,17045.0,17061.166
china/employment/EB3,2024-10-01,16527.0,16701.61
china/employment/EB3,2024-11-01,16527.0,16572.719
china/employment/EB3,2024-12-01,16527.0,16514.902
china/employment/EB3,2025-01-01,16588.0,16538.492
china/employment/EB3,2025-02-01,16618.0,16589.152
china/employment/EB3,2025-03-01,16649.0,16636.86
china/employment/EB3,2025-04-01,16741.0,16658.738
china/employment/EB3,2025-05-01,16741.0,16738.287
china/employment/EB3,2025-06-01,16762.0,16771.02
china/employment/EB3,2025-07-01,16771.0,16786.268
china/employment/EB3,2025-08-01,16771.0,16787.201
china/employment/EB3,2025-09-01,16771.0,16797.43
china/employment/EB3,2025-10-01,16861.0,16791.58
china/employment/EB3,2025-11-01,16861.0,16869.723
china/employment/EB3,2025-12-01,16892.0,16900.318
china/employment/EB3,2026-01-01,16922.0,16911.717
china/employment/EB3,2026-02-01,16922.0,16940.83
china/employment/EB3,2026-03-01,16922.0,16946.367
china/employment/EB3,2026-04-01,16967.0,16944.426
china/employment/EB3,2026-05-01,16967.0,16977.084
china/employment/EB3,2026-06-01,17014.0,16989.457
china/employment/EB3,2026-07-01,17157.0,17024.203
china/employment/EB3,2026-08-01,17167.0,17156.828
china/employment/EB3,2026-09-01,17167.0,17221.559
china/employment/EB3_OW,2024-10-01,15341.0,15403.027
china/employment/EB3_OW,2024-11-01,15341.0,15368.17
china/employment/EB3_OW,2024-12-01,15341.0,15362.346
china/employment/EB3_OW,2025-01-01,15341.0,15355.473
china/employment/EB3_OW,2025-02-01,15341.0,15367.389
china/employment/EB3_OW,2025-03-01,15341.0,15375.5
china/employment/EB3_OW,2025-04-01,15431.0,15349.105
china/employment/EB3_OW,2025-05-01,15431.0,15439.321
china/employment/EB3_OW,2025-06-01,15431.0,15465.806
china/employment/EB3_OW,2025-07-01,15461.0,15445.315
china/employment/EB3_OW,2025-08-01,15461.0,15465.75
china/employment/EB3_OW,2025-09-01,15461.0,15478.172
china/employment/EB3_OW,2025-10-01,15675.0,15479.92
china/employment/EB3_OW,2025-11-01,15675.0,15648.814
china/employment/EB3_OW,2025-12-01,15682.0,15742.533
china/employment/EB3_OW,2026-01-01,16047.0,15733.602
china/employment/EB3_OW,2026-02-01,16047.0,15957.066
china/employment/EB3_OW,2026-03-01,16047.0,16093.881
china/employment/EB3_OW,2026-04-01,16102.0,16091.575
china/employment/EB3_OW,2026-05-01,16102.0,16069.007
china/employment/EB3_OW,2026-06-01,16161.0,16079.169
china/employment/EB3_OW,2026-07-01,16161.0,16154.121
china/employment/EB3_OW,2026-08-01,16191.0,16123.096
china/employment/EB3_OW,2026-09-01,16191.0,16165.883
china/family/F1,2024-10-01,14904.0,14931.31
china/family/F1,2024-11-01,14904.0,14913.535
china/family/F1,2024-12-01,14904.0,14707.137
china/family/F1,2025-01-01,14935.0,14693.998
china/family/F1,2025-02-01,14935.0,14694.974
china/family/F1,2025-03-01,14935.0,14844.283
china/family/F1,2025-04-01,15049.0,14862.003
china/family/F1,2025-05-01,15049.0,14870.615
china/family/F1,2025-06-01,15134.0,14864.738
china/family/F1,2025-07-01,15171.0,14865.006
china/family/F1,2025-08-01,15171.0,14852.678
china/family/F1,2025-09-01,15171.0,14861.042
china/family/F1,2025-10-01,15287.0,15169.197
china/family/F1,2025-11-01,15287.0,15129.092
china/family/F1,2025-12-01,15287.0,15335.559
china/family/F1,2026-01-01,15287.0,15323.186
china/family/F1,2026-02-01,15287.0,15313.276
china/family/F1,2026-03-01,15287.0,15307.197
china/family/F1,2026-04-01,15461.0,15307.441
china/family/F1,2026-05-01,15584.0,15458.551
china/family/F1,2026-06-01,15584.0,15626.627
china/family/F1,2026-07-01,15737.0,15651.439
china/family/F1,2026-08-01,16054.0,15762.009
china/family/F1,2026-09-01,16457.0,16059.649
china/family/F2A,2024-10-01,17127.0,17235.832
china/family/F2A,2024-11-01,17167.0,17183.105
china/family/F2A,2024-12-01,17167.0,17198.652
china/family/F2A,2025-01-01,17167.0,17202.602
china/family/F2A,2025-02-01,17167.0,17230.98
china/family/F2A,2025-03-01,17167.0,17198.87
china/family/F2A,2025-04-01,17167.0,17221.727
china/family/F2A,2025-05-01,17167.0,17194.277
china/family/F2A,2025-06-01,17167.0,17201.398
china/family/F2A,2025-07-01,17410.0,17202.143
china/family/F2A,2025-08-01,17410.0,17380.758
china/family/F2A,2025-09-01,17410.0,17464.82
china/family/F2A,2025-10-01,17928.0,17464.863
china/family/F2A,2025-11-01,17928.0,17874.21
china/family/F2A,2025-12-01,17928.0,18088.129
china/family/F2A,2026-01-01,17928.0,18064.133
china/family/F2A,2026-02-01,17928.0,17969.783
china/family/F2A,2026-03-01,17928.0,17984.182
china/family/F2A,2026-04-01,17928.0,17985.387
china/family/F2A,2026-05-01,18110.0,17981.56
china/family/F2A,2026-06-01,18263.0,18140.273
china/family/F2A,2026-07-01,18263.0,18325.125
china/family/F2A,2026-08-01,18830.0,18362.176
china/family/F2A,2026-09-01,18861.0,18796.457
china/family/F2B,2024-10-01,15096.0,15103.057
china/family/F2B,2024-11-01,15096.0,15106.795
china/family/F2B,2024-12-01,15096.0,15105.45
china/family/F2B,2025-01-01,15117.0,15105.55
china/family/F2B,2025-02-01,15117.0,15116.947
china/family/F2B,2025-03-01,15117.0,15130.268
china/family/F2B,2025-04-01,15178.0,15129.201
china/family/F2B,2025-05-01,15178.0,15177.493
china/family/F2B,2025-06-01,15240.0,15196.96
china/family/F2B,2025-07-01,15263.0,15250.426
china/family/F2B,2025-08-01,15263.0,14958.185
china/family/F2B,2025-09-01,15263.0,14950.861
china/family/F2B,2025-10-01,15301.0,15274.643
china/family/F2B,2025-11-01,15310.0,15287.82
china/family/F2B,2025-12-01,15310.0,15329.164
china/family/F2B,2026-01-01,15310.0,15330.202
china/family/F2B,2026-02-01,15310.0,15329.268
china/family/F2B,2026-03-01,15310.0,15325.181
china/family/F2B,2026-04-01,15482.0,15321.118
china/family/F2B,2026-05-01,15482.0,15464.521
china/family/F2B,2026-06-01,15605.0,15532.089
china/family/F2B,2026-07-01,15666.0,15624.953
china/family/F2B,2026-08-01,15706.0,15705.672
china/family/F2B,2026-09-01,16304.0,15753.76
china/family/F3,2024-10-01,12874.0,12895.27
china/family/F3,2024-11-01,12888.0,12881.676
china/family/F3,2024-12-01,12888.0,12521.997
china/family/F3,2025-01-01,12965.0,12527.097
china/family/F3,2025-02-01,12965.0,12636.265
china/family/F3,2025-03-01,12965.0,12787.03
china/family/F3,2025-04-01,13239.0,12792.191
china/family/F3,2025-05-01,13239.0,12801.166
china/family/F3,2025-06-01,13321.0,12795.689
china/family/F3,2025-07-01,13361.0,12799.973
china/family/F3,2025-08-01,13361.0,13359.934
china/family/F3,2025-09-01,13361.0,13378.877
china/family/F3,2025-10-01,13399.0,13400.541
china/family/F3,2025-11-01,13399.0,13441.415
china/family/F3,2025-12-01,13399.0,13442.382
china/family/F3,2026-01-01,13399.0,13435.702
china/family/F3,2026-02-01,13399.0,13438.586
china/family/F3,2026-03-01,13399.0,13427.406
china/family/F3,2026-04-01,13504.0,13419.879
china/family/F3,2026-05-01,13559.0,13504.203
china/family/F3,2026-06-01,13559.0,13589.945
china/family/F3,2026-07-01,13619.0,13612.447
china/family/F3,2026-08-01,13649.0,13632.527
china/family/F3,2026-09-01,14539.0,13691.775
china/family/F4,2024-10-01,11900.0,11905.189
china/family/F4,2024-11-01,11900.0,11904.31
china/family/F4,2024-12-01,11900.0,11895.53
china/family/F4,2025-01-01,11900.0,11888.545
china/family/F4,2025-02-01,11900.0,11904.639
china/family/F4,2025-03-01,11900.0,11905.9795
china/family/F4,2025-04-01,11900.0,11906.623
china/family/F4,2025-05-01,12053.0,11907.016
china/family/F4,2025-06-01,12053.0,11981.244
china/family/F4,2025-07-01,12053.0,12026.633
china/family/F4,2025-08-01,12053.0,12087.264
china/family/F4,2025-09-01,12053.0,12066.318
china/family/F4,2025-10-01,12060.0,12057.387
china/family/F4,2025-11-01,12060.0,12062.322
china/family/F4,2025-12-01,12060.0,12077.634
china/family/F4,2026-01-01,12060.0,12071.162
china/family/F4,2026-02-01,12060.0,12071.83
china/family/F4,2026-03-01,12060.0,12069.172
china/family/F4,2026-04-01,12212.0,12069.183
china/family/F4,2026-05-01,12311.0,12190.354
china/family/F4,2026-06-01,12365.0,12327.957
china/family/F4,2026-07-01,12419.0,12401.046
china/family/F4,2026-08-01,12662.0,12442.1
china/family/F4,2026-09-01,13443.0,12564.336
india/employment/EB1,2024-10-01,17198.0,17252.664
india/employment/EB1,2024-11-01,17198.0,17219.902
india/employment/EB1,2024-12-01,17198.0,17239.209
india/employment/EB1,2025-01-01,17198.0,17243.25
india/employment/EB1,2025-02-01,17198.0,17222.79
india/employment/EB1,2025-03-01,17198.0,17222.52
india/employment/EB1,2025-04-01,17212.0,17216.541
india/employment/EB1,2025-05-01,17212.0,17224.611
india/employment/EB1,2025-06-01,17212.0,17243.312
india/employment/EB1,2025-07-01,17212.0,17215.941
india/employment/EB1,2025-08-01,17212.0,17214.742
india/employment/EB1,2025-09-01,17212.0,17213.527
india/employment/EB1,2025-10-01,17212.0,17213.824
india/employment/EB1,2025-11-01,17212.0,17214.02
india/employment/EB1,2025-12-01,17240.0,17213.432
india/employment/EB1,2026-01-01,17563.0,17235.389
india/employment/EB1,2026-02-01,17563.0,17288.375
india/employment/EB1,2026-03-01,17591.0,17304.03
india/employment/EB1,2026-04-01,17622.0,17308.848
india/employment/EB1,2026-05-01,17622.0,17312.895
india/employment/EB1,2026-06-01,17515.0,17318.434
india/employment/EB1,2026-07-01,17454.0,17307.117
india/employment/EB1,2026-08-01,17454.0,17499.977
india/employment/EB1,2026-09-01,17454.0,17462.777
india/employment/EB2,2024-07-01,13680.0,13641.13
india/employment/EB2,2024-08-01,13710.0,13670.113
india/employment/EB2,2024-09-01,13710.0,13728.952
india/employment/EB2,2024-10-01,13710.0,13727.173
india/employment/EB2,2024-11-01,13710.0,13732.259
india/employment/EB2,2024-12-01,13727.0,13721.361
india/employment/EB2,2025-01-01,13788.0,13740.406
india/employment/EB2,2025-02-01,13802.0,13793.85
india/employment/EB2,2025-03-01,13849.0,13829.591
india/employment/EB2,2025-04-01,13880.0,13867.194
india/employment/EB2,2025-05-01,13880.0,13901.293
india/employment/EB2,2025-06-01,13880.0,13908.048
india/employment/EB2,2025-07-01,13880.0,13902.691
india/employment/EB2,2025-08-01,13880.0,13894.969
india/employment/EB2,2025-09-01,13880.0,13900.461
india/employment/EB2,2025-10-01,13970.0,13900.695
india/employment/EB2,2025-11-01,13970.0,13977.396
india/employment/EB2,2025-12-01,14014.0,14003.139
india/employment/EB2,2026-01-01,14075.0,14029.398
india/employment/EB2,2026-02-01,14075.0,14093.953
india/employment/EB2,2026-03-01,14137.0,14106.25
india/employment/EB2,2026-04-01,14440.0,14159.262
india/employment/EB2,2026-05-01,14440.0,14406.098
india/employment/EB2,2026-06-01,14123.0,14522.397
india/employment/EB3,2024-10-01,13819.0,13831.76
india/employment/EB3,2024-11-01,13819.0,13832.979
india/employment/EB3,2024-12-01,13826.0,13837.038
india/employment/EB3,2025-01-01,13849.0,13837.1
india/employment/EB3,2025-02-01,13863.0,13859.748
india/employment/EB3,2025-03-01,13911.0,13882.652
india/employment/EB3,2025-04-01,13970.0,13924.814
india/employment/EB3,2025-05-01,13984.0,13990.623
india/employment/EB3,2025-06-01,13984.0,14014.575
india/employment/EB3,2025-07-01,13991.0,14009.189
india/employment/EB3,2025-08-01,14021.0,13999.343
india/employment/EB3,2025-09-01,14021.0,14029.091
india/employment/EB3,2025-10-01,14113.0,14048.598
india/employment/EB3,2025-11-01,14113.0,14111.221
india/employment/EB3,2025-12-01,14144.0,14140.941
india/employment/EB3,2026-01-01,14198.0,14162.35
india/employment/EB3,2026-02-01,14198.0,14205.795
india/employment/EB3,2026-03-01,14198.0,14229.855
india/employment/EB3,2026-04-01,14198.0,14219.6875
india/employment/EB3,2026-05-01,14198.0,14216.285
india/employment/EB3,2026-06-01,14228.0,14214.102
india/employment/EB3,2026-07-01,14245.0,14239.158
india/employment/EB3,2026-08-01,14245.0,14265.183
india/employment/EB3,2026-09-01,14245.0,14266.736
india/employment/EB3_OW,2024-10-01,13819.0,13833.408
india/employment/EB3_OW,2024-11-01,13819.0,13835.002
india/employment/EB3_OW,2024-12-01,13826.0,13837.006
india/employment/EB3_OW,2025-01-01,13849.0,13846.275
india/employment/EB3_OW,2025-02-01,13863.0,13860.186
india/employment/EB3_OW,2025-03-01,13911.0,13881.15
india/employment/EB3_OW,2025-04-01,13970.0,13929.559
india/employment/EB3_OW,2025-05-01,13984.0,13989.218
india/employment/EB3_OW,2025-06-01,13984.0,14015.168
india/employment/EB3_OW,2025-07-01,13991.0,14005.785
india/employment/EB3_OW,2025-08-01,14021.0,14005.24
india/employment/EB3_OW,2025-09-01,14021.0,14024.604
india/employment/EB3_OW,2025-10-01,14113.0,14040.854
india/employment/EB3_OW,2025-11-01,14113.0,14105.197
india/employment/EB3_OW,2025-12-01,14144.0,14143.2
india/employment/EB3_OW,2026-01-01,14198.0,14160.253
india/employment/EB3_OW,2026-02-01,14198.0,14208.496
india/employment/EB3_OW,2026-03-01,14198.0,14227.611
india/employment/EB3_OW,2026-04-01,14198.0,14223.805
india/employment/EB3_OW,2026-05-01,14198.0,14210.771
india/employment/EB3_OW,2026-06-01,14228.0,14210.35
india/employment/EB3_OW,2026-07-01,14245.0,14240.692
india/employment/EB3_OW,2026-08-01,14245.0,14264.413
india/employment/EB3_OW,2026-09-01,14245.0,14269.398
india/family/F1,2024-10-01,14904.0,14925.33
india/family/F1,2024-11-01,14904.0,14912.562
india/family/F1,2024-12-01,14904.0,14700.35
india/family/F1,2025-01-01,14935.0,14705.174
india/family/F1,2025-02-01,14935.0,14690.73
india/family/F1,2025-03-01,14935.0,14835.506
india/family/F1,2025-04-01,15049.0,14843.75
india/family/F1,2025-05-01,15049.0,14846.344
india/family/F1,2025-06-01,15134.0,14849.789
india/family/F1,2025-07-01,15171.0,14861.565
india/family/F1,2025-08-01,15171.0,14863.484
india/family/F1,2025-09-01,15171.0,14813.803
india/family/F1,2025-10-01,15287.0,15126.502
india/family/F1,2025-11-01,15287.0,15183.713
india/family/F1,2025-12-01,15287.0,15337.67
india/family/F1,2026-01-01,15287.0,15332.263
india/family/F1,2026-02-01,15287.0,15319.929
india/family/F1,2026-03-01,15287.0,15305.19
india/family/F1,2026-04-01,15461.0,15316.121
india/family/F1,2026-05-01,15584.0,15460.236
india/family/F1,2026-06-01,15584.0,15624.654
india/family/F1,2026-07-01,15737.0,15660.244
india/family/F1,2026-08-01,16054.0,15755.111
india/family/F1,2026-09-01,16457.0,16059.27
india/family/F2A,2024-10-01,17127.0,17231.215
india/family/F2A,2024-11-01,17167.0,17193.125
india/family/F2A,2024-12-01,17167.0,17210.383
india/family/F2A,2025-01-01,17167.0,17246.738
india/family/F2A,2025-02-01,17167.0,17234.236
india/family/F2A,2025-03-01,17167.0,17224.828
india/family/F2A,2025-04-01,17167.0,17210.578
india/family/F2A,2025-05-01,17167.0,17203.475
india/family/F2A,2025-06-01,17167.0,17182.773
india/family/F2A,2025-07-01,17410.0,17201.26
india/family/F2A,2025-08-01,17410.0,17363.986
india/family/F2A,2025-09-01,17410.0,17471.633
india/family/F2A,2025-10-01,17928.0,17468.527
india/family/F2A,2025-11-01,17928.0,17867.629
india/family/F2A,2025-12-01,17928.0,18088.938
india/family/F2A,2026-01-01,17928.0,18060.705
india/family/F2A,2026-02-01,17928.0,17977.371
india/family/F2A,2026-03-01,17928.0,17975.984
india/family/F2A,2026-04-01,17928.0,17998.219
india/family/F2A,2026-05-01,18110.0,17983.96
india/family/F2A,2026-06-01,18263.0,18144.166
india/family/F2A,2026-07-01,18263.0,18346.357
india/family/F2A,2026-08-01,18830.0,18369.11
india/family/F2A,2026-09-01,18861.0,18813.848
india/family/F2B,2024-10-01,15096.0,15106.656
india/family/F2B,2024-11-01,15096.0,15106.407
india/family/F2B,2024-12-01,15096.0,15105.484
india/family/F2B,2025-01-01,15117.0,15106.291
india/family/F2B,2025-02-01,15117.0,15122.379
india/family/F2B,2025-03-01,15117.0,15132.068
india/family/F2B,2025-04-01,15178.0,15134.883
india/family/F2B,2025-05-01,15178.0,15179.419
india/family/F2B,2025-06-01,15240.0,15201.375
india/family/F2B,2025-07-01,15263.0,15240.689
india/family/F2B,2025-08-01,15263.0,14954.043
india/family/F2B,2025-09-01,15263.0,14949.896
india/family/F2B,2025-10-01,15301.0,15269.984
india/family/F2B,2025-11-01,15310.0,15291.529
india/family/F2B,2025-12-01,15310.0,15333.695
india/family/F2B,2026-01-01,15310.0,15330.119
india/family/F2B,2026-02-01,15310.0,15324.084
india/family/F2B,2026-03-01,15310.0,15327.105
india/family/F2B,2026-04-01,15482.0,15328.941
india/family/F2B,2026-05-01,15482.0,15464.139
india/family/F2B,2026-06-01,15605.0,15531.426
india/family/F2B,2026-07-01,15666.0,15618.345
india/family/F2B,2026-08-01,15706.0,15705.475
india/family/F2B,2026-09-01,16304.0,15764.048
india/family/F3,2024-10-01,12874.0,12895.013
india/family/F3,2024-11-01,12888.0,12888.591
india/family/F3,2024-12-01,12888.0,12524.159
india/family/F3,2025-01-01,12965.0,12521.875
india/family/F3,2025-02-01,12965.0,12641.221
india/family/F3,2025-03-01,12965.0,12801.127
india/family/F3,2025-04-01,13239.0,12769.078
india/family/F3,2025-05-01,13239.0,12809.926
india/family/F3,2025-06-01,13321.0,12794.404
india/family/F3,2025-07-01,13361.0,12782.27
india/family/F3,2025-08-01,13361.0,13396.438
india/family/F3,2025-09-01,13361.0,13372.924
india/family/F3,2025-10-01,13399.0,13404.8
india/family/F3,2025-11-01,13399.0,13432.594
india/family/F3,2025-12-01,13399.0,13441.073
india/family/F3,2026-01-01,13399.0,13445.596
india/family/F3,2026-02-01,13399.0,13428.926
india/family/F3,2026-03-01,13399.0,13432.059
india/family/F3,2026-04-01,13504.0,13419.297
india/family/F3,2026-05-01,13559.0,13505.514
india/family/F3,2026-06-01,13559.0,13599.756
india/family/F3,2026-07-01,13619.0,13626.215
india/family/F3,2026-08-01,13649.0,13644.566
india/family/F3,2026-09-01,14539.0,13679.122
india/family/F4,2024-10-01,11382.0,11353.15
india/family/F4,2024-11-01,11389.0,11376.922
india/family/F4,2024-12-01,11389.0,11403.373
india/family/F4,2025-01-01,11420.0,11402.859
india/family/F4,2025-02-01,11420.0,11421.345
india/family/F4,2025-03-01,11420.0,11431.59
india/family/F4,2025-04-01,11488.0,11432.412
india/family/F4,2025-05-01,11488.0,11411.065
india/family/F4,2025-06-01,11488.0,11400.572
india/family/F4,2025-07-01,11511.0,11410.286
india/family/F4,2025-08-01,11627.0,11512.727
india/family/F4,2025-09-01,11627.0,11602.154
india/family/F4,2025-10-01,11627.0,11668.492
india/family/F4,2025-11-01,11627.0,11658.184
india/family/F4,2025-12-01,11627.0,11640.852
india/family/F4,2026-01-01,11627.0,11636.33
india/family/F4,2026-02-01,11627.0,11641.439
india/family/F4,2026-03-01,11627.0,11642.284
india/family/F4,2026-04-01,11627.0,11641.783
india/family/F4,2026-05-01,11627.0,11637.691
india/family/F4,2026-06-01,11627.0,11638.889
india/family/F4,2026-07-01,11627.0,11636.883
india/family/F4,2026-08-01,11627.0,11635.791
india/family/F4,2026-09-01,11627.0,11637.162
mexico/employment/EB3,2024-10-01,17485.0,17070.67
mexico/employment/EB3,2024-11-01,17485.0,17278.383
mexico/employment/EB3,2024-12-01,17485.0,17511.512
mexico/employment/EB3,2025-01-01,17501.0,17574.13
mexico/employment/EB3,2025-02-01,17501.0,17548.06
mexico/employment/EB3,2025-03-01,17501.0,17509.848
mexico/employment/EB3,2025-04-01,17532.0,17515.227
mexico/employment/EB3,2025-05-01,17532.0,17531.72
mexico/employment/EB3,2025-06-01,17570.0,17546.012
mexico/employment/EB3,2025-07-01,17622.0,17579.854
mexico/employment/EB3,2025-08-01,17622.0,17635.328
mexico/employment/EB3,2025-09-01,17622.0,17654.41
mexico/employment/EB3,2025-10-01,17622.0,17646.16
mexico/employment/EB3,2025-11-01,17622.0,17634.455
mexico/employment/EB3,2025-12-01,17636.0,17636.367
mexico/employment/EB3,2026-01-01,17643.0,17649.22
mexico/employment/EB3,2026-02-01,17683.0,17664.7
mexico/employment/EB3,2026-03-01,17805.0,17692.176
mexico/employment/EB3,2026-04-01,18049.0,17806.014
mexico/employment/EB3,2026-05-01,18049.0,18037.238
mexico/employment/EB3,2026-06-01,18049.0,18126.629
mexico/employment/EB3,2026-07-01,18110.0,18115.191
mexico/employment/EB3,2026-08-01,18141.0,18114.496
mexico/employment/EB3,2026-09-01,18141.0,18146.664
mexico/employment/EB3_OW,2024-10-01,16771.0,16795.3
mexico/employment/EB3_OW,2024-11-01,16771.0,16775.17
mexico/employment/EB3_OW,2024-12-01,16771.0,16781.463
mexico/employment/EB3_OW,2025-01-01,16778.0,16783.598
mexico/employment/EB3_OW,2025-02-01,16778.0,16782.383
mexico/employment/EB3_OW,2025-03-01,16833.0,16790.162
mexico/employment/EB3_OW,2025-04-01,16943.0,16832.426
mexico/employment/EB3_OW,2025-05-01,16943.0,16937.2
mexico/employment/EB3_OW,2025-06-01,16974.0,16986.562
mexico/employment/EB3_OW,2025-07-01,16990.0,16994.19
mexico/employment/EB3_OW,2025-08-01,16990.0,17009.188
mexico/employment/EB3_OW,2025-09-01,16990.0,17007.29
mexico/employment/EB3_OW,2025-10-01,16997.0,17003.953
mexico/employment/EB3_OW,2025-11-01,16997.0,17012.32
mexico/employment/EB3_OW,2025-12-01,17014.0,17019.846
mexico/employment/EB3_OW,2026-01-01,17045.0,17031.83
mexico/employment/EB3_OW,2026-02-01,17045.0,17061.65
mexico/employment/EB3_OW,2026-03-01,17106.0,17074.574
mexico/employment/EB3_OW,2026-04-01,17106.0,17119.555
mexico/employment/EB3_OW,2026-05-01,17198.0,17134.48
mexico/employment/EB3_OW,2026-06-01,17198.0,17204.004
mexico/employment/EB3_OW,2026-07-01,17226.0,17240.299
mexico/employment/EB3_OW,2026-08-01,17257.0,17255.21
mexico/employment/EB3_OW,2026-09-01,17257.0,17279.367
mexico/employment/EB4,2024-10-01,16802.0,16823.607
mexico/employment/EB4,2024-11-01,16802.0,16818.475
mexico/employment/EB4,2024-12-01,16802.0,16830.732
mexico/employment/EB4,2025-01-01,16802.0,16828.691
mexico/employment/EB4,2025-02-01,16802.0,16826.297
mexico/employment/EB4,2025-03-01,16283.0,16832.191
mexico/employment/EB4,2025-04-01,16283.0,16429.785
mexico/employment/EB4,2025-05-01,16283.0,16278.578
mexico/employment/EB4,2025-06-01,16283.0,16316.102
mexico/employment/EB4,2025-07-01,16283.0,16366.949
mexico/employment/EB4,2025-08-01,16283.0,16362.6045
mexico/employment/EB4,2025-09-01,16283.0,16391.402
mexico/employment/EB4,2025-10-01,16618.0,16302.743
mexico/employment/EB4,2025-11-01,16618.0,16517.88
mexico/employment/EB4,2025-12-01,16680.0,16655.719
mexico/employment/EB4,2026-01-01,16802.0,16721.207
mexico/employment/EB4,2026-02-01,16802.0,16818.945
mexico/employment/EB4,2026-03-01,16997.0,16858.25
mexico/employment/EB4,2026-04-01,17362.0,17017.998
mexico/employment/EB4,2026-05-01,17362.0,17392.068
mexico/employment/EB4,2026-06-01,17362.0,17523.389
mexico/employment/EB4,2026-07-01,17424.0,17464.246
mexico/employment/EB4,2026-08-01,17454.0,17451.281
mexico/employment/EB4,2026-09-01,17515.0,17504.316
mexico/employment/EB4_RW,2024-10-01,16802.0,16845.473
mexico/employment/EB4_RW,2024-11-01,16802.0,16823.146
mexico/employment/EB4_RW,2024-12-01,16802.0,16814.773
mexico/employment/EB4_RW,2025-01-01,16802.0,16823.63
mexico/employment/EB4_RW,2025-02-01,16802.0,16831.629
mexico/employment/EB4_RW,2025-03-01,16283.0,16823.344
mexico/employment/EB4_RW,2025-04-01,16283.0,16430.84
mexico/employment/EB4_RW,2025-05-01,16283.0,16302.076
mexico/employment/EB4_RW,2025-06-01,16283.0,16322.124
mexico/employment/EB4_RW,2025-07-01,16283.0,16406.246
mexico/employment/EB4_RW,2025-08-01,16283.0,16372.71
mexico/employment/EB4_RW,2025-09-01,16283.0,16324.237
mexico/employment/EB4_RW,2025-10-01,16283.0,16298.646
mexico/employment/EB4_RW,2025-11-01,16283.0,16278.951
mexico/employment/EB4_RW,2025-12-01,16680.0,16281.593
mexico/employment/EB4_RW,2026-01-01,16802.0,16602.121
mexico/employment/EB4_RW,2026-02-01,16802.0,16868.506
mexico/employment/EB4_RW,2026-03-01,16997.0,16914.668
mexico/employment/EB4_RW,2026-04-01,17362.0,17015.34
mexico/employment/EB4_RW,2026-05-01,17362.0,17392.914
mexico/employment/EB4_RW,2026-06-01,17362.0,17548.213
mexico/employment/EB4_RW,2026-07-01,17424.0,17481.191
mexico/employment/EB4_RW,2026-08-01,17454.0,17478.473
mexico/employment/EB4_RW,2026-09-01,17515.0,17500.668
mexico/family/F1,2024-10-01,10227.0,10033.815
mexico/family/F1,2024-11-01,10918.0,10216.369
mexico/family/F1,2024-12-01,10918.0,10691.484
mexico/family/F1,2025-01-01,10918.0,10899.668
mexico/family/F1,2025-02-01,10918.0,10847.786
mexico/family/F1,2025-03-01,10918.0,10872.07
mexico/family/F1,2025-04-01,10958.0,10845.046
mexico/family/F1,2025-05-01,11069.0,10845.117
mexico/family/F1,2025-06-01,11069.0,10797.582
mexico/family/F1,2025-07-01,11069.0,10705.283
mexico/family/F1,2025-08-01,11069.0,10755.441
mexico/family/F1,2025-09-01,11069.0,10927.441
mexico/family/F1,2025-10-01,11283.0,10961.479
mexico/family/F1,2025-11-01,11283.0,10868.133
mexico/family/F1,2025-12-01,11382.0,11172.389
mexico/family/F1,2026-01-01,11566.0,11380.893
mexico/family/F1,2026-02-01,11678.0,11608.271
mexico/family/F1,2026-03-01,11678.0,11765.26
mexico/family/F1,2026-04-01,11733.0,11794.276
mexico/family/F1,2026-05-01,11914.0,11822.449
mexico/family/F1,2026-06-01,11999.0,11957.869
mexico/family/F1,2026-07-01,11999.0,12078.028
mexico/family/F1,2026-08-01,12022.0,12116.1875
mexico/family/F1,2026-09-01,12053.0,12087.883
mexico/family/F2A,2024-10-01,16868.0,16895.55
mexico/family/F2A,2024-11-01,16906.0,16892.176
mexico/family/F2A,2024-12-01,16906.0,16965.168
mexico/family/F2A,2025-01-01,16936.0,16984.266
mexico/family/F2A,2025-02-01,16936.0,16949.89
mexico/family/F2A,2025-03-01,16936.0,16971.98
mexico/family/F2A,2025-04-01,16936.0,16992.205
mexico/family/F2A,2025-05-01,16936.0,16967.879
mexico/family/F2A,2025-06-01,16936.0,16960.006
mexico/family/F2A,2025-07-01,17198.0,16968.57
mexico/family/F2A,2025-08-01,17198.0,17174.428
mexico/family/F2A,2025-09-01,17198.0,17269.0
mexico/family/F2A,2025-10-01,17563.0,17256.227
mexico/family/F2A,2025-11-01,17563.0,17540.201
mexico/family/F2A,2025-12-01,17563.0,17679.29
mexico/family/F2A,2026-01-01,17563.0,17653.508
mexico/family/F2A,2026-02-01,17563.0,17617.58
mexico/family/F2A,2026-03-01,17563.0,17591.475
mexico/family/F2A,2026-04-01,17563.0,17590.266
mexico/family/F2A,2026-05-01,17744.0,17607.553
mexico/family/F2A,2026-06-01,17897.0,17744.312
mexico/family/F2A,2026-07-01,17897.0,17945.006
mexico/family/F2A,2026-08-01,18465.0,18004.008
mexico/family/F2A,2026-09-01,18496.0,18392.238
mexico/family/F2B,2024-10-01,10972.0,10781.558
mexico/family/F2B,2024-11-01,11139.0,10908.508
mexico/family/F2B,2024-12-01,11139.0,10955.262
mexico/family/F2B,2025-01-01,11139.0,11000.42
mexico/family/F2B,2025-02-01,11139.0,11040.885
mexico/family/F2B,2025-03-01,11139.0,11066.142
mexico/family/F2B,2025-04-01,11323.0,11019.469
mexico/family/F2B,2025-05-01,11323.0,11342.295
mexico/family/F2B,2025-06-01,11323.0,11418.394
mexico/family/F2B,2025-07-01,11688.0,11385.471
mexico/family/F2B,2025-08-01,11688.0,11657.564
mexico/family/F2B,2025-09-01,11778.0,11804.014
mexico/family/F2B,2025-10-01,12036.0,11866.955
mexico/family/F2B,2025-11-01,12036.0,12064.137
mexico/family/F2B,2025-12-01,12188.0,12158.231
mexico/family/F2B,2026-01-01,12372.0,12279.314
mexico/family/F2B,2026-02-01,12464.0,12485.561
mexico/family/F2B,2026-03-01,12464.0,12602.576
mexico/family/F2B,2026-04-01,12464.0,12594.004
mexico/family/F2B,2026-05-01,12464.0,12550.676
mexico/family/F2B,2026-06-01,12464.0,12514.371
mexico/family/F2B,2026-07-01,12464.0,12515.953
mexico/family/F2B,2026-08-01,12464.0,12526.715
mexico/family/F2B,2026-09-01,12464.0,12527.57
mexico/family/F3,2024-10-01,9365.0,8904.791
mexico/family/F3,2024-11-01,9426.0,8910.828
mexico/family/F3,2024-12-01,9426.0,8960.786
mexico/family/F3,2025-01-01,9457.0,8910.824
mexico/family/F3,2025-02-01,9457.0,9346.28
mexico/family/F3,2025-03-01,9457.0,9332.139
mexico/family/F3,2025-04-01,9511.0,9173.508
mexico/family/F3,2025-05-01,9511.0,9501.219
mexico/family/F3,2025-06-01,9511.0,9500.447
mexico/family/F3,2025-07-01,9528.0,9498.582
mexico/family/F3,2025-08-01,9528.0,9564.047
mexico/family/F3,2025-09-01,9528.0,9569.508
mexico/family/F3,2025-10-01,9601.0,9564.582
mexico/family/F3,2025-11-01,9617.0,9639.6875
mexico/family/F3,2025-12-01,9617.0,9650.527
mexico/family/F3,2026-01-01,9617.0,9669.551
mexico/family/F3,2026-02-01,9617.0,9649.396
mexico/family/F3,2026-03-01,9617.0,9645.811
mexico/family/F3,2026-04-01,9617.0,9640.842
mexico/family/F3,2026-05-01,9617.0,9644.566
mexico/family/F3,2026-06-01,9617.0,9640.574
mexico/family/F3,2026-07-01,9648.0,9633.08
mexico/family/F3,2026-08-01,9678.0,9651.27
mexico/family/F3,2026-09-01,9678.0,9688.434
mexico/family/F4,2024-10-01,9549.0,9540.176
mexico/family/F4,2024-11-01,9556.0,9558.363
mexico/family/F4,2024-12-01,9556.0,9571.453
mexico/family/F4,2025-01-01,9556.0,9570.018
mexico/family/F4,2025-02-01,9556.0,9565.252
mexico/family/F4,2025-03-01,9556.0,9565.556
mexico/family/F4,2025-04-01,9570.0,9568.658
mexico/family/F4,2025-05-01,9570.0,9577.777
mexico/family/F4,2025-06-01,9570.0,9584.812
mexico/family/F4,2025-07-01,9570.0,9583.365
mexico/family/F4,2025-08-01,9570.0,9581.334
mexico/family/F4,2025-09-01,9570.0,9578.94
mexico/family/F4,2025-10-01,9594.0,9580.427
mexico/family/F4,2025-11-01,9594.0,9599.947
mexico/family/F4,2025-12-01,9594.0,9606.934
mexico/family/F4,2026-01-01,9594.0,9601.951
mexico/family/F4,2026-02-01,9594.0,9598.907
mexico/family/F4,2026-03-01,9594.0,9597.105
mexico/family/F4,2026-04-01,9594.0,9598.393
mexico/family/F4,2026-05-01,9594.0,9597.668
mexico/family/F4,2026-06-01,9594.0,9597.239
mexico/family/F4,2026-07-01,9594.0,9598.52
mexico/family/F4,2026-08-01,9594.0,9596.717
mexico/family/F4,2026-09-01,9594.0,9596.797
philippines/employment/EB3,2024-10-01,17485.0,17073.586
philippines/employment/EB3,2024-11-01,17485.0,17266.623
philippines/employment/EB3,2024-12-01,17485.0,17517.395
philippines/employment/EB3,2025-01-01,17501.0,17582.795
philippines/employment/EB3,2025-02-01,17501.0,17554.21
philippines/employment/EB3,2025-03-01,17501.0,17510.922
philippines/employment/EB3,2025-04-01,17532.0,17521.602
philippines/employment/EB3,2025-05-01,17532.0,17525.008
philippines/employment/EB3,2025-06-01,17570.0,17543.516
philippines/employment/EB3,2025-07-01,17570.0,17576.36
philippines/employment/EB3,2025-08-01,17570.0,17585.68
philippines/employment/EB3,2025-09-01,17570.0,17585.28
philippines/employment/EB3,2025-10-01,17622.0,17582.73
philippines/employment/EB3,2025-11-01,17622.0,17619.91
philippines/employment/EB3,2025-12-01,17636.0,17643.379
philippines/employment/EB3,2026-01-01,17643.0,17651.371
philippines/employment/EB3,2026-02-01,17683.0,17660.035
philippines/employment/EB3,2026-03-01,17744.0,17692.678
philippines/employment/EB3,2026-04-01,17744.0,17759.059
philippines/employment/EB3,2026-05-01,17744.0,17777.459
philippines/employment/EB3,2026-06-01,17744.0,17762.844
philippines/employment/EB3,2026-07-01,17744.0,17756.95
philippines/employment/EB3,2026-08-01,17744.0,17754.979
philippines/employment/EB3,2026-09-01,17744.0,17757.889
philippines/employment/EB3_OW,2024-10-01,16771.0,16559.05
philippines/employment/EB3_OW,2024-11-01,16771.0,16729.629
philippines/employment/EB3_OW,2024-12-01,16771.0,16827.908
philippines/employment/EB3_OW,2025-01-01,16778.0,16812.566
philippines/employment/EB3_OW,2025-02-01,16778.0,16788.252
philippines/employment/EB3_OW,2025-03-01,16816.0,16792.777
philippines/employment/EB3_OW,2025-04-01,16943.0,16830.36
philippines/employment/EB3_OW,2025-05-01,16943.0,16948.469
philippines/employment/EB3_OW,2025-06-01,16974.0,17002.39
philippines/employment/EB3_OW,2025-07-01,16990.0,17003.148
philippines/employment/EB3_OW,2025-08-01,16990.0,17012.05
philippines/employment/EB3_OW,2025-09-01,16990.0,17017.727
philippines/employment/EB3_OW,2025-10-01,16997.0,17012.434
philippines/employment/EB3_OW,2025-11-01,16997.0,17018.744
philippines/employment/EB3_OW,2025-12-01,17014.0,17020.186
philippines/employment/EB3_OW,2026-01-01,17045.0,17033.887
philippines/employment/EB3_OW,2026-02-01,17045.0,17071.77
philippines/employment/EB3_OW,2026-03-01,17106.0,17069.984
philippines/employment/EB3_OW,2026-04-01,17106.0,17114.809
philippines/employment/EB3_OW,2026-05-01,17106.0,17135.85
philippines/employment/EB3_OW,2026-06-01,17106.0,17124.754
philippines/employment/EB3_OW,2026-07-01,17136.0,17124.793
philippines/employment/EB3_OW,2026-08-01,17136.0,17153.594
philippines/employment/EB3_OW,2026-09-01,17136.0,17161.55
philippines/family/F1,2024-10-01,13574.0,13574.0205
philippines/family/F1,2024-11-01,13574.0,13574.027
philippines/family/F1,2024-12-01,13574.0,13574.039
philippines/family/F1,2025-01-01,13581.0,13574.053
philippines/family/F1,2025-02-01,13581.0,13577.445
philippines/family/F1,2025-03-01,13581.0,13580.507
philippines/family/F1,2025-04-01,13710.0,13582.021
philippines/family/F1,2025-05-01,13710.0,13645.44
philippines/family/F1,2025-06-01,13710.0,13704.117
philippines/family/F1,2025-07-01,13710.0,13727.114
philippines/family/F1,2025-08-01,13710.0,13720.178
philippines/family/F1,2025-09-01,13710.0,13712.726
philippines/family/F1,2025-10-01,13901.0,13714.061
philippines/family/F1,2025-11-01,13901.0,13836.183
philippines/family/F1,2025-12-01,13901.0,13915.604
philippines/family/F1,2026-01-01,13939.0,13932.243
philippines/family/F1,2026-02-01,13939.0,13951.453
philippines/family/F1,2026-03-01,13939.0,13950.432
philippines/family/F1,2026-04-01,14000.0,13960.634
philippines/family/F1,2026-05-01,14000.0,14004.213
philippines/family/F1,2026-06-01,14000.0,14034.233
philippines/family/F1,2026-07-01,14000.0,14018.971
philippines/family/F1,2026-08-01,14000.0,13633.035
philippines/family/F1,2026-09-01,14000.0,13638.285
philippines/family/F2A,2024-10-01,17127.0,17218.426
philippines/family/F2A,2024-11-01,17167.0,17187.584
philippines/family/F2A,2024-12-01,17167.0,17206.53
philippines/family/F2A,2025-01-01,17167.0,17208.555
philippines/family/F2A,2025-02-01,17167.0,17223.383
philippines/family/F2A,2025-03-01,17167.0,17196.91
philippines/family/F2A,2025-04-01,17167.0,17193.965
philippines/family/F2A,2025-05-01,17167.0,17204.258
philippines/family/F2A,2025-06-01,17167.0,17194.602
philippines/family/F2A,2025-07-01,17410.0,17185.535
philippines/family/F2A,2025-08-01,17410.0,17379.719
philippines/family/F2A,2025-09-01,17410.0,17471.26
philippines/family/F2A,2025-10-01,17928.0,17467.006
philippines/family/F2A,2025-11-01,17928.0,17869.799
philippines/family/F2A,2025-12-01,17928.0,18083.664
philippines/family/F2A,2026-01-01,17928.0,18065.244
philippines/family/F2A,2026-02-01,17928.0,17988.8
philippines/family/F2A,2026-03-01,17928.0,17983.484
philippines/family/F2A,2026-04-01,17928.0,17980.43
philippines/family/F2A,2026-05-01,18110.0,17977.191
philippines/family/F2A,2026-06-01,18263.0,18135.734
philippines/family/F2A,2026-07-01,18263.0,18328.781
philippines/family/F2A,2026-08-01,18830.0,18374.523
philippines/family/F2A,2026-09-01,18861.0,18818.219
philippines/family/F2B,2024-10-01,13443.0,13443.114
philippines/family/F2B,2024-11-01,13443.0,13443.006
philippines/family/F2B,2024-12-01,13443.0,13443.094
philippines/family/F2B,2025-01-01,13443.0,13443.068
philippines/family/F2B,2025-02-01,13443.0,13443.043
philippines/family/F2B,2025-03-01,13443.0,13443.001
philippines/family/F2B,2025-04-01,13535.0,13443.008
philippines/family/F2B,2025-05-01,13552.0,13488.436
philippines/family/F2B,2025-06-01,13552.0,13538.172
philippines/family/F2B,2025-07-01,13619.0,13565.053
philippines/family/F2B,2025-08-01,13619.0,13604.725
philippines/family/F2B,2025-09-01,13635.0,13626.838
philippines/family/F2B,2025-10-01,13788.0,13644.932
philippines/family/F2B,2025-11-01,13788.0,13738.686
philippines/family/F2B,2025-12-01,13795.0,13810.196
philippines/family/F2B,2026-01-01,13870.0,13823.652
philippines/family/F2B,2026-02-01,13870.0,13862.496
philippines/family/F2B,2026-03-01,13870.0,13892.543
philippines/family/F2B,2026-04-01,13977.0,13900.545
philippines/family/F2B,2026-05-01,13977.0,13972.082
philippines/family/F2B,2026-06-01,13977.0,14015.828
philippines/family/F2B,2026-07-01,14014.0,14013.908
philippines/family/F2B,2026-08-01,14031.0,14031.083
philippines/family/F2B,2026-09-01,14031.0,14049.331
philippines/family/F3,2024-10-01,10112.0,10117.457
philippines/family/F3,2024-11-01,10112.0,10114.154
philippines/family/F3,2024-12-01,10112.0,10116.182
philippines/family/F3,2025-01-01,10173.0,10113.855
philippines/family/F3,2025-02-01,10173.0,10162.109
philippines/family/F3,2025-03-01,10248.0,10185.285
philippines/family/F3,2025-04-01,10307.0,10236.197
philippines/family/F3,2025-05-01,10491.0,10288.964
philippines/family/F3,2025-06-01,10491.0,10427.007
philippines/family/F3,2025-07-01,10561.0,10508.4
philippines/family/F3,2025-08-01,10561.0,10579.057
philippines/family/F3,2025-09-01,10713.0,10586.48
philippines/family/F3,2025-10-01,10857.0,10682.229
philippines/family/F3,2025-11-01,10857.0,10860.673
philippines/family/F3,2025-12-01,10897.0,10499.781
philippines/family/F3,2026-01-01,11017.0,10698.227
philippines/family/F3,2026-02-01,11017.0,10788.03
philippines/family/F3,2026-03-01,11017.0,10805.146
philippines/family/F3,2026-04-01,11139.0,10788.64
philippines/family/F3,2026-05-01,11283.0,10740.689
philippines/family/F3,2026-06-01,11283.0,10835.31
philippines/family/F3,2026-07-01,11375.0,10820.256
philippines/family/F3,2026-08-01,11375.0,11290.561
philippines/family/F3,2026-09-01,11375.0,11236.367
philippines/family/F4,2024-10-01,10623.0,10650.457
philippines/family/F4,2024-11-01,10623.0,10636.328
philippines/family/F4,2024-12-01,10623.0,10647.257
philippines/family/F4,2025-01-01,10713.0,10637.916
philippines/family/F4,2025-02-01,10713.0,10734.119
philippines/family/F4,2025-03-01,10880.0,10757.712
philippines/family/F4,2025-04-01,10958.0,10872.999
philippines/family/F4,2025-05-01,11109.0,10990.578
philippines/family/F4,2025-06-01,11109.0,11142.061
philippines/family/F4,2025-07-01,11323.0,11191.589
philippines/family/F4,2025-08-01,11323.0,10528.825
philippines/family/F4,2025-09-01,11323.0,10599.068
philippines/family/F4,2025-10-01,11403.0,11397.948
philippines/family/F4,2025-11-01,11403.0,11420.714
philippines/family/F4,2025-12-01,11518.0,11465.145
philippines/family/F4,2026-01-01,11525.0,11550.736
philippines/family/F4,2026-02-01,11525.0,11597.818
philippines/family/F4,2026-03-01,11566.0,11585.113
philippines/family/F4,2026-04-01,11719.0,11610.887
philippines/family/F4,2026-05-01,11883.0,11761.5625
philippines/family/F4,2026-06-01,11883.0,11951.075
philippines/family/F4,2026-07-01,11900.0,11982.884
philippines/family/F4,2026-08-01,11900.0,11967.611
philippines/family/F4,2026-09-01,11921.0,11959.42
