unique_id,ds,y,deepar-robust
all_chargeability/family/F2B,2024-10-01,15096.0,15092.277700662613
all_chargeability/family/F2B,2024-11-01,15096.0,15094.52118575573
all_chargeability/family/F2B,2024-12-01,15096.0,15097.934359073639
all_chargeability/family/F2B,2025-01-01,15117.0,15099.49291753769
all_chargeability/family/F2B,2025-02-01,15117.0,15130.567783355713
all_chargeability/family/F2B,2025-03-01,15117.0,15123.152875900269
all_chargeability/family/F2B,2025-04-01,15178.0,15117.110921144485
all_chargeability/family/F2B,2025-05-01,15178.0,15214.988361358643
all_chargeability/family/F2B,2025-06-01,15240.0,15192.911351203918
all_chargeability/family/F2B,2025-07-01,15263.0,15277.237781524658
all_chargeability/family/F2B,2025-08-01,15263.0,15282.802711486816
all_chargeability/family/F2B,2025-09-01,15263.0,15263.592548847198
all_chargeability/family/F2B,2025-10-01,15301.0,15257.180646896362
all_chargeability/family/F2B,2025-11-01,15310.0,15320.836820602417
all_chargeability/family/F2B,2025-12-01,15310.0,15320.206353187561
all_chargeability/family/F2B,2026-01-01,15310.0,15311.380105018616
all_chargeability/family/F2B,2026-02-01,15310.0,15306.43036031723
all_chargeability/family/F2B,2026-03-01,15310.0,15308.82294857502
all_chargeability/family/F2B,2026-04-01,15482.0,15308.112637877464
all_chargeability/family/F2B,2026-05-01,15482.0,15556.120498657227
all_chargeability/family/F2B,2026-06-01,15605.0,15505.274795532227
all_chargeability/family/F2B,2026-07-01,15666.0,15677.398735046387
all_chargeability/family/F2B,2026-08-01,15706.0,15714.09700012207
all_chargeability/family/F2B,2026-09-01,16304.0,15722.65470123291
all_chargeability/family/F3,2024-10-01,12874.0,12872.06052017212
all_chargeability/family/F3,2024-11-01,12888.0,12868.959560871124
all_chargeability/family/F3,2024-12-01,12888.0,12895.712917804718
all_chargeability/family/F3,2025-01-01,12965.0,12886.650197982788
all_chargeability/family/F3,2025-02-01,12965.0,13010.653114318848
all_chargeability/family/F3,2025-03-01,12965.0,12974.434558868408
all_chargeability/family/F3,2025-04-01,13239.0,12968.333935022354
all_chargeability/family/F3,2025-05-01,13239.0,13366.36068725586
all_chargeability/family/F3,2025-06-01,13321.0,13288.385307312012
all_chargeability/family/F3,2025-07-01,13361.0,13354.846664428711
all_chargeability/family/F3,2025-08-01,13361.0,13392.22057723999
all_chargeability/family/F3,2025-09-01,13361.0,13358.964953184128
all_chargeability/family/F3,2025-10-01,13399.0,13352.638067245483
all_chargeability/family/F3,2025-11-01,13399.0,13421.969774246216
all_chargeability/family/F3,2025-12-01,13399.0,13398.910170912743
all_chargeability/family/F3,2026-01-01,13399.0,13396.171170711517
all_chargeability/family/F3,2026-02-01,13399.0,13397.39002776146
all_chargeability/family/F3,2026-03-01,13399.0,13398.381671786308
all_chargeability/family/F3,2026-04-01,13504.0,13390.83983707428
all_chargeability/family/F3,2026-05-01,13559.0,13560.692813873291
all_chargeability/family/F3,2026-06-01,13559.0,13612.552925109863
all_chargeability/family/F3,2026-07-01,13619.0,13573.293132781982
all_chargeability/family/F3,2026-08-01,13649.0,13638.251689910889
all_chargeability/family/F3,2026-09-01,14539.0,13663.934817314148
all_chargeability/family/F4,2024-10-01,11900.0,11898.598445177078
all_chargeability/family/F4,2024-11-01,11900.0,11898.437368512154
all_chargeability/family/F4,2024-12-01,11900.0,11900.175255805254
all_chargeability/family/F4,2025-01-01,11900.0,11900.943676412106
all_chargeability/family/F4,2025-02-01,11900.0,11899.385814964771
all_chargeability/family/F4,2025-03-01,11900.0,11900.465702474117
all_chargeability/family/F4,2025-04-01,11900.0,11900.706669151783
all_chargeability/family/F4,2025-05-01,12053.0,11899.780190855265
all_chargeability/family/F4,2025-06-01,12053.0,12113.21688079834
all_chargeability/family/F4,2025-07-01,12053.0,12071.70865058899
all_chargeability/family/F4,2025-08-01,12053.0,12057.045937538147
all_chargeability/family/F4,2025-09-01,12053.0,12050.09343290329
all_chargeability/family/F4,2025-10-01,12060.0,12050.966126918793
all_chargeability/family/F4,2025-11-01,12060.0,12060.001398086548
all_chargeability/family/F4,2025-12-01,12060.0,12060.75844502449
all_chargeability/family/F4,2026-01-01,12060.0,12062.477867126465
all_chargeability/family/F4,2026-02-01,12060.0,12065.082776069641
all_chargeability/family/F4,2026-03-01,12060.0,12056.07851266861
all_chargeability/family/F4,2026-04-01,12212.0,12060.40983465314
all_chargeability/family/F4,2026-05-01,12311.0,12284.18588256836
all_chargeability/family/F4,2026-06-01,12365.0,12397.793563842773
all_chargeability/family/F4,2026-07-01,12419.0,12401.085556030273
all_chargeability/family/F4,2026-08-01,12662.0,12448.313144683838
all_chargeability/family/F4,2026-09-01,13443.0,12779.116790771484
china/family/F2B,2024-10-01,15096.0,15091.99977350235
china/family/F2B,2024-11-01,15096.0,15095.703463494778
china/family/F2B,2024-12-01,15096.0,15098.862901687622
china/family/F2B,2025-01-01,15117.0,15099.67799949646
china/family/F2B,2025-02-01,15117.0,15129.560779571533
china/family/F2B,2025-03-01,15117.0,15125.847653388977
china/family/F2B,2025-04-01,15178.0,15120.294562339783
china/family/F2B,2025-05-01,15178.0,15215.469535827637
china/family/F2B,2025-06-01,15240.0,15191.163967132568
china/family/F2B,2025-07-01,15263.0,15275.757801055908
china/family/F2B,2025-08-01,15263.0,15279.12190246582
china/family/F2B,2025-09-01,15263.0,15266.98425078392
china/family/F2B,2025-10-01,15301.0,15258.247934818268
china/family/F2B,2025-11-01,15310.0,15322.26891708374
china/family/F2B,2025-12-01,15310.0,15323.993593215942
china/family/F2B,2026-01-01,15310.0,15312.774834632874
china/family/F2B,2026-02-01,15310.0,15313.170612335205
china/family/F2B,2026-03-01,15310.0,15308.348210811615
china/family/F2B,2026-04-01,15482.0,15306.995417118073
china/family/F2B,2026-05-01,15482.0,15567.17497253418
china/family/F2B,2026-06-01,15605.0,15512.28726196289
china/family/F2B,2026-07-01,15666.0,15673.591941833496
china/family/F2B,2026-08-01,15706.0,15713.190074920654
china/family/F2B,2026-09-01,16304.0,15735.170078277588
china/family/F3,2024-10-01,12874.0,12871.756891012192
china/family/F3,2024-11-01,12888.0,12869.04628944397
china/family/F3,2024-12-01,12888.0,12894.964403629303
china/family/F3,2025-01-01,12965.0,12889.536442279816
china/family/F3,2025-02-01,12965.0,13016.945320129395
china/family/F3,2025-03-01,12965.0,12975.712677955627
china/family/F3,2025-04-01,13239.0,12966.719604969025
china/family/F3,2025-05-01,13239.0,13359.420608520508
china/family/F3,2025-06-01,13321.0,13284.192325592041
china/family/F3,2025-07-01,13361.0,13350.551218032837
china/family/F3,2025-08-01,13361.0,13383.205446243286
china/family/F3,2025-09-01,13361.0,13359.754956841469
china/family/F3,2025-10-01,13399.0,13358.924152851105
china/family/F3,2025-11-01,13399.0,13419.019605636597
china/family/F3,2025-12-01,13399.0,13409.366147994995
china/family/F3,2026-01-01,13399.0,13397.213834524155
china/family/F3,2026-02-01,13399.0,13402.84394645691
china/family/F3,2026-03-01,13399.0,13396.414377212524
china/family/F3,2026-04-01,13504.0,13399.896937727928
china/family/F3,2026-05-01,13559.0,13549.656116485596
china/family/F3,2026-06-01,13559.0,13603.689105987549
china/family/F3,2026-07-01,13619.0,13565.20422077179
china/family/F3,2026-08-01,13649.0,13637.184627532959
china/family/F3,2026-09-01,14539.0,13662.467924118042
india/family/F2B,2024-10-01,15096.0,15095.04532545805
india/family/F2B,2024-11-01,15096.0,15093.628464221954
india/family/F2B,2024-12-01,15096.0,15097.768729925156
india/family/F2B,2025-01-01,15117.0,15102.509239196777
india/family/F2B,2025-02-01,15117.0,15133.022541046143
india/family/F2B,2025-03-01,15117.0,15124.656445980072
india/family/F2B,2025-04-01,15178.0,15118.503557443619
india/family/F2B,2025-05-01,15178.0,15218.896858215332
india/family/F2B,2025-06-01,15240.0,15188.152185440063
india/family/F2B,2025-07-01,15263.0,15278.912124633789
india/family/F2B,2025-08-01,15263.0,15278.006826400757
india/family/F2B,2025-09-01,15263.0,15262.667298614979
india/family/F2B,2025-10-01,15301.0,15256.05080318451
india/family/F2B,2025-11-01,15310.0,15317.540601730347
india/family/F2B,2025-12-01,15310.0,15317.746417045593
india/family/F2B,2026-01-01,15310.0,15312.226011276245
india/family/F2B,2026-02-01,15310.0,15307.238316059113
india/family/F2B,2026-03-01,15310.0,15309.600300848484
india/family/F2B,2026-04-01,15482.0,15306.398865699768
india/family/F2B,2026-05-01,15482.0,15560.935577392578
india/family/F2B,2026-06-01,15605.0,15505.61762046814
india/family/F2B,2026-07-01,15666.0,15669.746711730957
india/family/F2B,2026-08-01,15706.0,15712.888313293457
india/family/F2B,2026-09-01,16304.0,15735.37167930603
india/family/F3,2024-10-01,12874.0,12868.099332809448
india/family/F3,2024-11-01,12888.0,12867.280554771423
india/family/F3,2024-12-01,12888.0,12897.953742980957
india/family/F3,2025-01-01,12965.0,12890.196303844452
india/family/F3,2025-02-01,12965.0,13010.696128845215
india/family/F3,2025-03-01,12965.0,12982.07761001587
india/family/F3,2025-04-01,13239.0,12963.260168910027
india/family/F3,2025-05-01,13239.0,13364.681823730469
india/family/F3,2025-06-01,13321.0,13273.96329498291
india/family/F3,2025-07-01,13361.0,13356.252582550049
india/family/F3,2025-08-01,13361.0,13392.679748535156
india/family/F3,2025-09-01,13361.0,13356.204662322998
india/family/F3,2025-10-01,13399.0,13350.255151748657
india/family/F3,2025-11-01,13399.0,13417.633459091187
india/family/F3,2025-12-01,13399.0,13402.88070511818
india/family/F3,2026-01-01,13399.0,13393.122967243195
india/family/F3,2026-02-01,13399.0,13394.769804954529
india/family/F3,2026-03-01,13399.0,13386.528755187988
india/family/F3,2026-04-01,13504.0,13396.991245031357
india/family/F3,2026-05-01,13559.0,13566.20767211914
india/family/F3,2026-06-01,13559.0,13614.875549316406
india/family/F3,2026-07-01,13619.0,13555.816216945648
india/family/F3,2026-08-01,13649.0,13640.09354019165
india/family/F3,2026-09-01,14539.0,13666.325931549072
india/family/F4,2024-10-01,11382.0,11344.185605794191
india/family/F4,2024-11-01,11389.0,11403.479536056519
india/family/F4,2024-12-01,11389.0,11400.837968826294
india/family/F4,2025-01-01,11420.0,11390.44194984436
india/family/F4,2025-02-01,11420.0,11433.020765304565
india/family/F4,2025-03-01,11420.0,11422.078611373901
india/family/F4,2025-04-01,11488.0,11418.666846752167
india/family/F4,2025-05-01,11488.0,11523.101432800293
india/family/F4,2025-06-01,11488.0,11498.256973266602
india/family/F4,2025-07-01,11511.0,11487.113573729992
india/family/F4,2025-08-01,11627.0,11517.747830867767
india/family/F4,2025-09-01,11627.0,11689.644607543945
india/family/F4,2025-10-01,11627.0,11648.983669281006
india/family/F4,2025-11-01,11627.0,11620.645906448364
india/family/F4,2025-12-01,11627.0,11620.602563858032
india/family/F4,2026-01-01,11627.0,11626.418436527252
india/family/F4,2026-02-01,11627.0,11624.36037158966
india/family/F4,2026-03-01,11627.0,11624.762218952179
india/family/F4,2026-04-01,11627.0,11625.082895874977
india/family/F4,2026-05-01,11627.0,11628.926225423813
india/family/F4,2026-06-01,11627.0,11629.466196775436
india/family/F4,2026-07-01,11627.0,11630.751951694489
india/family/F4,2026-08-01,11627.0,11626.001618146896
india/family/F4,2026-09-01,11627.0,11626.134610235691
philippines/family/F1,2024-10-01,13574.0,13574.272677004337
philippines/family/F1,2024-11-01,13574.0,13574.432632803917
philippines/family/F1,2024-12-01,13574.0,13574.18429121375
philippines/family/F1,2025-01-01,13581.0,13574.382377266884
philippines/family/F1,2025-02-01,13581.0,13583.86563873291
philippines/family/F1,2025-03-01,13581.0,13582.654190421104
philippines/family/F1,2025-04-01,13710.0,13581.303050726652
philippines/family/F1,2025-05-01,13710.0,13764.333946228027
philippines/family/F1,2025-06-01,13710.0,13738.197877883911
philippines/family/F1,2025-07-01,13710.0,13708.251556396484
philippines/family/F1,2025-08-01,13710.0,13706.748837471008
philippines/family/F1,2025-09-01,13710.0,13708.010524272919
philippines/family/F1,2025-10-01,13901.0,13710.755900979042
philippines/family/F1,2025-11-01,13901.0,13991.99642944336
philippines/family/F1,2025-12-01,13901.0,13938.608684539795
philippines/family/F1,2026-01-01,13939.0,13898.532800197601
philippines/family/F1,2026-02-01,13939.0,13957.694828033447
philippines/family/F1,2026-03-01,13939.0,13938.940482974052
philippines/family/F1,2026-04-01,14000.0,13939.101543426514
philippines/family/F1,2026-05-01,14000.0,14041.751777648926
philippines/family/F1,2026-06-01,14000.0,14012.006303787231
philippines/family/F1,2026-07-01,14000.0,14006.140650749207
philippines/family/F1,2026-08-01,14000.0,14004.087042331696
philippines/family/F1,2026-09-01,14000.0,13997.64565706253
philippines/family/F2B,2024-10-01,13443.0,13443.321402728558
philippines/family/F2B,2024-11-01,13443.0,13442.860029309988
philippines/family/F2B,2024-12-01,13443.0,13443.18008877337
philippines/family/F2B,2025-01-01,13443.0,13443.156467661262
philippines/family/F2B,2025-02-01,13443.0,13443.092530734837
philippines/family/F2B,2025-03-01,13443.0,13443.227316617966
philippines/family/F2B,2025-04-01,13535.0,13443.119872488081
philippines/family/F2B,2025-05-01,13552.0,13571.16813659668
philippines/family/F2B,2025-06-01,13552.0,13579.324668884277
philippines/family/F2B,2025-07-01,13619.0,13554.020667791367
philippines/family/F2B,2025-08-01,13619.0,13651.001689910889
philippines/family/F2B,2025-09-01,13635.0,13627.967121124268
philippines/family/F2B,2025-10-01,13788.0,13643.598903656006
philippines/family/F2B,2025-11-01,13788.0,13854.889045715332
philippines/family/F2B,2025-12-01,13795.0,13813.44591331482
philippines/family/F2B,2026-01-01,13870.0,13796.382291078568
philippines/family/F2B,2026-02-01,13870.0,13904.089454650879
philippines/family/F2B,2026-03-01,13870.0,13884.242834091187
philippines/family/F2B,2026-04-01,13977.0,13867.294105291367
philippines/family/F2B,2026-05-01,13977.0,14034.771293640137
philippines/family/F2B,2026-06-01,13977.0,13994.612915039062
philippines/family/F2B,2026-07-01,14014.0,13978.282049536705
philippines/family/F2B,2026-08-01,14031.0,14033.597854614258
philippines/family/F2B,2026-09-01,14031.0,14048.65161895752
philippines/family/F4,2024-10-01,10623.0,10613.867681503296
philippines/family/F4,2024-11-01,10623.0,10617.446098804474
philippines/family/F4,2024-12-01,10623.0,10628.993977546692
philippines/family/F4,2025-01-01,10713.0,10625.891233921051
philippines/family/F4,2025-02-01,10713.0,10762.593696594238
philippines/family/F4,2025-03-01,10880.0,10736.011138916016
philippines/family/F4,2025-04-01,10958.0,10967.220169067383
philippines/family/F4,2025-05-01,11109.0,11020.06795501709
philippines/family/F4,2025-06-01,11109.0,11188.467041015625
philippines/family/F4,2025-07-01,11323.0,11128.888977050781
philippines/family/F4,2025-08-01,11323.0,11409.91438293457
philippines/family/F4,2025-09-01,11323.0,11360.41544342041
philippines/family/F4,2025-10-01,11403.0,11322.084996700287
philippines/family/F4,2025-11-01,11403.0,11423.455974578857
philippines/family/F4,2025-12-01,11518.0,11405.926834344864
philippines/family/F4,2026-01-01,11525.0,11577.386260986328
philippines/family/F4,2026-02-01,11525.0,11538.578302383423
philippines/family/F4,2026-03-01,11566.0,11520.1376953125
philippines/family/F4,2026-04-01,11719.0,11581.551950454712
philippines/family/F4,2026-05-01,11883.0,11814.527626037598
philippines/family/F4,2026-06-01,11883.0,11972.389251708984
philippines/family/F4,2026-07-01,11900.0,11898.788620948792
philippines/family/F4,2026-08-01,11900.0,11879.946308135986
philippines/family/F4,2026-09-01,11921.0,11896.24341249466
